  0
SECTION
  2
HEADER
  9
$ACADVER
  1
AC1032
  9
$ACADMAINTVER
 90
      286
  9
$DWGCODEPAGE
  3
ANSI_1252
  9
$LASTSAVEDBY
  1
tranminh
  9
$REQUIREDVERSIONS
160
                 0
  9
$INSBASE
 10
0.0
 20
0.0
 30
0.0
  9
$EXTMIN
 10
149.7929696889185
 20
-702.401447156059
 30
0.0
  9
$EXTMAX
 10
39923.69442527593
 20
15819.73872966439
 30
0.0013060615832398
  9
$LIMMIN
 10
0.0
 20
0.0
  9
$LIMMAX
 10
420.0
 20
297.0
  9
$ORTHOMODE
 70
     0
  9
$REGENMODE
 70
     1
  9
$FILLMODE
 70
     1
  9
$QTEXTMODE
 70
     0
  9
$MIRRTEXT
 70
     0
  9
$LTSCALE
 40
1.0
  9
$ATTMODE
 70
     1
  9
$TEXTSIZE
 40
2.5
  9
$TRACEWID
 40
1.0
  9
$TEXTSTYLE
  7
Standard
  9
$CLAYER
  8
0
  9
$CELTYPE
  6
ByLayer
  9
$CECOLOR
 62
   256
  9
$CELTSCALE
 40
1.0
  9
$DISPSILH
 70
     0
  9
$DIMSCALE
 40
1.0
  9
$DIMASZ
 40
2.5
  9
$DIMEXO
 40
0.625
  9
$DIMDLI
 40
3.75
  9
$DIMRND
 40
0.0
  9
$DIMDLE
 40
0.0
  9
$DIMEXE
 40
1.25
  9
$DIMTP
 40
0.0
  9
$DIMTM
 40
0.0
  9
$DIMTXT
 40
2.5
  9
$DIMCEN
 40
2.5
  9
$DIMTSZ
 40
0.0
  9
$DIMTOL
 70
     0
  9
$DIMLIM
 70
     0
  9
$DIMTIH
 70
     0
  9
$DIMTOH
 70
     0
  9
$DIMSE1
 70
     0
  9
$DIMSE2
 70
     0
  9
$DIMTAD
 70
     1
  9
$DIMZIN
 70
     8
  9
$DIMBLK
  1

  9
$DIMASO
 70
     1
  9
$DIMSHO
 70
     1
  9
$DIMPOST
  1

  9
$DIMAPOST
  1

  9
$DIMALT
 70
     0
  9
$DIMALTD
 70
     3
  9
$DIMALTF
 40
0.03937007874016
  9
$DIMLFAC
 40
1.0
  9
$DIMTOFL
 70
     1
  9
$DIMTVP
 40
0.0
  9
$DIMTIX
 70
     0
  9
$DIMSOXD
 70
     0
  9
$DIMSAH
 70
     0
  9
$DIMBLK1
  1

  9
$DIMBLK2
  1

  9
$DIMSTYLE
  2
ISO-25
  9
$DIMCLRD
 70
     0
  9
$DIMCLRE
 70
     0
  9
$DIMCLRT
 70
     0
  9
$DIMTFAC
 40
1.0
  9
$DIMGAP
 40
0.625
  9
$DIMJUST
 70
     0
  9
$DIMSD1
 70
     0
  9
$DIMSD2
 70
     0
  9
$DIMTOLJ
 70
     0
  9
$DIMTZIN
 70
     8
  9
$DIMALTZ
 70
     0
  9
$DIMALTTZ
 70
     0
  9
$DIMUPT
 70
     0
  9
$DIMDEC
 70
     2
  9
$DIMTDEC
 70
     2
  9
$DIMALTU
 70
     2
  9
$DIMALTTD
 70
     3
  9
$DIMTXSTY
  7
Standard
  9
$DIMAUNIT
 70
     0
  9
$DIMADEC
 70
     0
  9
$DIMALTRND
 40
0.0
  9
$DIMAZIN
 70
     0
  9
$DIMDSEP
 70
    44
  9
$DIMATFIT
 70
     3
  9
$DIMFRAC
 70
     0
  9
$DIMLDRBLK
  1

  9
$DIMLUNIT
 70
     2
  9
$DIMLWD
 70
    -2
  9
$DIMLWE
 70
    -2
  9
$DIMTMOVE
 70
     0
  9
$DIMFXL
 40
1.0
  9
$DIMFXLON
 70
     0
  9
$DIMJOGANG
 40
0.7853981633974483
  9
$DIMTFILL
 70
     0
  9
$DIMTFILLCLR
 70
     0
  9
$DIMARCSYM
 70
     0
  9
$DIMLTYPE
  6

  9
$DIMLTEX1
  6

  9
$DIMLTEX2
  6

  9
$DIMTXTDIRECTION
 70
     0
  9
$LUNITS
 70
     2
  9
$LUPREC
 70
     4
  9
$SKETCHINC
 40
1.0
  9
$FILLETRAD
 40
0.0
  9
$AUNITS
 70
     0
  9
$AUPREC
 70
     0
  9
$MENU
  1
.
  9
$ELEVATION
 40
0.0
  9
$PELEVATION
 40
0.0
  9
$THICKNESS
 40
0.0
  9
$LIMCHECK
 70
     0
  9
$CHAMFERA
 40
0.0
  9
$CHAMFERB
 40
0.0
  9
$CHAMFERC
 40
0.0
  9
$CHAMFERD
 40
0.0
  9
$SKPOLY
 70
     0
  9
$TDCREATE
 40
2455685.418738426
  9
$TDUCREATE
 40
2455685.127082419
  9
$TDUPDATE
 40
2461195.617129630
  9
$TDUUPDATE
 40
2461195.325462963
  9
$TDINDWG
 40
0.0016990394
  9
$TDUSRTIMER
 40
0.0016988657
  9
$USRTIMER
 70
     1
  9
$ANGBASE
 50
0.0
  9
$ANGDIR
 70
     0
  9
$PDMODE
 70
     0
  9
$PDSIZE
 40
0.0
  9
$PLINEWID
 40
0.0
  9
$SPLFRAME
 70
     0
  9
$SPLINETYPE
 70
     6
  9
$SPLINESEGS
 70
     8
  9
$HANDSEED
  5
1552
  9
$SURFTAB1
 70
     6
  9
$SURFTAB2
 70
     6
  9
$SURFTYPE
 70
     6
  9
$SURFU
 70
     6
  9
$SURFV
 70
     6
  9
$UCSBASE
  2

  9
$UCSNAME
  2

  9
$UCSORG
 10
0.0
 20
0.0
 30
0.0
  9
$UCSXDIR
 10
1.0
 20
0.0
 30
0.0
  9
$UCSYDIR
 10
0.0
 20
1.0
 30
0.0
  9
$UCSORTHOREF
  2

  9
$UCSORTHOVIEW
 70
     0
  9
$UCSORGTOP
 10
0.0
 20
0.0
 30
0.0
  9
$UCSORGBOTTOM
 10
0.0
 20
0.0
 30
0.0
  9
$UCSORGLEFT
 10
0.0
 20
0.0
 30
0.0
  9
$UCSORGRIGHT
 10
0.0
 20
0.0
 30
0.0
  9
$UCSORGFRONT
 10
0.0
 20
0.0
 30
0.0
  9
$UCSORGBACK
 10
0.0
 20
0.0
 30
0.0
  9
$PUCSBASE
  2

  9
$PUCSNAME
  2

  9
$PUCSORG
 10
0.0
 20
0.0
 30
0.0
  9
$PUCSXDIR
 10
1.0
 20
0.0
 30
0.0
  9
$PUCSYDIR
 10
0.0
 20
1.0
 30
0.0
  9
$PUCSORTHOREF
  2

  9
$PUCSORTHOVIEW
 70
     0
  9
$PUCSORGTOP
 10
0.0
 20
0.0
 30
0.0
  9
$PUCSORGBOTTOM
 10
0.0
 20
0.0
 30
0.0
  9
$PUCSORGLEFT
 10
0.0
 20
0.0
 30
0.0
  9
$PUCSORGRIGHT
 10
0.0
 20
0.0
 30
0.0
  9
$PUCSORGFRONT
 10
0.0
 20
0.0
 30
0.0
  9
$PUCSORGBACK
 10
0.0
 20
0.0
 30
0.0
  9
$USERI1
 70
     0
  9
$USERI2
 70
     0
  9
$USERI3
 70
     0
  9
$USERI4
 70
     0
  9
$USERI5
 70
     0
  9
$USERR1
 40
0.0
  9
$USERR2
 40
0.0
  9
$USERR3
 40
0.0
  9
$USERR4
 40
0.0
  9
$USERR5
 40
0.0
  9
$WORLDVIEW
 70
     1
  9
$SHADEDGE
 70
     3
  9
$SHADEDIF
 70
    70
  9
$TILEMODE
 70
     1
  9
$MAXACTVP
 70
    64
  9
$PINSBASE
 10
0.0
 20
0.0
 30
0.0
  9
$PLIMCHECK
 70
     0
  9
$PEXTMIN
 10
0.0
 20
0.0
 30
0.0
  9
$PEXTMAX
 10
0.0
 20
0.0
 30
0.0
  9
$PLIMMIN
 10
0.0
 20
0.0
  9
$PLIMMAX
 10
12.0
 20
9.0
  9
$UNITMODE
 70
     0
  9
$VISRETAIN
 70
     1
  9
$PLINEGEN
 70
     0
  9
$PSLTSCALE
 70
     1
  9
$TREEDEPTH
 70
  3020
  9
$CMLSTYLE
  2
Standard
  9
$CMLJUST
 70
     0
  9
$CMLSCALE
 40
20.0
  9
$PROXYGRAPHICS
 70
     1
  9
$MEASUREMENT
 70
     1
  9
$CELWEIGHT
370
    -1
  9
$ENDCAPS
280
     0
  9
$JOINSTYLE
280
     0
  9
$LWDISPLAY
290
     0
  9
$INSUNITS
 70
     4
  9
$HYPERLINKBASE
  1

  9
$STYLESHEET
  1

  9
$XEDIT
290
     1
  9
$CEPSNTYPE
380
     0
  9
$PSTYLEMODE
290
     1
  9
$FINGERPRINTGUID
  2
{22F9B529-A132-46DB-9F2B-DE8253C393DB}
  9
$VERSIONGUID
  2
{AB8B08F4-F486-E947-B76C-0DF5BA46F6D9}
  9
$EXTNAMES
290
     1
  9
$PSVPSCALE
 40
0.0
  9
$OLESTARTUP
290
     0
  9
$SORTENTS
280
   127
  9
$INDEXCTL
280
     0
  9
$HIDETEXT
280
     1
  9
$XCLIPFRAME
280
     0
  9
$HALOGAP
280
     0
  9
$OBSCOLOR
 70
   257
  9
$OBSLTYPE
280
     0
  9
$INTERSECTIONDISPLAY
280
     0
  9
$INTERSECTIONCOLOR
 70
   257
  9
$DIMASSOC
280
     2
  9
$PROJECTNAME
  1

  9
$CAMERADISPLAY
290
     0
  9
$LENSLENGTH
 40
50.0
  9
$CAMERAHEIGHT
 40
0.0
  9
$STEPSPERSEC
 40
2.0
  9
$STEPSIZE
 40
6.0
  9
$3DDWFPREC
 40
2.0
  9
$PSOLWIDTH
 40
5.0
  9
$PSOLHEIGHT
 40
80.0
  9
$LOFTANG1
 40
1.570796326794896
  9
$LOFTANG2
 40
1.570796326794896
  9
$LOFTMAG1
 40
0.0
  9
$LOFTMAG2
 40
0.0
  9
$LOFTPARAM
 70
     7
  9
$LOFTNORMALS
280
     1
  9
$LATITUDE
 40
37.795
  9
$LONGITUDE
 40
-122.394
  9
$NORTHDIRECTION
 40
0.0
  9
$TIMEZONE
 70
 -8000
  9
$LIGHTGLYPHDISPLAY
280
     1
  9
$TILEMODELIGHTSYNCH
280
     1
  9
$CMATERIAL
347
EC
  9
$SOLIDHIST
280
     1
  9
$SHOWHIST
280
     1
  9
$DWFFRAME
280
     2
  9
$DGNFRAME
280
     0
  9
$REALWORLDSCALE
290
     1
  9
$INTERFERECOLOR
 62
     1
  9
$INTERFEREOBJVS
345
F9
  9
$INTERFEREVPVS
346
152B
  9
$CSHADOW
280
     0
  9
$SHADOWPLANELOCATION
 40
0.0
  0
ENDSEC
  0
SECTION
  2
CLASSES
  0
CLASS
  1
ACDBDICTIONARYWDFLT
  2
AcDbDictionaryWithDefault
  3
ObjectDBX Classes
 90
        0
 91
        1
280
     0
281
     0
  0
CLASS
  1
DICTIONARYVAR
  2
AcDbDictionaryVar
  3
ObjectDBX Classes
 90
        0
 91
        9
280
     0
281
     0
  0
CLASS
  1
TABLESTYLE
  2
AcDbTableStyle
  3
ObjectDBX Classes
 90
     4095
 91
        1
280
     0
281
     0
  0
CLASS
  1
MATERIAL
  2
AcDbMaterial
  3
ObjectDBX Classes
 90
     1153
 91
        3
280
     0
281
     0
  0
CLASS
  1
VISUALSTYLE
  2
AcDbVisualStyle
  3
ObjectDBX Classes
 90
     4095
 91
       26
280
     0
281
     0
  0
CLASS
  1
SCALE
  2
AcDbScale
  3
ObjectDBX Classes
 90
     1153
 91
       33
280
     0
281
     0
  0
CLASS
  1
MLEADERSTYLE
  2
AcDbMLeaderStyle
  3
ACDB_MLEADERSTYLE_CLASS
 90
     4095
 91
        2
280
     0
281
     0
  0
CLASS
  1
CELLSTYLEMAP
  2
AcDbCellStyleMap
  3
ObjectDBX Classes
 90
     1152
 91
        2
280
     0
281
     0
  0
CLASS
  1
ACDBSECTIONVIEWSTYLE
  2
AcDbSectionViewStyle
  3
ObjectDBX Classes
 90
     1025
 91
        1
280
     0
281
     0
  0
CLASS
  1
ACDBDETAILVIEWSTYLE
  2
AcDbDetailViewStyle
  3
ObjectDBX Classes
 90
     1025
 91
        1
280
     0
281
     0
  0
ENDSEC
  0
SECTION
  2
TABLES
  0
TABLE
  2
VPORT
  5
8
330
0
100
AcDbSymbolTable
 70
     1
  0
VPORT
  5
EA
330
8
100
AcDbSymbolTableRecord
100
AcDbViewportTableRecord
  2
*Active
 70
     0
 10
0.0
 20
0.0
 11
1.0
 21
1.0
 12
13975.0049667181
 22
5346.447740864774
 13
0.0
 23
0.0
 14
10.0
 24
10.0
 15
10.0
 25
10.0
 16
0.0
 26
0.0
 36
1.0
 17
0.0
 27
0.0
 37
0.0
 40
17705.28669791618
 41
1.422271223814773
 42
50.0
 43
0.0
 44
0.0
 50
0.0
 51
0.0
 71
     0
 72
  1000
 73
     1
 74
     3
 75
     0
 76
     0
 77
     0
 78
     0
281
     0
 65
     1
110
0.0
120
0.0
130
0.0
111
1.0
121
0.0
131
0.0
112
0.0
122
1.0
132
0.0
 79
     0
146
0.0
348
F5
 60
     2
 61
     5
292
     1
282
     1
141
0.0
142
0.0
 63
   250
421
  3355443
1001
ACAD_NAV_VCDISPLAY
1070
     3
  0
ENDTAB
  0
TABLE
  2
LTYPE
  5
5
330
0
100
AcDbSymbolTable
 70
     2
  0
LTYPE
  5
14
330
5
100
AcDbSymbolTableRecord
100
AcDbLinetypeTableRecord
  2
ByBlock
 70
     0
  3

 72
    65
 73
     0
 40
0.0
  0
LTYPE
  5
15
330
5
100
AcDbSymbolTableRecord
100
AcDbLinetypeTableRecord
  2
ByLayer
 70
     0
  3

 72
    65
 73
     0
 40
0.0
  0
LTYPE
  5
16
330
5
100
AcDbSymbolTableRecord
100
AcDbLinetypeTableRecord
  2
Continuous
 70
     0
  3
Solid line
 72
    65
 73
     0
 40
0.0
  0
LTYPE
  5
E9A
330
5
100
AcDbSymbolTableRecord
100
AcDbLinetypeTableRecord
  2
DASH
 70
     0
  3
__ __ __ __ __ __ __ __ __ __ __ __ __ __ __ __
 72
    65
 73
     2
 40
0.35
 49
0.25
 74
     0
 49
-0.1
 74
     0
  0
ENDTAB
  0
TABLE
  2
LAYER
  5
2
102
{ACAD_XDICTIONARY
360
1545
102
}
330
0
100
AcDbSymbolTable
 70
    25
  0
LAYER
  5
10
102
{ACAD_XDICTIONARY
360
13C
102
}
330
2
100
AcDbSymbolTableRecord
100
AcDbLayerTableRecord
  2
0
 70
     0
 62
     7
  6
Continuous
370
    -3
390
F
347
EE
348
0
  0
LAYER
  5
E9B
102
{ACAD_XDICTIONARY
360
14FB
102
}
330
2
100
AcDbSymbolTableRecord
100
AcDbLayerTableRecord
  2
WALL
 70
     0
 62
   255
  6
Continuous
370
    -3
390
F
347
EE
348
0
  0
LAYER
  5
E9C
102
{ACAD_XDICTIONARY
360
14FD
102
}
330
2
100
AcDbSymbolTableRecord
100
AcDbLayerTableRecord
  2
WINDOW
 70
     0
 62
     2
  6
Continuous
370
    -3
390
F
347
EE
348
0
  0
LAYER
  5
E9D
102
{ACAD_XDICTIONARY
360
14FF
102
}
330
2
100
AcDbSymbolTableRecord
100
AcDbLayerTableRecord
  2
WINDOW_TEXT
 70
     0
 62
     7
  6
Continuous
370
    -3
390
F
347
EE
348
0
  0
LAYER
  5
E9E
102
{ACAD_XDICTIONARY
360
1501
102
}
330
2
100
AcDbSymbolTableRecord
100
AcDbLayerTableRecord
  2
STAIR
 70
     0
 62
     2
  6
Continuous
370
    -3
390
F
347
EE
348
0
  0
LAYER
  5
E9F
102
{ACAD_XDICTIONARY
360
1503
102
}
330
2
100
AcDbSymbolTableRecord
100
AcDbLayerTableRecord
  2
TOTHER
 70
     0
 62
     7
  6
Continuous
370
    -3
390
F
347
EE
348
0
  0
LAYER
  5
EA0
330
2
100
AcDbSymbolTableRecord
100
AcDbLayerTableRecord
  2
DEFPOINTS
 70
     0
 62
     7
  6
Continuous
290
     0
370
    -3
390
F
347
EE
348
0
  0
LAYER
  5
EA1
102
{ACAD_XDICTIONARY
360
1505
102
}
330
2
100
AcDbSymbolTableRecord
100
AcDbLayerTableRecord
  2
ZT
 70
     0
 62
     2
  6
Continuous
370
    -3
390
F
347
EE
348
0
  0
LAYER
  5
EA2
102
{ACAD_XDICTIONARY
360
1507
102
}
330
2
100
AcDbSymbolTableRecord
100
AcDbLayerTableRecord
  2
LVTRY
 70
     0
 62
     6
  6
Continuous
370
    -3
390
F
347
EE
348
0
  0
LAYER
  5
EA3
102
{ACAD_XDICTIONARY
360
1509
102
}
330
2
100
AcDbSymbolTableRecord
100
AcDbLayerTableRecord
  2
阳台
 70
     0
 62
     4
  6
Continuous
370
    -3
390
F
347
EE
348
0
1001
AcadStringInfo
1000
MIFCodePage
1070
     5
  0
LAYER
  5
EA4
102
{ACAD_XDICTIONARY
360
150B
102
}
330
2
100
AcDbSymbolTableRecord
100
AcDbLayerTableRecord
  2
PUB_DIM
 70
     0
 62
     3
  6
Continuous
370
    -3
390
F
347
EE
348
0
  0
LAYER
  5
EA5
102
{ACAD_XDICTIONARY
360
150D
102
}
330
2
100
AcDbSymbolTableRecord
100
AcDbLayerTableRecord
  2
BATH
 70
     0
 62
     5
  6
Continuous
370
    -3
390
F
347
EE
348
0
  0
LAYER
  5
EA6
102
{ACAD_XDICTIONARY
360
150F
102
}
330
2
100
AcDbSymbolTableRecord
100
AcDbLayerTableRecord
  2
填充
 70
     0
 62
     6
  6
Continuous
370
    -3
390
F
347
EE
348
0
1001
AcadStringInfo
1000
MIFCodePage
1070
     5
  0
LAYER
  5
EA7
102
{ACAD_XDICTIONARY
360
1511
102
}
330
2
100
AcDbSymbolTableRecord
100
AcDbLayerTableRecord
  2
F
 70
     0
 62
     4
  6
Continuous
370
    -3
390
F
347
EE
348
0
  0
LAYER
  5
EA8
102
{ACAD_XDICTIONARY
360
1513
102
}
330
2
100
AcDbSymbolTableRecord
100
AcDbLayerTableRecord
  2
LINE
 70
     0
 62
     3
  6
Continuous
370
    -3
390
F
347
EE
348
0
  0
LAYER
  5
EA9
102
{ACAD_XDICTIONARY
360
1515
102
}
330
2
100
AcDbSymbolTableRecord
100
AcDbLayerTableRecord
  2
TREE
 70
     0
 62
     4
  6
Continuous
370
    -3
390
F
347
EE
348
0
  0
LAYER
  5
EAA
102
{ACAD_XDICTIONARY
360
1517
102
}
330
2
100
AcDbSymbolTableRecord
100
AcDbLayerTableRecord
  2
PUB_HATCH
 70
     0
 62
     7
  6
Continuous
370
    -3
390
F
347
EE
348
0
  0
LAYER
  5
EAB
102
{ACAD_XDICTIONARY
360
1519
102
}
330
2
100
AcDbSymbolTableRecord
100
AcDbLayerTableRecord
  2
FURNETR
 70
     0
 62
     4
  6
Continuous
370
    -3
390
F
347
EE
348
0
  0
LAYER
  5
EAC
102
{ACAD_XDICTIONARY
360
151B
102
}
330
2
100
AcDbSymbolTableRecord
100
AcDbLayerTableRecord
  2
PUB_TEXT
 70
     0
 62
     7
  6
Continuous
370
    -3
390
F
347
EE
348
0
  0
LAYER
  5
EAD
102
{ACAD_XDICTIONARY
360
151D
102
}
330
2
100
AcDbSymbolTableRecord
100
AcDbLayerTableRecord
  2
JJ
 70
     0
 62
   252
  6
Continuous
370
    -3
390
F
347
EE
348
0
  0
LAYER
  5
EAE
102
{ACAD_XDICTIONARY
360
151F
102
}
330
2
100
AcDbSymbolTableRecord
100
AcDbLayerTableRecord
  2
JIAJU
 70
     0
 62
     5
  6
Continuous
370
    -3
390
F
347
EE
348
0
  0
LAYER
  5
EAF
102
{ACAD_XDICTIONARY
360
1521
102
}
330
2
100
AcDbSymbolTableRecord
100
AcDbLayerTableRecord
  2
PUB_WALL
 70
     0
 62
   255
  6
Continuous
370
    -3
390
F
347
EE
348
0
  0
LAYER
  5
EB0
102
{ACAD_XDICTIONARY
360
1523
102
}
330
2
100
AcDbSymbolTableRecord
100
AcDbLayerTableRecord
  2
AXIS
 70
     0
 62
    80
  6
Continuous
370
    -3
390
F
347
EE
348
0
  0
LAYER
  5
EB1
102
{ACAD_XDICTIONARY
360
1525
102
}
330
2
100
AcDbSymbolTableRecord
100
AcDbLayerTableRecord
  2
8
 70
     0
 62
   253
  6
Continuous
370
    -3
390
F
347
EE
348
0
  0
LAYER
  5
EB2
102
{ACAD_XDICTIONARY
360
1527
102
}
330
2
100
AcDbSymbolTableRecord
100
AcDbLayerTableRecord
  2
DOTE
 70
     0
 62
    -1
  6
Continuous
370
    -3
390
F
347
EE
348
0
  0
ENDTAB
  0
TABLE
  2
STYLE
  5
3
330
0
100
AcDbSymbolTable
 70
     5
  0
STYLE
  5
11
330
3
100
AcDbSymbolTableRecord
100
AcDbTextStyleTableRecord
  2
Standard
 70
     0
 40
0.0
 41
1.0
 50
0.0
 71
     0
 42
2.5
  3
txt
  4
gbcbig.shx
  0
STYLE
  5
132
330
3
100
AcDbSymbolTableRecord
100
AcDbTextStyleTableRecord
  2
Annotative
 70
     0
 40
0.0
 41
1.0
 50
0.0
 71
     0
 42
2.5
  3
txt.shx
  4
gbcbig.shx
1001
AcadAnnotative
1000
AnnotativeData
1002
{
1070
     1
1070
     1
1002
}
  0
STYLE
  5
EB3
330
3
100
AcDbSymbolTableRecord
100
AcDbTextStyleTableRecord
  2
SIMPLEX
 70
     0
 40
0.0
 41
1.0
 50
0.0
 71
     0
 42
0.2
  3
SIMPLEX.SHX
  4

  0
STYLE
  5
EB4
330
3
100
AcDbSymbolTableRecord
100
AcDbTextStyleTableRecord
  2
DIM_FONT
 70
     0
 40
0.0
 41
0.8
 50
0.0
 71
     0
 42
700.0
  3
SIMPLEX.shx
  4

  0
STYLE
  5
EB5
330
3
100
AcDbSymbolTableRecord
100
AcDbTextStyleTableRecord
  2
-宋体
 70
     0
 40
0.0
 41
0.8
 50
0.0
 71
     0
 42
0.2
  3
SimSun.ttf
  4

1001
ACAD
1000
SimSun
1071
    34306
1001
AcadStringInfo
1000
MIFCodePage
1070
     5
  0
ENDTAB
  0
TABLE
  2
VIEW
  5
6
330
0
100
AcDbSymbolTable
 70
     1
  0
ENDTAB
  0
TABLE
  2
UCS
  5
7
330
0
100
AcDbSymbolTable
 70
     0
  0
ENDTAB
  0
TABLE
  2
APPID
  5
9
330
0
100
AcDbSymbolTable
 70
    10
  0
APPID
  5
12
330
9
100
AcDbSymbolTableRecord
100
AcDbRegAppTableRecord
  2
ACAD
 70
     0
  0
APPID
  5
9E
330
9
100
AcDbSymbolTableRecord
100
AcDbRegAppTableRecord
  2
ACAD_PSEXT
 70
     0
  0
APPID
  5
133
330
9
100
AcDbSymbolTableRecord
100
AcDbRegAppTableRecord
  2
AcadAnnoPO
 70
     0
  0
APPID
  5
134
330
9
100
AcDbSymbolTableRecord
100
AcDbRegAppTableRecord
  2
AcadAnnotative
 70
     0
  0
APPID
  5
135
330
9
100
AcDbSymbolTableRecord
100
AcDbRegAppTableRecord
  2
ACAD_DSTYLE_DIMJAG
 70
     0
  0
APPID
  5
136
330
9
100
AcDbSymbolTableRecord
100
AcDbRegAppTableRecord
  2
ACAD_DSTYLE_DIMTALN
 70
     0
  0
APPID
  5
165
330
9
100
AcDbSymbolTableRecord
100
AcDbRegAppTableRecord
  2
ACAD_MLEADERVER
 70
     0
  0
APPID
  5
EB8
330
9
100
AcDbSymbolTableRecord
100
AcDbRegAppTableRecord
  2
WTHICK
 70
     0
  0
APPID
  5
1535
330
9
100
AcDbSymbolTableRecord
100
AcDbRegAppTableRecord
  2
AcadStringInfo
 70
     0
  0
APPID
  5
154F
330
9
100
AcDbSymbolTableRecord
100
AcDbRegAppTableRecord
  2
ACAD_NAV_VCDISPLAY
 70
     0
  0
ENDTAB
  0
TABLE
  2
DIMSTYLE
  5
A
330
0
100
AcDbSymbolTable
 70
     4
100
AcDbDimStyleTable
 71
     2
340
27
340
137
  0
DIMSTYLE
105
27
330
A
100
AcDbSymbolTableRecord
100
AcDbDimStyleTableRecord
  2
ISO-25
 70
     0
 41
2.5
 42
0.625
 43
3.75
 44
1.25
 73
     0
 74
     0
 77
     1
 78
     8
140
2.5
141
2.5
143
0.03937007874016
147
0.625
171
     3
172
     1
271
     2
272
     2
274
     3
278
    44
283
     0
284
     8
340
11
  0
DIMSTYLE
105
137
330
A
100
AcDbSymbolTableRecord
100
AcDbDimStyleTableRecord
  2
Annotative
 70
     0
 40
0.0
 41
2.5
 42
0.625
 43
3.75
 44
1.25
 73
     0
 74
     0
 77
     1
 78
     8
140
2.5
141
2.5
143
0.03937007874016
147
0.625
171
     3
172
     1
271
     2
272
     2
274
     3
278
    44
283
     0
284
     8
340
11
1001
AcadAnnotative
1000
AnnotativeData
1002
{
1070
     1
1070
     1
1002
}
1001
ACAD_DSTYLE_DIMJAG
1070
   388
1040
1.5
1001
ACAD_DSTYLE_DIMTALN
1070
   392
1070
     0
  0
DIMSTYLE
105
EB6
330
A
100
AcDbSymbolTableRecord
100
AcDbDimStyleTableRecord
  2
STANDARD
 70
     0
340
11
  0
DIMSTYLE
105
EB7
102
{ACAD_REACTORS
330
1172
330
1174
330
1191
330
1197
330
119A
330
119C
330
11A9
330
11AE
330
11E3
330
11F2
330
12E6
330
12E7
330
12EB
330
12ED
330
12EE
330
12FF
330
1343
102
}
330
A
100
AcDbSymbolTableRecord
100
AcDbDimStyleTableRecord
  2
AXIS
 70
     0
 41
1.0
 42
300.0
 43
0.0
 44
250.0
 73
     0
 74
     0
 75
     1
 76
     1
 77
     1
140
300.0
147
150.0
172
     1
174
     1
178
     7
271
     0
272
     0
279
     2
340
EB4
341
97E
342
97E
  0
ENDTAB
  0
TABLE
  2
BLOCK_RECORD
  5
1
330
0
100
AcDbSymbolTable
 70
    67
  0
BLOCK_RECORD
  5
1F
330
1
100
AcDbSymbolTableRecord
100
AcDbBlockTableRecord
  2
*Model_Space
340
22
 70
     0
280
     1
281
     0
  0
BLOCK_RECORD
  5
D2
330
1
100
AcDbSymbolTableRecord
100
AcDbBlockTableRecord
  2
*Paper_Space
340
D3
 70
     0
280
     1
281
     0
  0
BLOCK_RECORD
  5
D6
330
1
100
AcDbSymbolTableRecord
100
AcDbBlockTableRecord
  2
*Paper_Space0
340
D7
 70
     0
280
     1
281
     0
  0
BLOCK_RECORD
  5
97E
330
1
100
AcDbSymbolTableRecord
100
AcDbBlockTableRecord
  2
_DIMX
340
0
102
{BLKREFS
331
1484
331
1485
331
148C
331
148D
331
1492
331
1493
331
1499
331
149A
331
14A0
331
14A1
331
14A7
331
14A8
331
14AE
331
14AF
331
14B5
331
14B6
331
14BC
331
14BD
331
14C3
331
14C4
331
14CA
331
14CB
331
14D1
331
14D2
331
14D8
331
14D9
331
14DF
331
14E0
331
14E6
331
14E7
331
14ED
331
14EE
331
14F4
331
14F5
102
}
 70
     0
280
     1
281
     0
  0
BLOCK_RECORD
  5
983
330
1
100
AcDbSymbolTableRecord
100
AcDbBlockTableRecord
  2
M_E19
340
0
102
{BLKREFS
331
BA0
102
}
 70
     0
280
     1
281
     0
  0
BLOCK_RECORD
  5
9A7
330
1
100
AcDbSymbolTableRecord
100
AcDbBlockTableRecord
  2
M_C54TQD
340
0
102
{BLKREFS
331
B4D
102
}
 70
     0
280
     1
281
     0
  0
BLOCK_RECORD
  5
ADE
330
1
100
AcDbSymbolTableRecord
100
AcDbBlockTableRecord
  2
_WBLK
340
0
102
{BLKREFS
331
11CC
331
12DD
331
12E0
331
13AF
102
}
 70
     0
280
     1
281
     0
  0
BLOCK_RECORD
  5
AE6
330
1
100
AcDbSymbolTableRecord
100
AcDbBlockTableRecord
  2
A$C4FB049B5
340
0
102
{BLKREFS
331
13C9
331
13D4
331
13D5
331
13D6
331
13D7
102
}
 70
     0
280
     1
281
     0
  0
BLOCK_RECORD
  5
AEB
330
1
100
AcDbSymbolTableRecord
100
AcDbBlockTableRecord
  2
_LV10
340
0
102
{BLKREFS
331
AF2
102
}
 70
     0
280
     1
281
     0
  0
BLOCK_RECORD
  5
AF0
330
1
100
AcDbSymbolTableRecord
100
AcDbBlockTableRecord
  2
A$C4AEA3397
340
0
102
{BLKREFS
331
11C8
331
13AB
102
}
 70
     0
280
     1
281
     0
  0
BLOCK_RECORD
  5
AF4
330
1
100
AcDbSymbolTableRecord
100
AcDbBlockTableRecord
  2
_ARROW
340
0
102
{BLKREFS
331
DDC
331
DE5
102
}
 70
     0
280
     1
281
     0
  0
BLOCK_RECORD
  5
AF8
330
1
100
AcDbSymbolTableRecord
100
AcDbBlockTableRecord
  2
_DBLK
340
0
102
{BLKREFS
331
116D
331
1183
331
11D6
331
11D9
331
1236
331
1239
331
12B0
331
12BD
331
12C0
331
12EF
331
12F4
331
1328
331
132B
331
1390
102
}
 70
     0
280
     1
281
     0
  0
BLOCK_RECORD
  5
AFE
330
1
100
AcDbSymbolTableRecord
100
AcDbBlockTableRecord
  2
M_F13
340
0
102
{BLKREFS
331
B25
102
}
 70
     0
280
     1
281
     0
  0
BLOCK_RECORD
  5
B23
330
1
100
AcDbSymbolTableRecord
100
AcDbBlockTableRecord
  2
A$C1FA84588
340
0
102
{BLKREFS
331
B2C
102
}
 70
     0
280
     1
281
     0
  0
BLOCK_RECORD
  5
B2A
330
1
100
AcDbSymbolTableRecord
100
AcDbBlockTableRecord
  2
A$C37823D81
340
0
102
{BLKREFS
331
B3F
331
B40
331
B41
102
}
 70
     0
280
     1
281
     0
  0
BLOCK_RECORD
  5
B2E
330
1
100
AcDbSymbolTableRecord
100
AcDbBlockTableRecord
  2
A$C47F9129C
340
0
102
{BLKREFS
331
B44
102
}
 70
     0
280
     1
281
     0
  0
BLOCK_RECORD
  5
B35
330
1
100
AcDbSymbolTableRecord
100
AcDbBlockTableRecord
  2
A$C34093B97
340
0
102
{BLKREFS
331
125C
102
}
 70
     0
280
     1
281
     0
  0
BLOCK_RECORD
  5
B4B
330
1
100
AcDbSymbolTableRecord
100
AcDbBlockTableRecord
  2
A$C0B1B081E
340
0
102
{BLKREFS
331
117C
331
1203
331
120F
102
}
 70
     0
280
     1
281
     0
  0
BLOCK_RECORD
  5
B52
330
1
100
AcDbSymbolTableRecord
100
AcDbBlockTableRecord
  2
A$C49232555
340
0
102
{BLKREFS
331
11A3
331
11A7
331
1208
331
1209
331
122D
331
1243
102
}
 70
     0
280
     1
281
     0
  0
BLOCK_RECORD
  5
B59
330
1
100
AcDbSymbolTableRecord
100
AcDbBlockTableRecord
  2
M_C4
340
0
102
{BLKREFS
331
B6D
102
}
 70
     0
280
     1
281
     0
  0
BLOCK_RECORD
  5
B6B
330
1
100
AcDbSymbolTableRecord
100
AcDbBlockTableRecord
  2
A$C7C8A5B6C
340
0
102
{BLKREFS
331
11E6
102
}
 70
     0
280
     1
281
     0
  0
BLOCK_RECORD
  5
B76
330
1
100
AcDbSymbolTableRecord
100
AcDbBlockTableRecord
  2
M_E25ESP
340
0
102
{BLKREFS
331
1189
331
13B2
102
}
 70
     0
280
     1
281
     0
  0
BLOCK_RECORD
  5
B9E
330
1
100
AcDbSymbolTableRecord
100
AcDbBlockTableRecord
  2
A$C3786725B
340
0
102
{BLKREFS
331
11A8
331
1382
102
}
 70
     0
280
     1
281
     0
  0
BLOCK_RECORD
  5
BA5
330
1
100
AcDbSymbolTableRecord
100
AcDbBlockTableRecord
  2
M_E11
340
0
102
{BLKREFS
331
BC7
102
}
 70
     0
280
     1
281
     0
  0
BLOCK_RECORD
  5
BC5
330
1
100
AcDbSymbolTableRecord
100
AcDbBlockTableRecord
  2
A$C05DF5B67
340
0
102
{BLKREFS
331
1177
331
1186
331
1232
331
138E
102
}
 70
     0
280
     1
281
     0
  0
BLOCK_RECORD
  5
BCC
330
1
100
AcDbSymbolTableRecord
100
AcDbBlockTableRecord
  2
A$C7A12193D
340
0
102
{BLKREFS
331
1259
331
125B
331
1287
331
1294
102
}
 70
     0
280
     1
281
     0
  0
BLOCK_RECORD
  5
BDF
330
1
100
AcDbSymbolTableRecord
100
AcDbBlockTableRecord
  2
A$C7E780FB7
340
0
102
{BLKREFS
331
11B6
331
1245
331
124C
331
1386
102
}
 70
     0
280
     1
281
     0
  0
BLOCK_RECORD
  5
C63
330
1
100
AcDbSymbolTableRecord
100
AcDbBlockTableRecord
  2
KT
340
0
102
{BLKREFS
331
12A8
102
}
 70
     0
280
     1
281
     0
  0
BLOCK_RECORD
  5
C67
330
1
100
AcDbSymbolTableRecord
100
AcDbBlockTableRecord
  2
SHAFA5
340
0
102
{BLKREFS
331
C65
102
}
 70
     0
280
     1
281
     0
  0
BLOCK_RECORD
  5
D71
330
1
100
AcDbSymbolTableRecord
100
AcDbBlockTableRecord
  2
_C11UFW
340
0
102
{BLKREFS
331
1192
331
11F7
331
121B
331
1298
331
12A1
331
1304
331
1318
331
1346
331
1356
331
137B
102
}
 70
     0
280
     1
281
     0
  0
BLOCK_RECORD
  5
D79
330
1
100
AcDbSymbolTableRecord
100
AcDbBlockTableRecord
  2
A$C763B1DAD
340
0
102
{BLKREFS
331
122F
102
}
 70
     0
280
     1
281
     0
  0
BLOCK_RECORD
  5
D8E
330
1
100
AcDbSymbolTableRecord
100
AcDbBlockTableRecord
  2
A$C4A404C99
340
0
102
{BLKREFS
331
11FD
331
130F
102
}
 70
     0
280
     1
281
     0
  0
BLOCK_RECORD
  5
DAF
330
1
100
AcDbSymbolTableRecord
100
AcDbBlockTableRecord
  2
A$C0E797408
340
0
102
{BLKREFS
331
114C
331
114F
102
}
 70
     0
280
     1
281
     0
  0
BLOCK_RECORD
  5
DBC
330
1
100
AcDbSymbolTableRecord
100
AcDbBlockTableRecord
  2
A$C46B32834
340
0
102
{BLKREFS
331
1290
331
13BA
102
}
 70
     0
280
     1
281
     0
  0
BLOCK_RECORD
  5
DCB
330
1
100
AcDbSymbolTableRecord
100
AcDbBlockTableRecord
  2
A$C0D310AA6
340
0
102
{BLKREFS
331
1176
102
}
 70
     0
280
     1
281
     0
  0
BLOCK_RECORD
  5
13D9
330
1
100
AcDbSymbolTableRecord
100
AcDbBlockTableRecord
  2
*D50
340
0
 70
     0
280
     1
281
     0
  0
BLOCK_RECORD
  5
13E3
330
1
100
AcDbSymbolTableRecord
100
AcDbBlockTableRecord
  2
*D51
340
0
 70
     0
280
     1
281
     0
  0
BLOCK_RECORD
  5
13ED
330
1
100
AcDbSymbolTableRecord
100
AcDbBlockTableRecord
  2
*D52
340
0
 70
     0
280
     1
281
     0
  0
BLOCK_RECORD
  5
13F7
330
1
100
AcDbSymbolTableRecord
100
AcDbBlockTableRecord
  2
*D53
340
0
 70
     0
280
     1
281
     0
  0
BLOCK_RECORD
  5
1401
330
1
100
AcDbSymbolTableRecord
100
AcDbBlockTableRecord
  2
*D54
340
0
 70
     0
280
     1
281
     0
  0
BLOCK_RECORD
  5
140B
330
1
100
AcDbSymbolTableRecord
100
AcDbBlockTableRecord
  2
*D55
340
0
 70
     0
280
     1
281
     0
  0
BLOCK_RECORD
  5
1415
330
1
100
AcDbSymbolTableRecord
100
AcDbBlockTableRecord
  2
*D56
340
0
 70
     0
280
     1
281
     0
  0
BLOCK_RECORD
  5
141F
330
1
100
AcDbSymbolTableRecord
100
AcDbBlockTableRecord
  2
*D57
340
0
 70
     0
280
     1
281
     0
  0
BLOCK_RECORD
  5
1429
330
1
100
AcDbSymbolTableRecord
100
AcDbBlockTableRecord
  2
*D58
340
0
 70
     0
280
     1
281
     0
  0
BLOCK_RECORD
  5
1433
330
1
100
AcDbSymbolTableRecord
100
AcDbBlockTableRecord
  2
*D59
340
0
 70
     0
280
     1
281
     0
  0
BLOCK_RECORD
  5
143D
330
1
100
AcDbSymbolTableRecord
100
AcDbBlockTableRecord
  2
*D60
340
0
 70
     0
280
     1
281
     0
  0
BLOCK_RECORD
  5
1447
330
1
100
AcDbSymbolTableRecord
100
AcDbBlockTableRecord
  2
*D61
340
0
 70
     0
280
     1
281
     0
  0
BLOCK_RECORD
  5
1451
330
1
100
AcDbSymbolTableRecord
100
AcDbBlockTableRecord
  2
*D62
340
0
 70
     0
280
     1
281
     0
  0
BLOCK_RECORD
  5
145B
330
1
100
AcDbSymbolTableRecord
100
AcDbBlockTableRecord
  2
*D63
340
0
 70
     0
280
     1
281
     0
  0
BLOCK_RECORD
  5
1465
330
1
100
AcDbSymbolTableRecord
100
AcDbBlockTableRecord
  2
*D64
340
0
 70
     0
280
     1
281
     0
  0
BLOCK_RECORD
  5
146F
330
1
100
AcDbSymbolTableRecord
100
AcDbBlockTableRecord
  2
*D65
340
0
 70
     0
280
     1
281
     0
  0
BLOCK_RECORD
  5
1479
330
1
100
AcDbSymbolTableRecord
100
AcDbBlockTableRecord
  2
*D66
340
0
 70
     0
280
     1
281
     0
  0
ENDTAB
  0
ENDSEC
  0
SECTION
  2
BLOCKS
  0
BLOCK
  5
20
330
1F
100
AcDbEntity
  8
0
100
AcDbBlockBegin
  2
*Model_Space
 70
     0
 10
0.0
 20
0.0
 30
0.0
  3
*Model_Space
  1

  0
ENDBLK
  5
21
330
1F
100
AcDbEntity
  8
0
100
AcDbBlockEnd
  0
BLOCK
  5
D4
330
D2
100
AcDbEntity
 67
     1
  8
0
100
AcDbBlockBegin
  2
*Paper_Space
 70
     0
 10
0.0
 20
0.0
 30
0.0
  3
*Paper_Space
  1

  0
ENDBLK
  5
D5
330
D2
100
AcDbEntity
 67
     1
  8
0
100
AcDbBlockEnd
  0
BLOCK
  5
D8
330
D6
100
AcDbEntity
 67
     1
  8
0
100
AcDbBlockBegin
  2
*Paper_Space0
 70
     0
 10
0.0
 20
0.0
 30
0.0
  3
*Paper_Space0
  1

  0
ENDBLK
  5
D9
330
D6
100
AcDbEntity
 67
     1
  8
0
100
AcDbBlockEnd
  0
BLOCK
  5
97F
330
97E
100
AcDbEntity
  8
0
100
AcDbBlockBegin
  2
_DIMX
 70
     0
 10
0.0
 20
0.0
 30
0.0
  3
_DIMX
  1

  0
LINE
  5
980
330
97E
100
AcDbEntity
  8
0
100
AcDbLine
 10
-150.0
 20
0.0
 30
0.0
 11
150.0
 21
0.0
 31
0.0
  0
LWPOLYLINE
  5
981
330
97E
100
AcDbEntity
  8
0
100
AcDbPolyline
 90
        2
 70
     0
 43
50.0
 10
-70.0
 20
-70.0
 10
70.0
 20
70.0
  0
ENDBLK
  5
982
330
97E
100
AcDbEntity
  8
0
100
AcDbBlockEnd
  0
BLOCK
  5
984
330
983
100
AcDbEntity
  8
0
100
AcDbBlockBegin
  2
M_E19
 70
     2
 10
0.0
 20
0.0
 30
0.0
  3
M_E19
  1

  0
LINE
  5
985
330
983
100
AcDbEntity
  8
0
100
AcDbLine
 10
192.5892242108566
 20
-431.529957923165
 30
0.0
 11
192.5892242108566
 21
-448.1502087175995
 31
0.0
  0
LINE
  5
986
330
983
100
AcDbEntity
  8
0
100
AcDbLine
 10
192.5892242108566
 20
-448.1502087175995
 30
0.0
 11
257.2576337423125
 21
-448.1502087175995
 31
0.0
  0
LINE
  5
987
330
983
100
AcDbEntity
  8
0
100
AcDbLine
 10
257.2576337423125
 20
-448.1502087175995
 30
0.0
 11
257.2576337423125
 21
-431.529957923165
 31
0.0
  0
LINE
  5
988
330
983
100
AcDbEntity
  8
0
100
AcDbLine
 10
257.2576337423125
 20
-431.529957923165
 30
0.0
 11
192.5892242108566
 21
-431.529957923165
 31
0.0
  0
LWPOLYLINE
  5
989
330
983
100
AcDbEntity
  8
0
100
AcDbPolyline
 90
        4
 70
     0
 43
0.0
 10
257.2576337423125
 20
-442.8710443965647
 42
0.0087359414318704
 10
260.4653804068184
 20
-442.1031768143438
 42
0.0762761895456294
 10
271.9854602966916
 20
-437.168794277466
 42
0.2590339714204861
 10
273.8862447330866
 20
-433.7459913624225
 42
0.2590339714206403
  0
LWPOLYLINE
  5
98A
330
983
100
AcDbEntity
  8
0
100
AcDbPolyline
 90
       11
 70
     0
 43
0.0
 10
273.8862447330866
 20
-433.7459913624225
 42
0.2590339714206403
 10
271.9854602966898
 20
-430.323188447377
 42
0.0762761895455676
 10
260.4653804068184
 20
-425.3888059105011
 42
0.0365148199121137
 10
246.9170899414657
 20
-422.9313783813304
 42
0.026614996038891
 10
228.0645477315738
 20
-421.9271463530458
 42
0.026614996038891
 10
209.2120055216838
 20
-422.9313783813304
 42
0.0365148199121137
 10
195.6637150563292
 20
-425.3888059105011
 42
0.0762761895455752
 10
184.1436351664561
 20
-430.3231884473789
 42
0.2590339714203898
 10
182.2428507300628
 20
-433.7459913624225
 42
0.2590339714202164
 10
184.1436351664561
 20
-437.168794277466
 42
0.056762457430155
 10
192.5892242108566
 20
-441.1814099271141
 42
0.0365148199120382
  0
LINE
  5
98B
330
983
100
AcDbEntity
  8
0
100
AcDbLine
 10
273.8862447330866
 20
-423.2301448980451
 30
0.0
 11
273.8862447330866
 21
-433.7459913624225
 31
0.0
  0
LWPOLYLINE
  5
98C
330
983
100
AcDbEntity
  8
0
100
AcDbPolyline
 90
       10
 70
     0
 43
0.0
 10
273.8862447330866
 20
-423.2301448980451
 42
0.2590339714206403
 10
271.9854602966898
 20
-419.8073419829998
 42
0.0762761895455676
 10
260.4653804068184
 20
-414.8729594461237
 42
0.0365148199121137
 10
246.9170899414657
 20
-412.415531916953
 42
0.026614996038891
 10
228.0645477315738
 20
-411.4112998886684
 42
0.026614996038891
 10
209.2120055216838
 20
-412.415531916953
 42
0.0365148199121137
 10
195.6637150563292
 20
-414.8729594461237
 42
0.0762761895455752
 10
184.1436351664561
 20
-419.8073419830016
 42
0.2590339714203898
 10
182.2428507300628
 20
-423.2301448980451
 42
0.0784621676306809
 10
182.4390142339052
 20
-424.472500711332
 42
0.056762457430155
  0
LINE
  5
98D
330
983
100
AcDbEntity
  8
0
100
AcDbLine
 10
182.1243899021083
 20
-422.0538412102414
 30
0.0
 11
182.242894730869
 21
-433.7648284342212
 31
0.0
  0
LINE
  5
98E
330
983
100
AcDbEntity
  8
0
100
AcDbLine
 10
-290.8727731544659
 20
-422.0538412102414
 30
0.0
 11
-290.7542683257052
 21
-433.7648284342212
 31
0.0
  0
LWPOLYLINE
  5
98F
330
983
100
AcDbEntity
  8
0
100
AcDbPolyline
 90
       10
 70
     0
 43
0.0
 10
-199.1109183234875
 20
-423.2301448980451
 42
0.2590339714206403
 10
-201.0117027598844
 20
-419.8073419829998
 42
0.0762761895455676
 10
-212.5317826497558
 20
-414.8729594461237
 42
0.0365148199121137
 10
-226.0800731151085
 20
-412.415531916953
 42
0.026614996038891
 10
-244.9326153250004
 20
-411.4112998886684
 42
0.026614996038891
 10
-263.7851575348904
 20
-412.415531916953
 42
0.0365148199121137
 10
-277.333448000245
 20
-414.8729594461237
 42
0.0762761895455752
 10
-288.8535278901181
 20
-419.8073419830016
 42
0.2590339714203898
 10
-290.7543123265114
 20
-423.2301448980451
 42
0.0784621676306809
 10
-290.5581488226689
 20
-424.472500711332
 42
0.056762457430155
  0
LINE
  5
990
330
983
100
AcDbEntity
  8
0
100
AcDbLine
 10
-199.1109183234875
 20
-423.2301448980451
 30
0.0
 11
-199.1109183234875
 21
-433.7459913624225
 31
0.0
  0
LWPOLYLINE
  5
991
330
983
100
AcDbEntity
  8
0
100
AcDbPolyline
 90
       11
 70
     0
 43
0.0
 10
-199.1109183234875
 20
-433.7459913624225
 42
0.2590339714206403
 10
-201.0117027598844
 20
-430.323188447377
 42
0.0762761895455676
 10
-212.5317826497558
 20
-425.3888059105011
 42
0.0365148199121137
 10
-226.0800731151085
 20
-422.9313783813304
 42
0.026614996038891
 10
-244.9326153250004
 20
-421.9271463530458
 42
0.026614996038891
 10
-263.7851575348904
 20
-422.9313783813304
 42
0.0365148199121137
 10
-277.333448000245
 20
-425.3888059105011
 42
0.0762761895455752
 10
-288.8535278901181
 20
-430.3231884473789
 42
0.2590339714203898
 10
-290.7543123265114
 20
-433.7459913624225
 42
0.2590339714202164
 10
-288.8535278901181
 20
-437.168794277466
 42
0.056762457430155
 10
-280.4079388457176
 20
-441.1814099271141
 42
0.0365148199120382
  0
LWPOLYLINE
  5
992
330
983
100
AcDbEntity
  8
0
100
AcDbPolyline
 90
        4
 70
     0
 43
0.0
 10
-215.7395293142617
 20
-442.8710443965647
 42
0.0087359414318704
 10
-212.5317826497558
 20
-442.1031768143438
 42
0.0762761895456294
 10
-201.0117027598826
 20
-437.168794277466
 42
0.2590339714204861
 10
-199.1109183234875
 20
-433.7459913624225
 42
0.2590339714206403
  0
LINE
  5
993
330
983
100
AcDbEntity
  8
0
100
AcDbLine
 10
-215.7395293142617
 20
-431.529957923165
 30
0.0
 11
-280.4079388457176
 21
-431.529957923165
 31
0.0
  0
LINE
  5
994
330
983
100
AcDbEntity
  8
0
100
AcDbLine
 10
-215.7395293142617
 20
-448.1502087175995
 30
0.0
 11
-215.7395293142617
 21
-431.529957923165
 31
0.0
  0
LINE
  5
995
330
983
100
AcDbEntity
  8
0
100
AcDbLine
 10
-280.4079388457176
 20
-448.1502087175995
 30
0.0
 11
-215.7395293142617
 21
-448.1502087175995
 31
0.0
  0
LINE
  5
996
330
983
100
AcDbEntity
  8
0
100
AcDbLine
 10
-280.4079388457176
 20
-431.529957923165
 30
0.0
 11
-280.4079388457176
 21
-448.1502087175995
 31
0.0
  0
CIRCLE
  5
997
330
983
100
AcDbEntity
  8
TOTHER
  6
Continuous
100
AcDbCircle
 10
-158.4251782181381
 20
-258.5454277157623
 30
0.0
 40
82.49649810437039
  0
CIRCLE
  5
998
330
983
100
AcDbEntity
  8
TOTHER
  6
Continuous
100
AcDbCircle
 10
134.2080471712033
 20
-258.5454277157623
 30
0.0
 40
82.49649810437039
  0
LINE
  5
999
330
983
100
AcDbEntity
  8
0
100
AcDbLine
 10
-323.4721442604386
 20
-113.0917068321123
 30
0.0
 11
-323.4721442604386
 21
-455.5369868484595
 31
0.0
  0
LINE
  5
99A
330
983
100
AcDbEntity
  8
0
100
AcDbLine
 10
-323.4721442604386
 20
-455.5369868484595
 30
0.0
 11
299.3016935963606
 21
-455.5369868484576
 31
0.0
  0
LINE
  5
99B
330
983
100
AcDbEntity
  8
0
100
AcDbLine
 10
299.3016935963606
 20
-455.5369868484576
 30
0.0
 11
299.3016935963606
 21
-113.0917068321123
 31
0.0
  0
LINE
  5
99C
330
983
100
AcDbEntity
  8
0
100
AcDbLine
 10
299.3016935963606
 20
-113.0917068321123
 30
0.0
 11
-323.4721442604386
 21
-113.0917068321123
 31
0.0
  0
LINE
  5
99D
330
983
100
AcDbEntity
  8
0
100
AcDbLine
 10
-323.4721442604386
 20
-399.8415116642318
 30
0.0
 11
299.3016935963606
 21
-399.8415116642318
 31
0.0
  0
CIRCLE
  5
99E
330
983
100
AcDbEntity
  8
TOTHER
  6
Continuous
100
AcDbCircle
 10
134.2080471712033
 20
-258.5454277157623
 30
0.0
 40
31.6309469674834
  0
CIRCLE
  5
99F
330
983
100
AcDbEntity
  8
TOTHER
  6
Continuous
100
AcDbCircle
 10
-158.4251782181381
 20
-258.5454277157623
 30
0.0
 40
31.6309469674834
  0
LINE
  5
9A0
330
983
100
AcDbEntity
  8
TOTHER
  6
Continuous
100
AcDbLine
 10
-350.0
 20
0.0
 30
0.0
 11
350.0
 21
0.0
 31
0.0
  0
LINE
  5
9A1
330
983
100
AcDbEntity
  8
TOTHER
  6
Continuous
100
AcDbLine
 10
350.0
 20
0.0
 30
0.0
 11
350.0
 21
-500.0
 31
0.0
  0
LINE
  5
9A2
330
983
100
AcDbEntity
  8
TOTHER
  6
Continuous
100
AcDbLine
 10
350.0
 20
-500.0
 30
0.0
 11
-350.0
 21
-500.0
 31
0.0
  0
LINE
  5
9A3
330
983
100
AcDbEntity
  8
TOTHER
  6
Continuous
100
AcDbLine
 10
-350.0
 20
-500.0
 30
0.0
 11
-350.0
 21
0.0
 31
0.0
  0
ATTDEF
  5
9A4
330
983
100
AcDbEntity
  8
0
100
AcDbText
 10
0.0
 20
0.0
 30
0.0
 40
0.5
  1
700
 41
0.8
100
AcDbAttributeDefinition
280
     0
  3
XSIZE
  2
XSIZE
 70
     9
280
     0
  0
ATTDEF
  5
9A5
330
983
100
AcDbEntity
  8
0
100
AcDbText
 10
0.0
 20
0.0
 30
0.0
 40
0.5
  1
500
 41
0.8
100
AcDbAttributeDefinition
280
     0
  3
YSIZE
  2
YSIZE
 70
     9
280
     0
  0
ENDBLK
  5
9A6
330
983
100
AcDbEntity
  8
0
100
AcDbBlockEnd
  0
BLOCK
  5
9A8
330
9A7
100
AcDbEntity
  8
0
100
AcDbBlockBegin
  2
M_C54TQD
 70
     2
 10
0.0
 20
0.0
 30
0.0
  3
M_C54TQD
  1

  0
ATTDEF
  5
9A9
330
9A7
100
AcDbEntity
  8
0
100
AcDbText
 10
0.0
 20
0.0
 30
0.0
 40
0.5
  1
1500
 41
0.8
  7
DIM_FONT
100
AcDbAttributeDefinition
280
     0
  3
XSIZE
  2
XSIZE
 70
     9
280
     0
  0
ATTDEF
  5
9AA
330
9A7
100
AcDbEntity
  8
0
100
AcDbText
 10
0.0
 20
0.0
 30
0.0
 40
0.5
  1
2000
 41
0.8
  7
DIM_FONT
100
AcDbAttributeDefinition
280
     0
  3
YSIZE
  2
YSIZE
 70
     9
280
     0
  0
LWPOLYLINE
  5
9AB
330
9A7
100
AcDbEntity
  8
0
100
AcDbPolyline
 90
        4
 70
     1
 43
0.0
 10
0.0
 20
-2000.0
 10
0.0
 20
0.0
 10
1500.0
 20
0.0
 10
1500.0
 20
-2000.0
  0
LINE
  5
9AC
330
9A7
100
AcDbEntity
  8
0
100
AcDbLine
 10
25.81707532191649
 20
-508.5309666635002
 30
0.0
 11
25.81707532354631
 21
-1967.83045325207
 31
0.0
  0
LINE
  5
9AD
330
9A7
100
AcDbEntity
  8
0
100
AcDbLine
 10
1471.571529761888
 20
-1967.830453251838
 30
0.0
 11
1471.571529761888
 21
-915.9286437098636
 31
0.0
  0
LINE
  5
9AE
330
9A7
100
AcDbEntity
  8
0
100
AcDbLine
 10
368.977387327468
 20
-1593.453046087059
 30
0.0
 11
324.2529505379498
 21
-1645.023484812816
 31
0.0
  0
LINE
  5
9AF
330
9A7
100
AcDbEntity
  8
0
100
AcDbLine
 10
324.2529505379498
 20
-1645.023484812816
 30
0.0
 11
255.4458232410252
 21
-1552.196723353932
 31
0.0
  0
LINE
  5
9B0
330
9A7
100
AcDbEntity
  8
0
100
AcDbLine
 10
698.3876391793601
 20
-1472.359672029037
 30
0.0
 11
623.2731592210475
 21
-1602.733589553973
 31
0.0
  0
LINE
  5
9B1
330
9A7
100
AcDbEntity
  8
0
100
AcDbLine
 10
548.1586792629677
 20
-1616.561117701349
 30
0.0
 11
528.3918655531015
 21
-1559.275664124638
 31
0.0
  0
POLYLINE
  5
9B2
330
9A7
100
AcDbEntity
  8
0
100
AcDb2dPolyline
 66
     1
 10
0.0
 20
0.0
 30
0.0
 70
     3
  0
VERTEX
  5
9B3
330
9B2
100
AcDbEntity
  8
0
100
AcDbVertex
100
AcDb2dVertex
 10
58.13472162233665
 20
-1583.152987174108
 30
0.0
 42
0.1013919190942201
  0
VERTEX
  5
9B4
330
9B2
100
AcDbEntity
  8
0
100
AcDbVertex
100
AcDb2dVertex
 10
39.50652894447557
 20
-1559.234586530481
 30
0.0
 42
-0.2237680032509501
 70
     1
  0
VERTEX
  5
9B5
330
9B2
100
AcDbEntity
  8
0
100
AcDbVertex
100
AcDb2dVertex
 10
33.63892572536133
 20
-1546.218089336646
 30
0.0
 42
-0.2555795284433636
  0
VERTEX
  5
9B6
330
9B2
100
AcDbEntity
  8
0
100
AcDbVertex
100
AcDb2dVertex
 10
36.39313040487468
 20
-1541.376663566218
 30
0.0
 42
-0.0815627085866008
 70
     1
  0
VERTEX
  5
9B7
330
9B2
100
AcDbEntity
  8
0
100
AcDbVertex
100
AcDb2dVertex
 10
51.64504933147691
 20
-1535.100866504712
 30
0.0
 42
-0.0718052271760612
  0
VERTEX
  5
9B8
330
9B2
100
AcDbEntity
  8
0
100
AcDbVertex
100
AcDb2dVertex
 10
68.69275314197875
 20
-1533.661523332354
 30
0.0
 42
0.0699853129919421
 70
     1
  0
VERTEX
  5
9B9
330
9B2
100
AcDbEntity
  8
0
100
AcDbVertex
100
AcDb2dVertex
 10
86.1845112729352
 20
-1532.248469445971
 30
0.0
 42
0.0354599108751823
  0
VERTEX
  5
9BA
330
9B2
100
AcDbEntity
  8
0
100
AcDbVertex
100
AcDb2dVertex
 10
144.5297128919046
 20
-1514.75857928826
 30
0.0
 42
0.0294323486893013
 70
     1
  0
VERTEX
  5
9BB
330
9B2
100
AcDbEntity
  8
0
100
AcDbVertex
100
AcDb2dVertex
 10
211.4805883753579
 20
-1484.781453064643
 30
0.0
 42
0.0015539306784282
  0
VERTEX
  5
9BC
330
9B2
100
AcDbEntity
  8
0
100
AcDbVertex
100
AcDb2dVertex
 10
243.6197459157556
 20
-1467.929371439502
 30
0.0
 42
-0.0015200045161783
 70
     1
  0
VERTEX
  5
9BD
330
9B2
100
AcDbEntity
  8
0
100
AcDbVertex
100
AcDb2dVertex
 10
276.4750698423013
 20
-1450.698927546618
 30
0.0
 42
-0.004735139452577
  0
VERTEX
  5
9BE
330
9B2
100
AcDbEntity
  8
0
100
AcDbVertex
100
AcDb2dVertex
 10
310.5137885496952
 20
-1433.387308924691
 30
0.0
 42
0.0038204816556974
 70
     1
  0
VERTEX
  5
9BF
330
9B2
100
AcDbEntity
  8
0
100
AcDbVertex
100
AcDb2dVertex
 10
352.7405321199913
 20
-1412.008509248728
 30
0.0
 42
0.2960011448983662
  0
VERTEX
  5
9C0
330
9B2
100
AcDbEntity
  8
0
100
AcDbVertex
100
AcDb2dVertex
 10
372.1044370702002
 20
-1378.10416726314
 30
0.0
 42
-0.6497743301907088
 70
     1
  0
VERTEX
  5
9C1
330
9B2
100
AcDbEntity
  8
0
100
AcDbVertex
100
AcDb2dVertex
 10
392.7877194753382
 20
-1367.467129011638
 30
0.0
 42
-0.0231899331533064
  0
VERTEX
  5
9C2
330
9B2
100
AcDbEntity
  8
0
100
AcDbVertex
100
AcDb2dVertex
 10
397.6280315041076
 20
-1371.745035845088
 30
0.0
 42
0.0288000585939381
 70
     1
  0
VERTEX
  5
9C3
330
9B2
100
AcDbEntity
  8
0
100
AcDbVertex
100
AcDb2dVertex
 10
401.564996415982
 20
-1375.146700252313
 30
0.0
 42
0.0057266574220755
  0
VERTEX
  5
9C4
330
9B2
100
AcDbEntity
  8
0
100
AcDbVertex
100
AcDb2dVertex
 10
408.5744758499786
 20
-1380.404311201884
 30
0.0
 42
-0.0043580803065144
 70
     1
  0
VERTEX
  5
9C5
330
9B2
100
AcDbEntity
  8
0
100
AcDbVertex
100
AcDb2dVertex
 10
417.8039045564364
 20
-1387.287649516016
 30
0.0
 42
-0.0275279624241201
  0
VERTEX
  5
9C6
330
9B2
100
AcDbEntity
  8
0
100
AcDbVertex
100
AcDb2dVertex
 10
436.0464629260823
 20
-1402.796145362314
 30
0.0
 42
-0.0462141911587343
 70
     1
  0
VERTEX
  5
9C7
330
9B2
100
AcDbEntity
  8
0
100
AcDbVertex
100
AcDb2dVertex
 10
445.4511556827928
 20
-1413.544502137112
 30
0.0
 42
-0.194121097555792
  0
VERTEX
  5
9C8
330
9B2
100
AcDbEntity
  8
0
100
AcDbVertex
100
AcDb2dVertex
 10
449.5192762336228
 20
-1429.955747354426
 30
0.0
 42
0.1337189327007904
 70
     1
  0
VERTEX
  5
9C9
330
9B2
100
AcDbEntity
  8
0
100
AcDbVertex
100
AcDb2dVertex
 10
452.5300568193197
 20
-1453.843785754172
 30
0.0
 42
0.0115049885239622
  0
VERTEX
  5
9CA
330
9B2
100
AcDbEntity
  8
0
100
AcDbVertex
100
AcDb2dVertex
 10
471.1510833646171
 20
-1496.194292383734
 30
0.0
 42
0.0088817836259535
 70
     1
  0
VERTEX
  5
9CB
330
9B2
100
AcDbEntity
  8
0
100
AcDbVertex
100
AcDb2dVertex
 10
497.4863913217559
 20
-1550.021231578546
 30
0.0
 42
0.0124257131937093
  0
VERTEX
  5
9CC
330
9B2
100
AcDbEntity
  8
0
100
AcDbVertex
100
AcDb2dVertex
 10
534.6168163891416
 20
-1618.372365437332
 30
0.0
 42
-0.0336123700455677
 70
     1
  0
VERTEX
  5
9CD
330
9B2
100
AcDbEntity
  8
0
100
AcDbVertex
100
AcDb2dVertex
 10
547.2733422871678
 20
-1644.223848813679
 30
0.0
  0
VERTEX
  5
9CE
330
9B2
100
AcDbEntity
  8
0
100
AcDbVertex
100
AcDb2dVertex
 10
570.2964757324662
 20
-1700.540598565829
 30
0.0
  0
VERTEX
  5
9CF
330
9B2
100
AcDbEntity
  8
0
100
AcDbVertex
100
AcDb2dVertex
 10
588.0571801417972
 20
-1743.984951960272
 30
0.0
 42
0.2243410718216135
  0
VERTEX
  5
9D0
330
9B2
100
AcDbEntity
  8
0
100
AcDbVertex
100
AcDb2dVertex
 10
602.585114652058
 20
-1757.285988330492
 30
0.0
 42
-0.722771522499555
 70
     1
  0
VERTEX
  5
9D1
330
9B2
100
AcDbEntity
  8
0
100
AcDbVertex
100
AcDb2dVertex
 10
602.7547089883592
 20
-1766.146016167477
 30
0.0
 42
-0.1035130412990579
  0
VERTEX
  5
9D2
330
9B2
100
AcDbEntity
  8
0
100
AcDbVertex
100
AcDb2dVertex
 10
599.0172203551046
 20
-1766.642068473855
 30
0.0
 42
0.0534647381238438
 70
     1
  0
VERTEX
  5
9D3
330
9B2
100
AcDbEntity
  8
0
100
AcDbVertex
100
AcDb2dVertex
 10
591.778178574983
 20
-1766.87733775645
 30
0.0
 42
0.0301092765793074
  0
VERTEX
  5
9D4
330
9B2
100
AcDbEntity
  8
0
100
AcDbVertex
100
AcDb2dVertex
 10
568.7220152600202
 20
-1771.539454950951
 30
0.0
 42
-0.0314364773003218
 70
     1
  0
VERTEX
  5
9D5
330
9B2
100
AcDbEntity
  8
0
100
AcDbVertex
100
AcDb2dVertex
 10
546.625681511592
 20
-1775.946527513326
 30
0.0
 42
-0.0532399643574459
  0
VERTEX
  5
9D6
330
9B2
100
AcDbEntity
  8
0
100
AcDbVertex
100
AcDb2dVertex
 10
531.5061410476919
 20
-1776.364433890325
 30
0.0
 42
0.0551795226477933
 70
     1
  0
VERTEX
  5
9D7
330
9B2
100
AcDbEntity
  8
0
100
AcDbVertex
100
AcDb2dVertex
 10
516.9166619062889
 20
-1776.824167168699
 30
0.0
 42
0.0562710074868784
  0
VERTEX
  5
9D8
330
9B2
100
AcDbEntity
  8
0
100
AcDbVertex
100
AcDb2dVertex
 10
491.602710487321
 20
-1783.400484463316
 30
0.0
 42
0.0108003175969269
 70
     1
  0
VERTEX
  5
9D9
330
9B2
100
AcDbEntity
  8
0
100
AcDbVertex
100
AcDb2dVertex
 10
365.8583998028189
 20
-1834.823151849559
 30
0.0
 42
0.0045599242865635
  0
VERTEX
  5
9DA
330
9B2
100
AcDbEntity
  8
0
100
AcDbVertex
100
AcDb2dVertex
 10
280.9774346444756
 20
-1872.61819007888
 30
0.0
 42
0.0112502049699783
 70
     1
  0
VERTEX
  5
9DB
330
9B2
100
AcDbEntity
  8
0
100
AcDbVertex
100
AcDb2dVertex
 10
247.0714551992714
 20
-1889.01896651613
 30
0.0
 42
0.0693939607328312
  0
VERTEX
  5
9DC
330
9B2
100
AcDbEntity
  8
0
100
AcDbVertex
100
AcDb2dVertex
 10
229.1588344399352
 20
-1901.581113359076
 30
0.0
 42
-0.0797562568819131
 70
     1
  0
VERTEX
  5
9DD
330
9B2
100
AcDbEntity
  8
0
100
AcDbVertex
100
AcDb2dVertex
 10
213.3272498133592
 20
-1912.203934125835
 30
0.0
 42
-0.1063994932269791
  0
VERTEX
  5
9DE
330
9B2
100
AcDbEntity
  8
0
100
AcDbVertex
100
AcDb2dVertex
 10
198.8538511942606
 20
-1915.437612356851
 30
0.0
 42
-0.3286420819917078
 70
     1
  0
VERTEX
  5
9DF
330
9B2
100
AcDbEntity
  8
0
100
AcDbVertex
100
AcDb2dVertex
 10
194.5947606211993
 20
-1912.350252192235
 30
0.0
 42
-0.2995467624749613
  0
VERTEX
  5
9E0
330
9B2
100
AcDbEntity
  8
0
100
AcDbVertex
100
AcDb2dVertex
 10
196.464941778453
 20
-1905.685310124536
 30
0.0
 42
0.1899166392732897
 70
     1
  0
VERTEX
  5
9E1
330
9B2
100
AcDbEntity
  8
0
100
AcDbVertex
100
AcDb2dVertex
 10
201.2611352659296
 20
-1896.479059664067
 30
0.0
 42
0.0335175224208069
  0
VERTEX
  5
9E2
330
9B2
100
AcDbEntity
  8
0
100
AcDbVertex
100
AcDb2dVertex
 10
201.6526498869061
 20
-1886.156726935762
 30
0.0
 42
0.0756271031388586
 70
     1
  0
VERTEX
  5
9E3
330
9B2
100
AcDbEntity
  8
0
100
AcDbVertex
100
AcDb2dVertex
 10
200.8289744397625
 20
-1881.631977088749
 30
0.0
 42
0.0534886286392459
  0
VERTEX
  5
9E4
330
9B2
100
AcDbEntity
  8
0
100
AcDbVertex
100
AcDb2dVertex
 10
197.2694064734969
 20
-1874.029762269463
 30
0.0
 42
0.0178378667503755
 70
     1
  0
VERTEX
  5
9E5
330
9B2
100
AcDbEntity
  8
0
100
AcDbVertex
100
AcDb2dVertex
 10
183.5004308565985
 20
-1853.03470626974
 30
0.0
 42
0.0383935750642246
  0
VERTEX
  5
9E6
330
9B2
100
AcDbEntity
  8
0
100
AcDbVertex
100
AcDb2dVertex
 10
164.5023714373819
 20
-1830.150565112359
 30
0.0
 42
-0.0595290825061912
 70
     1
  0
VERTEX
  5
9E7
330
9B2
100
AcDbEntity
  8
0
100
AcDbVertex
100
AcDb2dVertex
 10
152.8585468831006
 20
-1814.856372617767
 30
0.0
 42
-0.0359425927522917
  0
VERTEX
  5
9E8
330
9B2
100
AcDbEntity
  8
0
100
AcDbVertex
100
AcDb2dVertex
 10
140.3333988315426
 20
-1789.571933990927
 30
0.0
 42
-0.011245006357116
 70
     1
  0
VERTEX
  5
9E9
330
9B2
100
AcDbEntity
  8
0
100
AcDbVertex
100
AcDb2dVertex
 10
108.1278744246811
 20
-1705.440940826898
 30
0.0
 42
-0.0062027091860942
  0
VERTEX
  5
9EA
330
9B2
100
AcDbEntity
  8
0
100
AcDbVertex
100
AcDb2dVertex
 10
94.85072786197997
 20
-1666.766565078753
 30
0.0
 42
0.010783211680623
 70
     1
  0
VERTEX
  5
9EB
330
9B2
100
AcDbEntity
  8
0
100
AcDbVertex
100
AcDb2dVertex
 10
87.00939013040624
 20
-1644.589492921368
 30
0.0
 42
0.0194848343010926
  0
VERTEX
  5
9EC
330
9B2
100
AcDbEntity
  8
0
100
AcDbVertex
100
AcDb2dVertex
 10
81.5506756566465
 20
-1631.692431285046
 30
0.0
 42
0.0050616242096234
 70
     1
  0
SEQEND
  5
9ED
330
9B2
100
AcDbEntity
  8
0
  0
LWPOLYLINE
  5
9EE
330
9A7
100
AcDbEntity
  8
0
100
AcDbPolyline
 90
       46
 70
     0
 43
0.0
 10
463.9505119207314
 20
-1480.437258017133
 42
0.0256263773130658
 10
475.5529135710093
 20
-1477.614787561935
 42
0.0108003175969269
 10
604.8687299224548
 20
-1435.981363105937
 42
0.0045599242865635
 10
692.3968879890162
 20
-1404.803410856868
 42
0.0112502049699783
 10
727.4602013842668
 20
-1391.049685411621
 42
0.0693939607328312
 10
746.282983473502
 20
-1379.897448407486
 42
-0.0797562568819131
 10
762.8822070427704
 20
-1370.519326541922
 42
-0.1063994932269791
 10
777.5608816721942
 20
-1368.404508911655
 42
-0.3286420819917078
 10
781.570805078838
 20
-1371.809234975604
 42
-0.2995467624749613
 10
779.1952752068173
 20
-1378.311226067249
 42
0.1899166392732897
 10
773.7075559524819
 20
-1387.122778535122
 42
0.0335175224208069
 10
772.5260133859701
 20
-1397.384737111046
 42
0.0756271031388586
 10
773.0004556113854
 20
-1401.959308893885
 42
0.0534886286392459
 10
775.9668624771293
 20
-1409.811991529539
 42
0.0178378667503755
 10
788.0861175216268
 20
-1431.800641400157
 42
0.0383935750642246
 10
805.2742803669534
 20
-1456.073614769731
 42
-0.0595290825061912
 10
815.7115921904333
 20
-1472.215284330654
 42
-0.0359425927522917
 10
826.2619087763596
 20
-1498.385362479603
 42
-0.011245006357116
 10
851.9242734634318
 20
-1584.737333225552
 42
-0.0062027091860942
 10
862.1980728851632
 20
-1624.315597536159
 42
0.010783211680623
 10
868.3165291617624
 20
-1647.028448516852
 42
0.0194848343010926
 10
872.7706596516073
 20
-1660.305966512998
 42
0.0050616242096234
 10
892.397309275344
 20
-1710.497391701792
 42
0.1013919190942201
 10
909.1374201583676
 20
-1735.773232724518
 42
-0.2237680032509501
 10
913.990082128439
 20
-1749.201175178284
 42
-0.2555795284433636
 10
910.8728970314841
 20
-1753.817256197799
 42
-0.0815627085866008
 10
895.1848218820524
 20
-1758.905572009971
 42
-0.0718052271760612
 10
878.0769460559822
 20
-1759.0340193148
 42
0.0699853129919421
 10
860.5283372055273
 20
-1759.102219073102
 42
0.0354599108751823
 10
801.0142176891676
 20
-1772.068652195274
 42
0.0294323486893013
 10
731.9626261058729
 20
-1796.825984933995
 42
0.0015539306784282
 10
698.6263457331806
 20
-1811.165110202273
 42
-0.0015200045161783
 10
664.5470052741002
 20
-1825.826592424651
 42
-0.004735139452577
 10
629.2815294407773
 20
-1840.478306480334
 42
0.0038204816556974
 10
585.5403770180418
 20
-1858.557646425674
 42
0.2960011448983662
 10
563.6347568596248
 20
-1890.878058333299
 42
-0.6497743301907088
 10
542.1970181963406
 20
-1899.898485974292
 42
-0.0231899331533064
 10
537.6988354085479
 20
-1895.262166419066
 42
0.0288000585939381
 10
534.0341806493234
 20
-1891.568750797771
 42
0.0057266574220755
 10
527.4483033211436
 20
-1885.789348176797
 42
-0.0043580803065144
 10
518.7736149579286
 20
-1878.218847374897
 42
-0.0275279624241201
 10
501.7734068457502
 20
-1861.357729279669
 42
-0.0462141911587343
 10
493.2202135212719
 20
-1849.920146354939
 42
-0.194121097555792
 10
490.4219391301739
 20
-1833.24536795076
 42
0.1337189327007904
 10
489.250970837893
 20
-1809.196833450929
 42
0.0057790609655978
 10
481.8063498067203
 20
-1787.180584505084
 42
0.0088817836259535
  0
LINE
  5
9EF
330
9A7
100
AcDbEntity
  8
0
100
AcDbLine
 10
45.8170753235463
 20
-1987.83045325207
 30
0.0
 11
1451.571529761888
 21
-1987.830453251838
 31
0.0
  0
LINE
  5
9F0
330
9A7
100
AcDbEntity
  8
0
100
AcDbLine
 10
257.1660994002595
 20
-1617.519269657321
 30
0.0
 11
188.3591680568643
 21
-1620.957261242554
 31
0.0
  0
ARC
  5
9F1
330
9A7
100
AcDbEntity
  8
0
100
AcDbCircle
 10
45.8170753235463
 20
-1967.83045325207
 30
0.0
 40
20.0
100
AcDbArc
 50
180.0000000000573
 51
270.0000000000047
  0
LINE
  5
9F2
330
9A7
100
AcDbEntity
  8
0
100
AcDbLine
 10
90.30910963541828
 20
-1638.147501642466
 30
0.0
 11
87.00939012947491
 21
-1644.58949291869
 31
0.0
  0
LINE
  5
9F3
330
9A7
100
AcDbEntity
  8
0
100
AcDbLine
 10
188.3591680568643
 20
-1620.957261242554
 30
0.0
 11
90.30910963541828
 21
-1638.147501642466
 31
0.0
  0
LINE
  5
9F4
330
9A7
100
AcDbEntity
  8
0
100
AcDbLine
 10
324.2529505379498
 20
-1645.023484812816
 30
0.0
 11
510.0318023327272
 21
-1663.932721005287
 31
0.0
  0
LINE
  5
9F5
330
9A7
100
AcDbEntity
  8
0
100
AcDbLine
 10
510.0318023327272
 20
-1663.932721005287
 30
0.0
 11
559.9168716461863
 21
-1700.031915123691
 31
0.0
  0
LINE
  5
9F6
330
9A7
100
AcDbEntity
  8
0
100
AcDbLine
 10
559.9168716461863
 20
-1700.031915123691
 30
0.0
 11
571.9582169000059
 21
-1708.627035323647
 31
0.0
  0
LINE
  5
9F7
330
9A7
100
AcDbEntity
  8
0
100
AcDbLine
 10
334.5740196325351
 20
-1810.04891698237
 30
0.0
 11
280.9774346412159
 21
-1872.618190080393
 31
0.0
  0
LINE
  5
9F8
330
9A7
100
AcDbEntity
  8
0
100
AcDbLine
 10
355.2161578217056
 20
-1727.536271516117
 30
0.0
 11
334.5740196325351
 21
-1810.04891698237
 31
0.0
  0
LINE
  5
9F9
330
9A7
100
AcDbEntity
  8
0
100
AcDbLine
 10
324.2529505379498
 20
-1645.023484812816
 30
0.0
 11
355.2161578217056
 21
-1727.536271516117
 31
0.0
  0
LINE
  5
9FA
330
9A7
100
AcDbEntity
  8
0
100
AcDbLine
 10
324.2529505379498
 20
-1645.023484812816
 30
0.0
 11
257.1660994002595
 21
-1617.519269657321
 31
0.0
  0
LINE
  5
9FB
330
9A7
100
AcDbEntity
  8
0
100
AcDbLine
 10
623.2731592210475
 20
-1602.733589553973
 30
0.0
 11
605.4829289054032
 21
-1658.043702143477
 31
0.0
  0
LINE
  5
9FC
330
9A7
100
AcDbEntity
  8
0
100
AcDbLine
 10
605.4829289054032
 20
-1658.043702143477
 30
0.0
 11
733.9680998106487
 21
-1626.437963874312
 31
0.0
  0
LINE
  5
9FD
330
9A7
100
AcDbEntity
  8
0
100
AcDbLine
 10
733.9680998106487
 20
-1626.437963874312
 30
0.0
 11
836.7563149160705
 21
-1640.265492021688
 31
0.0
  0
LINE
  5
9FE
330
9A7
100
AcDbEntity
  8
0
100
AcDbLine
 10
836.7563149160705
 20
-1640.265492021688
 30
0.0
 11
872.7706596506759
 21
-1660.305966510903
 31
0.0
  0
LINE
  5
9FF
330
9A7
100
AcDbEntity
  8
0
100
AcDbLine
 10
605.4829289054032
 20
-1658.043702143477
 30
0.0
 11
548.1586792629677
 21
-1616.561117701349
 31
0.0
  0
LINE
  5
A00
330
9A7
100
AcDbEntity
  8
0
100
AcDbLine
 10
605.4829289054032
 20
-1658.043702143477
 30
0.0
 11
654.9002571103629
 21
-1721.255319918738
 31
0.0
  0
LINE
  5
A01
330
9A7
100
AcDbEntity
  8
0
100
AcDbLine
 10
654.9002571103629
 20
-1721.255319918738
 30
0.0
 11
720.1312322369776
 21
-1768.66392732237
 31
0.0
  0
LINE
  5
A02
330
9A7
100
AcDbEntity
  8
0
100
AcDbLine
 10
720.1312322369776
 20
-1768.66392732237
 30
0.0
 11
813.0359425107016
 21
-1768.66392732237
 31
0.0
  0
LINE
  5
A03
330
9A7
100
AcDbEntity
  8
0
100
AcDbLine
 10
605.4829289054032
 20
-1658.043702143477
 30
0.0
 11
593.7109122320544
 21
-1752.156051272759
 31
0.0
  0
LINE
  5
A04
330
9A7
100
AcDbEntity
  8
0
100
AcDbLine
 10
591.871118045412
 20
-1766.864436217816
 30
0.0
 11
580.0376802883111
 21
-1861.467821219121
 31
0.0
  0
ARC
  5
A05
330
9A7
100
AcDbEntity
  8
0
100
AcDbCircle
 10
1451.571529761888
 20
-1967.830453251838
 30
0.0
 40
20.0
100
AcDbArc
 50
270.0
 51
0.0
  0
LINE
  5
A06
330
9A7
100
AcDbEntity
  8
0
100
AcDbLine
 10
255.4458232410252
 20
-1552.196723353932
 30
0.0
 11
160.8363171380479
 21
-1514.378392206039
 31
0.0
  0
POLYLINE
  5
A07
330
9A7
100
AcDbEntity
  8
0
100
AcDb2dPolyline
 66
     1
 10
0.0
 20
0.0
 30
0.0
 70
     2
  0
VERTEX
  5
A08
330
A07
100
AcDbEntity
  8
0
100
AcDbVertex
100
AcDb2dVertex
 10
191.3706686275545
 20
-453.6728252451866
 30
0.0
 42
0.0097294744723616
  0
VERTEX
  5
A09
330
A07
100
AcDbEntity
  8
0
100
AcDbVertex
100
AcDb2dVertex
 10
218.6594809463713
 20
-444.6409905871842
 30
0.0
 42
0.009729474473291
 70
     1
  0
VERTEX
  5
A0A
330
A07
100
AcDbEntity
  8
0
100
AcDbVertex
100
AcDb2dVertex
 10
245.5762311110738
 20
-434.5542727969586
 30
0.0
 42
0.0079705008528091
  0
VERTEX
  5
A0B
330
A07
100
AcDbEntity
  8
0
100
AcDbVertex
100
AcDb2dVertex
 10
267.3211682804395
 20
-425.5156059400178
 30
0.0
 42
0.0079705008551367
 70
     1
  0
VERTEX
  5
A0C
330
A07
100
AcDbEntity
  8
0
100
AcDbVertex
100
AcDb2dVertex
 10
288.7669395147823
 20
-415.7883921816246
 30
0.0
  0
SEQEND
  5
A0D
330
A07
100
AcDbEntity
  8
0
  0
LINE
  5
A0E
330
9A7
100
AcDbEntity
  8
0
100
AcDbLine
 10
0.0
 20
-52.37141133332625
 30
0.0
 11
1500.0
 21
-52.37141133332625
 31
0.0
  0
POLYLINE
  5
A0F
330
9A7
100
AcDbEntity
  8
0
100
AcDb2dPolyline
 66
     1
 10
0.0
 20
0.0
 30
0.0
 70
     2
  0
VERTEX
  5
A10
330
A0F
100
AcDbEntity
  8
0
100
AcDbVertex
100
AcDb2dVertex
 10
100.9809355731122
 20
-126.7930115305353
 30
0.0
 42
-0.2633679387580063
  0
VERTEX
  5
A11
330
A0F
100
AcDbEntity
  8
0
100
AcDbVertex
100
AcDb2dVertex
 10
73.03082517371513
 20
-108.0043454644037
 30
0.0
 42
-0.494818049593334
 70
     1
  0
VERTEX
  5
A12
330
A0F
100
AcDbEntity
  8
0
100
AcDbVertex
100
AcDb2dVertex
 10
82.20231558359229
 20
-89.26110906281975
 30
0.0
 42
-0.049224722880142
  0
VERTEX
  5
A13
330
A0F
100
AcDbEntity
  8
0
100
AcDbVertex
100
AcDb2dVertex
 10
99.87297290400602
 20
-87.51721706544049
 30
0.0
 42
-0.0368308428568549
 70
     1
  0
VERTEX
  5
A14
330
A0F
100
AcDbEntity
  8
0
100
AcDbVertex
100
AcDb2dVertex
 10
123.5152011790778
 20
-89.26110906281975
 30
0.0
 42
-0.0318926909000512
  0
VERTEX
  5
A15
330
A0F
100
AcDbEntity
  8
0
100
AcDbVertex
100
AcDb2dVertex
 10
161.4932668786496
 20
-97.39637610432692
 30
0.0
 42
0.0357819959079403
 70
     1
  0
VERTEX
  5
A16
330
A0F
100
AcDbEntity
  8
0
100
AcDbVertex
100
AcDb2dVertex
 10
195.4075579075142
 20
-104.386000819155
 30
0.0
 42
0.0329412578642258
  0
VERTEX
  5
A17
330
A0F
100
AcDbEntity
  8
0
100
AcDbVertex
100
AcDb2dVertex
 10
285.0692274586763
 20
-110.2995541269192
 30
0.0
 42
0.0265644647772248
 70
     1
  0
VERTEX
  5
A18
330
A0F
100
AcDbEntity
  8
0
100
AcDbVertex
100
AcDb2dVertex
 10
396.2963938089087
 20
-104.386000819155
 30
0.0
 42
0.0179054185074339
  0
VERTEX
  5
A19
330
A0F
100
AcDbEntity
  8
0
100
AcDbVertex
100
AcDb2dVertex
 10
433.8106666770763
 20
-99.02135129994713
 30
0.0
 42
-0.0333974636936459
 70
     1
  0
VERTEX
  5
A1A
330
A0F
100
AcDbEntity
  8
0
100
AcDbVertex
100
AcDb2dVertex
 10
454.0186778504867
 20
-96.76743306149729
 30
0.0
 42
-0.0320396294917023
  0
VERTEX
  5
A1B
330
A0F
100
AcDbEntity
  8
0
100
AcDbVertex
100
AcDb2dVertex
 10
491.101219919743
 20
-97.4999333183514
 30
0.0
 42
0.018441951395994
 70
     1
  0
VERTEX
  5
A1C
330
A0F
100
AcDbEntity
  8
0
100
AcDbVertex
100
AcDb2dVertex
 10
555.4230690312106
 20
-100.5206656794762
 30
0.0
 42
0.0108372939697291
  0
VERTEX
  5
A1D
330
A0F
100
AcDbEntity
  8
0
100
AcDbVertex
100
AcDb2dVertex
 10
620.186532073887
 20
-99.76774555223528
 30
0.0
 42
0.0146238513299216
 70
     1
  0
VERTEX
  5
A1E
330
A0F
100
AcDbEntity
  8
0
100
AcDbVertex
100
AcDb2dVertex
 10
668.0947889683302
 20
-96.76743306149729
 30
0.0
 42
0.1112493716170288
  0
VERTEX
  5
A1F
330
A0F
100
AcDbEntity
  8
0
100
AcDbVertex
100
AcDb2dVertex
 10
690.6415959072765
 20
-89.46100785862654
 30
0.0
 42
-0.1537083434765361
 70
     1
  0
VERTEX
  5
A20
330
A0F
100
AcDbEntity
  8
0
100
AcDbVertex
100
AcDb2dVertex
 10
707.5298517555929
 20
-85.50787644495722
 30
0.0
 42
-0.0764444186523767
  0
VERTEX
  5
A21
330
A0F
100
AcDbEntity
  8
0
100
AcDbVertex
100
AcDb2dVertex
 10
714.9663045406342
 20
-87.23092743253801
 30
0.0
 42
-0.215512293950284
 70
     1
  0
VERTEX
  5
A22
330
A0F
100
AcDbEntity
  8
0
100
AcDbVertex
100
AcDb2dVertex
 10
716.9191617504694
 20
-89.26110906281975
 30
0.0
 42
-0.5858582349918416
  0
VERTEX
  5
A23
330
A0F
100
AcDbEntity
  8
0
100
AcDbVertex
100
AcDb2dVertex
 10
714.256699609803
 20
-92.3062150827609
 30
0.0
 42
0.3634893070176432
 70
     1
  0
VERTEX
  5
A24
330
A0F
100
AcDbEntity
  8
0
100
AcDbVertex
100
AcDb2dVertex
 10
709.4076745638158
 20
-94.89081675256603
 30
0.0
 42
0.1917162675796268
  0
VERTEX
  5
A25
330
A0F
100
AcDbEntity
  8
0
100
AcDbVertex
100
AcDb2dVertex
 10
709.3503550537861
 20
-106.4259541546926
 30
0.0
 42
-0.1296753022843935
 70
     1
  0
VERTEX
  5
A26
330
A0F
100
AcDbEntity
  8
0
100
AcDbVertex
100
AcDb2dVertex
 10
711.2854973720386
 20
-123.0397789126727
 30
0.0
 42
-0.017350206177164
  0
VERTEX
  5
A27
330
A0F
100
AcDbEntity
  8
0
100
AcDbVertex
100
AcDb2dVertex
 10
708.2857401394285
 20
-139.8438447378576
 30
0.0
 42
0.0193256498707409
 70
     1
  0
VERTEX
  5
A28
330
A0F
100
AcDbEntity
  8
0
100
AcDbVertex
100
AcDb2dVertex
 10
705.6520289473701
 20
-154.9418324535945
 30
0.0
 42
0.0188175161277147
  0
VERTEX
  5
A29
330
A0F
100
AcDbEntity
  8
0
100
AcDbVertex
100
AcDb2dVertex
 10
699.037680336507
 20
-223.3239292913349
 30
0.0
 42
0.0218280980030002
 70
     1
  0
VERTEX
  5
A2A
330
A0F
100
AcDbEntity
  8
0
100
AcDbVertex
100
AcDb2dVertex
 10
698.1405417609494
 20
-282.5501878542127
 30
0.0
 42
0.0062041541509907
  0
VERTEX
  5
A2B
330
A0F
100
AcDbEntity
  8
0
100
AcDbVertex
100
AcDb2dVertex
 10
699.5261772114318
 20
-316.400861889706
 30
0.0
 42
0.0019630604773014
 70
     1
  0
VERTEX
  5
A2C
330
A0F
100
AcDbEntity
  8
0
100
AcDbVertex
100
AcDb2dVertex
 10
705.6520289473701
 20
-423.2947161803021
 30
0.0
 42
0.0283408257713941
  0
VERTEX
  5
A2D
330
A0F
100
AcDbEntity
  8
0
100
AcDbVertex
100
AcDb2dVertex
 10
709.9291620904113
 20
-459.4233455349458
 30
0.0
 42
-0.1170135268628909
 70
     1
  0
VERTEX
  5
A2E
330
A0F
100
AcDbEntity
  8
0
100
AcDbVertex
100
AcDb2dVertex
 10
709.4076745638158
 20
-468.3330838838592
 30
0.0
 42
-0.3660599914315623
  0
VERTEX
  5
A2F
330
A0F
100
AcDbEntity
  8
0
100
AcDbVertex
100
AcDb2dVertex
 10
707.9786069015972
 20
-469.2643586997873
 30
0.0
 42
-0.0397304305354332
 70
     1
  0
VERTEX
  5
A30
330
A0F
100
AcDbEntity
  8
0
100
AcDbVertex
100
AcDb2dVertex
 10
694.3848961445037
 20
-466.456467574928
 30
0.0
 42
-0.0483088234329496
  0
VERTEX
  5
A31
330
A0F
100
AcDbEntity
  8
0
100
AcDbVertex
100
AcDb2dVertex
 10
680.646424039267
 20
-460.9746408300707
 30
0.0
 42
0.0629807230965901
 70
     1
  0
VERTEX
  5
A32
330
A0F
100
AcDbEntity
  8
0
100
AcDbVertex
100
AcDb2dVertex
 10
669.972611776553
 20
-457.0735272672027
 30
0.0
 42
0.0405796252690656
  0
VERTEX
  5
A33
330
A0F
100
AcDbEntity
  8
0
100
AcDbVertex
100
AcDb2dVertex
 10
646.575280764373
 20
-453.6929555620299
 30
0.0
 42
0.0143450944869819
 70
     1
  0
VERTEX
  5
A34
330
A0F
100
AcDbEntity
  8
0
100
AcDbVertex
100
AcDb2dVertex
 10
579.8353533989284
 20
-451.4436783404089
 30
0.0
 42
0.0054844172030433
  0
VERTEX
  5
A35
330
A0F
100
AcDbEntity
  8
0
100
AcDbVertex
100
AcDb2dVertex
 10
454.3906688750722
 20
-452.1922876990865
 30
0.0
 42
0.0071527060937162
 70
     1
  0
VERTEX
  5
A36
330
A0F
100
AcDbEntity
  8
0
100
AcDbVertex
100
AcDb2dVertex
 10
358.2477550946642
 20
-455.1969109582715
 30
0.0
 42
0.0087615685340777
  0
VERTEX
  5
A37
330
A0F
100
AcDbEntity
  8
0
100
AcDbVertex
100
AcDb2dVertex
 10
315.7035025332589
 20
-457.8837116115027
 30
0.0
 42
-0.0081531255989414
 70
     1
  0
VERTEX
  5
A38
330
A0F
100
AcDbEntity
  8
0
100
AcDbVertex
100
AcDb2dVertex
 10
269.9883195252624
 20
-460.8266186480177
 30
0.0
 42
-0.062510027184643
  0
VERTEX
  5
A39
330
A0F
100
AcDbEntity
  8
0
100
AcDbVertex
100
AcDb2dVertex
 10
212.858998686308
 20
-456.4259942439385
 30
0.0
 42
0.078669286227118
 70
     1
  0
VERTEX
  5
A3A
330
A0F
100
AcDbEntity
  8
0
100
AcDbVertex
100
AcDb2dVertex
 10
167.272150359815
 20
-454.386000819155
 30
0.0
 42
0.0478250924924058
  0
VERTEX
  5
A3B
330
A0F
100
AcDbEntity
  8
0
100
AcDbVertex
100
AcDb2dVertex
 10
144.9107191013172
 20
-459.1024647536687
 30
0.0
 42
-0.0344939943977636
 70
     1
  0
VERTEX
  5
A3C
330
A0F
100
AcDbEntity
  8
0
100
AcDbVertex
100
AcDb2dVertex
 10
114.1258911844343
 20
-466.456467574928
 30
0.0
 42
-0.0235713893391271
  0
VERTEX
  5
A3D
330
A0F
100
AcDbEntity
  8
0
100
AcDbVertex
100
AcDb2dVertex
 10
88.79070591600612
 20
-469.4701159588293
 30
0.0
 42
-0.5102284767959722
 70
     1
  0
VERTEX
  5
A3E
330
A0F
100
AcDbEntity
  8
0
100
AcDbVertex
100
AcDb2dVertex
 10
87.83597996179015
 20
-468.3330838838592
 30
0.0
  0
VERTEX
  5
A3F
330
A0F
100
AcDbEntity
  8
0
100
AcDbVertex
100
AcDb2dVertex
 10
95.34746714844368
 20
-438.3075054148211
 30
0.0
  0
VERTEX
  5
A40
330
A0F
100
AcDbEntity
  8
0
100
AcDbVertex
100
AcDb2dVertex
 10
116.0039099461865
 20
-355.7373764807126
 30
0.0
 42
0.0730409353706404
  0
VERTEX
  5
A41
330
A0F
100
AcDbEntity
  8
0
100
AcDbVertex
100
AcDb2dVertex
 10
117.9549391705077
 20
-336.1565441959537
 30
0.0
 42
0.0233051013921503
 70
     1
  0
VERTEX
  5
A42
330
A0F
100
AcDbEntity
  8
0
100
AcDbVertex
100
AcDb2dVertex
 10
112.2480683759786
 20
-275.0438638554188
 30
0.0
 42
0.0182988888762084
  0
VERTEX
  5
A43
330
A0F
100
AcDbEntity
  8
0
100
AcDbVertex
100
AcDb2dVertex
 10
108.178149793297
 20
-252.1994323256659
 30
0.0
 42
-0.0109698913763853
 70
     1
  0
VERTEX
  5
A44
330
A0F
100
AcDbEntity
  8
0
100
AcDbVertex
100
AcDb2dVertex
 10
100.8329906477593
 20
-214.2043384962017
 30
0.0
 42
-0.0422811877974625
  0
VERTEX
  5
A45
330
A0F
100
AcDbEntity
  8
0
100
AcDbVertex
100
AcDb2dVertex
 10
97.92617118963972
 20
-179.8909346904838
 30
0.0
 42
-0.0272005265134367
 70
     1
  0
VERTEX
  5
A46
330
A0F
100
AcDbEntity
  8
0
100
AcDbVertex
100
AcDb2dVertex
 10
100.8329906477593
 20
-126.4973212979967
 30
0.0
  0
SEQEND
  5
A47
330
A0F
100
AcDbEntity
  8
0
  0
LINE
  5
A48
330
9A7
100
AcDbEntity
  8
0
100
AcDbLine
 10
853.4887384483591
 20
-488.5309666636167
 30
0.0
 11
45.81707532191649
 21
-488.5309666635002
 31
0.0
  0
LINE
  5
A49
330
9A7
100
AcDbEntity
  8
0
100
AcDbLine
 10
45.81707532214932
 20
-761.1308476366103
 30
0.0
 11
915.2873221009503
 21
-761.1308476364938
 31
0.0
  0
ARC
  5
A4A
330
9A7
100
AcDbEntity
  8
0
100
AcDbCircle
 10
45.81707532214932
 20
-741.1308476366103
 30
0.0
 40
20.0
100
AcDbArc
 50
180.0000000000093
 51
270.0
  0
LINE
  5
A4B
330
9A7
100
AcDbEntity
  8
0
100
AcDbLine
 10
160.8363171380479
 20
-1514.378392206039
 30
0.0
 11
136.7538225841708
 21
-1517.816383791156
 31
0.0
  0
ARC
  5
A4C
330
9A7
100
AcDbEntity
  8
0
100
AcDbCircle
 10
45.81707532191649
 20
-508.5309666635002
 30
0.0
 40
20.0
100
AcDbArc
 50
89.99999999999173
 51
180.0000000000116
  0
POLYLINE
  5
A4D
330
9A7
100
AcDbEntity
  8
0
100
AcDb2dPolyline
 66
     1
 10
0.0
 20
0.0
 30
0.0
 70
     2
  0
VERTEX
  5
A4E
330
A4D
100
AcDbEntity
  8
0
100
AcDbVertex
100
AcDb2dVertex
 10
99.32607474597171
 20
-142.8089705866296
 30
0.0
 42
-0.0536899463297647
  0
VERTEX
  5
A4F
330
A4D
100
AcDbEntity
  8
0
100
AcDbVertex
100
AcDb2dVertex
 10
113.5327993906103
 20
-155.7863047061255
 30
0.0
 42
-0.0703117485643946
 70
     1
  0
VERTEX
  5
A50
330
A4D
100
AcDbEntity
  8
0
100
AcDbVertex
100
AcDb2dVertex
 10
121.637378370855
 20
-168.0780053790658
 30
0.0
 42
-0.0154482349215183
  0
VERTEX
  5
A51
330
A4D
100
AcDbEntity
  8
0
100
AcDbVertex
100
AcDb2dVertex
 10
125.372092746431
 20
-176.6325245260959
 30
0.0
 42
-0.0132435682896378
 70
     1
  0
VERTEX
  5
A52
330
A4D
100
AcDbEntity
  8
0
100
AcDbVertex
100
AcDb2dVertex
 10
129.1488655572757
 20
-186.8438859943999
 30
0.0
 42
-0.0821266656645959
  0
VERTEX
  5
A53
330
A4D
100
AcDbEntity
  8
0
100
AcDbVertex
100
AcDb2dVertex
 10
132.1388998322654
 20
-204.9249020674033
 30
0.0
 42
-0.064163702142309
 70
     1
  0
VERTEX
  5
A54
330
A4D
100
AcDbEntity
  8
0
100
AcDbVertex
100
AcDb2dVertex
 10
129.1488655572757
 20
-228.1290210800944
 30
0.0
  0
SEQEND
  5
A55
330
A4D
100
AcDbEntity
  8
0
  0
POLYLINE
  5
A56
330
9A7
100
AcDbEntity
  8
0
100
AcDb2dPolyline
 66
     1
 10
0.0
 20
0.0
 30
0.0
 70
     2
  0
VERTEX
  5
A57
330
A56
100
AcDbEntity
  8
0
100
AcDbVertex
100
AcDb2dVertex
 10
100.802333666943
 20
-126.7787973218364
 30
0.0
 42
-0.0773794298008275
  0
VERTEX
  5
A58
330
A56
100
AcDbEntity
  8
0
100
AcDbVertex
100
AcDb2dVertex
 10
135.6131864276249
 20
-152.1195828430354
 30
0.0
 42
-0.0773794298004389
 70
     1
  0
VERTEX
  5
A59
330
A56
100
AcDbEntity
  8
0
100
AcDbVertex
100
AcDb2dVertex
 10
161.0724411581177
 20
-186.8438859943999
 30
0.0
 42
-0.0475254861911322
  0
VERTEX
  5
A5A
330
A56
100
AcDbEntity
  8
0
100
AcDbVertex
100
AcDb2dVertex
 10
170.9974045124836
 20
-211.4623332455522
 30
0.0
 42
-0.0475254861919447
 70
     1
  0
VERTEX
  5
A5B
330
A56
100
AcDbEntity
  8
0
100
AcDbVertex
100
AcDb2dVertex
 10
176.0954155311919
 20
-237.5119613877032
 30
0.0
  0
SEQEND
  5
A5C
330
A56
100
AcDbEntity
  8
0
  0
LINE
  5
A5D
330
9A7
100
AcDbEntity
  8
0
100
AcDbLine
 10
853.4887384483591
 20
-488.5309666636167
 30
0.0
 11
1471.571529761655
 21
-915.928643709747
 31
0.0
  0
POLYLINE
  5
A5E
330
9A7
100
AcDbEntity
  8
0
100
AcDb2dPolyline
 66
     1
 10
0.0
 20
0.0
 30
0.0
 70
     2
  0
VERTEX
  5
A5F
330
A5E
100
AcDbEntity
  8
0
100
AcDbVertex
100
AcDb2dVertex
 10
853.4887384483591
 20
-488.5309666636167
 30
0.0
 42
-0.0852718179142582
  0
VERTEX
  5
A60
330
A5E
100
AcDbEntity
  8
0
100
AcDbVertex
100
AcDb2dVertex
 10
916.7940449684392
 20
-598.6369900371646
 30
0.0
 42
-0.1240444849517736
 70
     1
  0
VERTEX
  5
A61
330
A5E
100
AcDbEntity
  8
0
100
AcDbVertex
100
AcDb2dVertex
 10
926.0039442058186
 20
-686.1659086162689
 30
0.0
  0
VERTEX
  5
A62
330
A5E
100
AcDbEntity
  8
0
100
AcDbVertex
100
AcDb2dVertex
 10
912.364597803913
 20
-781.5758952042088
 30
0.0
  0
VERTEX
  5
A63
330
A5E
100
AcDbEntity
  8
0
100
AcDbVertex
100
AcDb2dVertex
 10
914.1106356123927
 20
-911.7165031466866
 30
0.0
  0
SEQEND
  5
A64
330
A5E
100
AcDbEntity
  8
0
  0
LINE
  5
A65
330
9A7
100
AcDbEntity
  8
0
100
AcDbLine
 10
381.0187325812876
 20
-1368.262054991908
 30
0.0
 11
394.7801580405794
 21
-1471.40293244319
 31
0.0
  0
LINE
  5
A66
330
9A7
100
AcDbEntity
  8
0
100
AcDbLine
 10
777.5608816719613
 20
-1368.404508911655
 30
0.0
 11
698.3876391793601
 21
-1472.359672029037
 31
0.0
  0
LINE
  5
A67
330
9A7
100
AcDbEntity
  8
0
100
AcDbLine
 10
394.7801580405794
 20
-1471.40293244319
 30
0.0
 11
368.977387327468
 21
-1593.453046087059
 31
0.0
  0
LINE
  5
A68
330
9A7
100
AcDbEntity
  8
0
100
AcDbLine
 10
528.3918655531015
 20
-1559.275664124638
 30
0.0
 11
508.6248558897059
 21
-1470.38433104183
 31
0.0
  0
POLYLINE
  5
A69
330
9A7
100
AcDbEntity
  8
0
100
AcDb2dPolyline
 66
     1
 10
0.0
 20
0.0
 30
0.0
 70
     2
  0
VERTEX
  5
A6A
330
A69
100
AcDbEntity
  8
0
100
AcDbVertex
100
AcDb2dVertex
 10
914.1106356123927
 20
-911.7165031466866
 30
0.0
 42
0.0078673409248488
  0
VERTEX
  5
A6B
330
A69
100
AcDbEntity
  8
0
100
AcDbVertex
100
AcDb2dVertex
 10
1031.724163627252
 20
-893.9427607996622
 30
0.0
 42
0.0095084780273965
 70
     1
  0
VERTEX
  5
A6C
330
A69
100
AcDbEntity
  8
0
100
AcDbVertex
100
AcDb2dVertex
 10
1128.470983586972
 20
-875.8640361278084
 30
0.0
 42
0.006616053903061
  0
VERTEX
  5
A6D
330
A69
100
AcDbEntity
  8
0
100
AcDbVertex
100
AcDb2dVertex
 10
1193.485191743588
 20
-861.5313435217831
 30
0.0
 42
-0.0238283431850551
 70
     1
  0
VERTEX
  5
A6E
330
A69
100
AcDbEntity
  8
0
100
AcDbVertex
100
AcDb2dVertex
 10
1211.672466289019
 20
-858.1735341966851
 30
0.0
 42
-0.080712554601587
  0
VERTEX
  5
A6F
330
A69
100
AcDbEntity
  8
0
100
AcDbVertex
100
AcDb2dVertex
 10
1230.311834537657
 20
-858.6611640215851
 30
0.0
 42
-0.0095907749214261
 70
     1
  0
VERTEX
  5
A70
330
A69
100
AcDbEntity
  8
0
100
AcDbVertex
100
AcDb2dVertex
 10
1382.91685589496
 20
-890.6158193460433
 30
0.0
 42
-0.0131328366423957
  0
VERTEX
  5
A71
330
A69
100
AcDbEntity
  8
0
100
AcDbVertex
100
AcDb2dVertex
 10
1416.355327734956
 20
-899.220250509563
 30
0.0
 42
-0.0078593660510627
 70
     1
  0
VERTEX
  5
A72
330
A69
100
AcDbEntity
  8
0
100
AcDbVertex
100
AcDb2dVertex
 10
1471.571529761655
 20
-915.928643709747
 30
0.0
  0
SEQEND
  5
A73
330
A69
100
AcDbEntity
  8
0
  0
POLYLINE
  5
A74
330
9A7
100
AcDbEntity
  8
0
100
AcDb2dPolyline
 66
     1
 10
0.0
 20
0.0
 30
0.0
 70
     2
  0
VERTEX
  5
A75
330
A74
100
AcDbEntity
  8
0
100
AcDbVertex
100
AcDb2dVertex
 10
810.218914367957
 20
-126.7930115305353
 30
0.0
 42
-0.2633679387580063
  0
VERTEX
  5
A76
330
A74
100
AcDbEntity
  8
0
100
AcDbVertex
100
AcDb2dVertex
 10
782.26880396856
 20
-108.0043454644037
 30
0.0
 42
-0.494818049593334
 70
     1
  0
VERTEX
  5
A77
330
A74
100
AcDbEntity
  8
0
100
AcDbVertex
100
AcDb2dVertex
 10
791.4402943784371
 20
-89.26110906281975
 30
0.0
 42
-0.049224722880142
  0
VERTEX
  5
A78
330
A74
100
AcDbEntity
  8
0
100
AcDbVertex
100
AcDb2dVertex
 10
809.1109516988508
 20
-87.51721706544049
 30
0.0
 42
-0.0368308428568549
 70
     1
  0
VERTEX
  5
A79
330
A74
100
AcDbEntity
  8
0
100
AcDbVertex
100
AcDb2dVertex
 10
832.7531799739226
 20
-89.26110906281975
 30
0.0
 42
-0.0318926909000512
  0
VERTEX
  5
A7A
330
A74
100
AcDbEntity
  8
0
100
AcDbVertex
100
AcDb2dVertex
 10
870.7312456734944
 20
-97.39637610432692
 30
0.0
 42
0.0357819959079403
 70
     1
  0
VERTEX
  5
A7B
330
A74
100
AcDbEntity
  8
0
100
AcDbVertex
100
AcDb2dVertex
 10
904.6455367023591
 20
-104.386000819155
 30
0.0
 42
0.0329412578642258
  0
VERTEX
  5
A7C
330
A74
100
AcDbEntity
  8
0
100
AcDbVertex
100
AcDb2dVertex
 10
994.3072062535211
 20
-110.2995541269192
 30
0.0
 42
0.0265644647772248
 70
     1
  0
VERTEX
  5
A7D
330
A74
100
AcDbEntity
  8
0
100
AcDbVertex
100
AcDb2dVertex
 10
1105.534372603753
 20
-104.386000819155
 30
0.0
 42
0.0179054185074339
  0
VERTEX
  5
A7E
330
A74
100
AcDbEntity
  8
0
100
AcDbVertex
100
AcDb2dVertex
 10
1143.048645471921
 20
-99.02135129994713
 30
0.0
 42
-0.0333974636936459
 70
     1
  0
VERTEX
  5
A7F
330
A74
100
AcDbEntity
  8
0
100
AcDbVertex
100
AcDb2dVertex
 10
1163.256656645331
 20
-96.76743306149729
 30
0.0
 42
-0.0320396294917023
  0
VERTEX
  5
A80
330
A74
100
AcDbEntity
  8
0
100
AcDbVertex
100
AcDb2dVertex
 10
1200.339198714588
 20
-97.4999333183514
 30
0.0
 42
0.018441951395994
 70
     1
  0
VERTEX
  5
A81
330
A74
100
AcDbEntity
  8
0
100
AcDbVertex
100
AcDb2dVertex
 10
1264.661047826055
 20
-100.5206656794762
 30
0.0
 42
0.0108372939697291
  0
VERTEX
  5
A82
330
A74
100
AcDbEntity
  8
0
100
AcDbVertex
100
AcDb2dVertex
 10
1329.424510868732
 20
-99.76774555223528
 30
0.0
 42
0.0146238513299216
 70
     1
  0
VERTEX
  5
A83
330
A74
100
AcDbEntity
  8
0
100
AcDbVertex
100
AcDb2dVertex
 10
1377.332767763175
 20
-96.76743306149729
 30
0.0
 42
0.1112493716170288
  0
VERTEX
  5
A84
330
A74
100
AcDbEntity
  8
0
100
AcDbVertex
100
AcDb2dVertex
 10
1399.879574702121
 20
-89.46100785862654
 30
0.0
 42
-0.1537083434765361
 70
     1
  0
VERTEX
  5
A85
330
A74
100
AcDbEntity
  8
0
100
AcDbVertex
100
AcDb2dVertex
 10
1416.767830550438
 20
-85.50787644495722
 30
0.0
 42
-0.0764444186523767
  0
VERTEX
  5
A86
330
A74
100
AcDbEntity
  8
0
100
AcDbVertex
100
AcDb2dVertex
 10
1424.204283335479
 20
-87.23092743253801
 30
0.0
 42
-0.215512293950284
 70
     1
  0
VERTEX
  5
A87
330
A74
100
AcDbEntity
  8
0
100
AcDbVertex
100
AcDb2dVertex
 10
1426.157140545314
 20
-89.26110906281975
 30
0.0
 42
-0.5858582349918416
  0
VERTEX
  5
A88
330
A74
100
AcDbEntity
  8
0
100
AcDbVertex
100
AcDb2dVertex
 10
1423.494678404648
 20
-92.3062150827609
 30
0.0
 42
0.3634893070176432
 70
     1
  0
VERTEX
  5
A89
330
A74
100
AcDbEntity
  8
0
100
AcDbVertex
100
AcDb2dVertex
 10
1418.645653358661
 20
-94.89081675256603
 30
0.0
 42
0.1917162675796268
  0
VERTEX
  5
A8A
330
A74
100
AcDbEntity
  8
0
100
AcDbVertex
100
AcDb2dVertex
 10
1418.588333848631
 20
-106.4259541546926
 30
0.0
 42
-0.1296753022843935
 70
     1
  0
VERTEX
  5
A8B
330
A74
100
AcDbEntity
  8
0
100
AcDbVertex
100
AcDb2dVertex
 10
1420.523476166883
 20
-123.0397789126727
 30
0.0
 42
-0.017350206177164
  0
VERTEX
  5
A8C
330
A74
100
AcDbEntity
  8
0
100
AcDbVertex
100
AcDb2dVertex
 10
1417.523718934273
 20
-139.8438447378576
 30
0.0
 42
0.0193256498707409
 70
     1
  0
VERTEX
  5
A8D
330
A74
100
AcDbEntity
  8
0
100
AcDbVertex
100
AcDb2dVertex
 10
1414.890007742215
 20
-154.9418324535945
 30
0.0
 42
0.0188175161277147
  0
VERTEX
  5
A8E
330
A74
100
AcDbEntity
  8
0
100
AcDbVertex
100
AcDb2dVertex
 10
1408.275659131352
 20
-223.3239292913349
 30
0.0
 42
0.0218280980030002
 70
     1
  0
VERTEX
  5
A8F
330
A74
100
AcDbEntity
  8
0
100
AcDbVertex
100
AcDb2dVertex
 10
1407.378520555794
 20
-282.5501878542127
 30
0.0
 42
0.0062041541509907
  0
VERTEX
  5
A90
330
A74
100
AcDbEntity
  8
0
100
AcDbVertex
100
AcDb2dVertex
 10
1408.764156006276
 20
-316.400861889706
 30
0.0
 42
0.0019630604773014
 70
     1
  0
VERTEX
  5
A91
330
A74
100
AcDbEntity
  8
0
100
AcDbVertex
100
AcDb2dVertex
 10
1414.890007742215
 20
-423.2947161803021
 30
0.0
 42
0.0283408257713941
  0
VERTEX
  5
A92
330
A74
100
AcDbEntity
  8
0
100
AcDbVertex
100
AcDb2dVertex
 10
1419.167140885256
 20
-459.4233455349458
 30
0.0
 42
-0.1170135268628909
 70
     1
  0
VERTEX
  5
A93
330
A74
100
AcDbEntity
  8
0
100
AcDbVertex
100
AcDb2dVertex
 10
1418.645653358661
 20
-468.3330838838592
 30
0.0
 42
-0.3660599914315623
  0
VERTEX
  5
A94
330
A74
100
AcDbEntity
  8
0
100
AcDbVertex
100
AcDb2dVertex
 10
1417.216585696442
 20
-469.2643586997873
 30
0.0
 42
-0.0397304305354332
 70
     1
  0
VERTEX
  5
A95
330
A74
100
AcDbEntity
  8
0
100
AcDbVertex
100
AcDb2dVertex
 10
1403.622874939348
 20
-466.456467574928
 30
0.0
 42
-0.0483088234329496
  0
VERTEX
  5
A96
330
A74
100
AcDbEntity
  8
0
100
AcDbVertex
100
AcDb2dVertex
 10
1389.884402834112
 20
-460.9746408300707
 30
0.0
 42
0.0629807230965901
 70
     1
  0
VERTEX
  5
A97
330
A74
100
AcDbEntity
  8
0
100
AcDbVertex
100
AcDb2dVertex
 10
1379.210590571398
 20
-457.0735272672027
 30
0.0
 42
0.0405796252690656
  0
VERTEX
  5
A98
330
A74
100
AcDbEntity
  8
0
100
AcDbVertex
100
AcDb2dVertex
 10
1355.813259559218
 20
-453.6929555620299
 30
0.0
 42
0.0143450944869819
 70
     1
  0
VERTEX
  5
A99
330
A74
100
AcDbEntity
  8
0
100
AcDbVertex
100
AcDb2dVertex
 10
1289.073332193773
 20
-451.4436783404089
 30
0.0
 42
0.0054844172030433
  0
VERTEX
  5
A9A
330
A74
100
AcDbEntity
  8
0
100
AcDbVertex
100
AcDb2dVertex
 10
1163.628647669917
 20
-452.1922876990865
 30
0.0
 42
0.0071527060937162
 70
     1
  0
VERTEX
  5
A9B
330
A74
100
AcDbEntity
  8
0
100
AcDbVertex
100
AcDb2dVertex
 10
1067.485733889509
 20
-455.1969109582715
 30
0.0
 42
0.0087615685340777
  0
VERTEX
  5
A9C
330
A74
100
AcDbEntity
  8
0
100
AcDbVertex
100
AcDb2dVertex
 10
1024.941481328103
 20
-457.8837116115027
 30
0.0
 42
-0.0081531255989414
 70
     1
  0
VERTEX
  5
A9D
330
A74
100
AcDbEntity
  8
0
100
AcDbVertex
100
AcDb2dVertex
 10
979.2262983201071
 20
-460.8266186480177
 30
0.0
 42
-0.062510027184643
  0
VERTEX
  5
A9E
330
A74
100
AcDbEntity
  8
0
100
AcDbVertex
100
AcDb2dVertex
 10
922.0969774811528
 20
-456.4259942439385
 30
0.0
 42
0.078669286227118
 70
     1
  0
VERTEX
  5
A9F
330
A74
100
AcDbEntity
  8
0
100
AcDbVertex
100
AcDb2dVertex
 10
876.5101291546598
 20
-454.386000819155
 30
0.0
 42
0.0478250924924058
  0
VERTEX
  5
AA0
330
A74
100
AcDbEntity
  8
0
100
AcDbVertex
100
AcDb2dVertex
 10
854.148697896162
 20
-459.1024647536687
 30
0.0
 42
-0.0344939943977636
 70
     1
  0
VERTEX
  5
AA1
330
A74
100
AcDbEntity
  8
0
100
AcDbVertex
100
AcDb2dVertex
 10
823.3638699792791
 20
-466.456467574928
 30
0.0
 42
-0.0235713893391271
  0
VERTEX
  5
AA2
330
A74
100
AcDbEntity
  8
0
100
AcDbVertex
100
AcDb2dVertex
 10
798.0286847108509
 20
-469.4701159588293
 30
0.0
 42
-0.5102284767959722
 70
     1
  0
VERTEX
  5
AA3
330
A74
100
AcDbEntity
  8
0
100
AcDbVertex
100
AcDb2dVertex
 10
797.073958756635
 20
-468.3330838838592
 30
0.0
  0
VERTEX
  5
AA4
330
A74
100
AcDbEntity
  8
0
100
AcDbVertex
100
AcDb2dVertex
 10
804.5854459432884
 20
-438.3075054148211
 30
0.0
  0
VERTEX
  5
AA5
330
A74
100
AcDbEntity
  8
0
100
AcDbVertex
100
AcDb2dVertex
 10
825.2418887410312
 20
-355.7373764807126
 30
0.0
 42
0.0730409353706404
  0
VERTEX
  5
AA6
330
A74
100
AcDbEntity
  8
0
100
AcDbVertex
100
AcDb2dVertex
 10
827.1929179653525
 20
-336.1565441959537
 30
0.0
 42
0.0233051013921503
 70
     1
  0
VERTEX
  5
AA7
330
A74
100
AcDbEntity
  8
0
100
AcDbVertex
100
AcDb2dVertex
 10
821.4860471708234
 20
-275.0438638554188
 30
0.0
 42
0.0182988888762084
  0
VERTEX
  5
AA8
330
A74
100
AcDbEntity
  8
0
100
AcDbVertex
100
AcDb2dVertex
 10
817.4161285881419
 20
-252.1994323256659
 30
0.0
 42
-0.0109698913763853
 70
     1
  0
VERTEX
  5
AA9
330
A74
100
AcDbEntity
  8
0
100
AcDbVertex
100
AcDb2dVertex
 10
810.070969442604
 20
-214.2043384962017
 30
0.0
 42
-0.0422811877974625
  0
VERTEX
  5
AAA
330
A74
100
AcDbEntity
  8
0
100
AcDbVertex
100
AcDb2dVertex
 10
807.1641499844846
 20
-179.8909346904838
 30
0.0
 42
-0.0272005265134367
 70
     1
  0
VERTEX
  5
AAB
330
A74
100
AcDbEntity
  8
0
100
AcDbVertex
100
AcDb2dVertex
 10
810.070969442604
 20
-126.4973212979967
 30
0.0
  0
SEQEND
  5
AAC
330
A74
100
AcDbEntity
  8
0
  0
POLYLINE
  5
AAD
330
9A7
100
AcDbEntity
  8
0
100
AcDb2dPolyline
 66
     1
 10
0.0
 20
0.0
 30
0.0
 70
     2
  0
VERTEX
  5
AAE
330
AAD
100
AcDbEntity
  8
0
100
AcDbVertex
100
AcDb2dVertex
 10
660.5833017819095
 20
-455.1969109582715
 30
0.0
 42
0.0161077521653885
  0
VERTEX
  5
AAF
330
AAD
100
AcDbEntity
  8
0
100
AcDbVertex
100
AcDb2dVertex
 10
621.6645676454064
 20
-428.9650299670174
 30
0.0
 42
0.0245988265329337
 70
     1
  0
VERTEX
  5
AB0
330
AAD
100
AcDbEntity
  8
0
100
AcDbVertex
100
AcDb2dVertex
 10
594.8583277720026
 20
-413.9117758726934
 30
0.0
 42
0.009477215100867
  0
VERTEX
  5
AB1
330
AAD
100
AcDbEntity
  8
0
100
AcDbVertex
100
AcDb2dVertex
 10
545.8200545446016
 20
-390.6135754343122
 30
0.0
 42
0.0159372813057892
 70
     1
  0
VERTEX
  5
AB2
330
AAD
100
AcDbEntity
  8
0
100
AcDbVertex
100
AcDb2dVertex
 10
515.9880062439478
 20
-378.2564897139091
 30
0.0
 42
0.0725208528990522
  0
VERTEX
  5
AB3
330
AAD
100
AcDbEntity
  8
0
100
AcDbVertex
100
AcDb2dVertex
 10
499.6476300114299
 20
-374.6702446285635
 30
0.0
 42
0.0333392788004724
 70
     1
  0
VERTEX
  5
AB4
330
AAD
100
AcDbEntity
  8
0
100
AcDbVertex
100
AcDb2dVertex
 10
463.4079878453631
 20
-374.5033983330941
 30
0.0
  0
SEQEND
  5
AB5
330
AAD
100
AcDbEntity
  8
0
  0
POLYLINE
  5
AB6
330
9A7
100
AcDbEntity
  8
0
100
AcDb2dPolyline
 66
     1
 10
0.0
 20
0.0
 30
0.0
 70
     2
  0
VERTEX
  5
AB7
330
AB6
100
AcDbEntity
  8
0
100
AcDbVertex
100
AcDb2dVertex
 10
900.6086474223993
 20
-453.6728252451866
 30
0.0
 42
0.0097294744723616
  0
VERTEX
  5
AB8
330
AB6
100
AcDbEntity
  8
0
100
AcDbVertex
100
AcDb2dVertex
 10
927.8974597412162
 20
-444.6409905871842
 30
0.0
 42
0.009729474473291
 70
     1
  0
VERTEX
  5
AB9
330
AB6
100
AcDbEntity
  8
0
100
AcDbVertex
100
AcDb2dVertex
 10
954.8142099059187
 20
-434.5542727969586
 30
0.0
 42
0.0079705008528091
  0
VERTEX
  5
ABA
330
AB6
100
AcDbEntity
  8
0
100
AcDbVertex
100
AcDb2dVertex
 10
976.5591470752843
 20
-425.5156059400178
 30
0.0
 42
0.0079705008551367
 70
     1
  0
VERTEX
  5
ABB
330
AB6
100
AcDbEntity
  8
0
100
AcDbVertex
100
AcDb2dVertex
 10
998.0049183096271
 20
-415.7883921816246
 30
0.0
  0
SEQEND
  5
ABC
330
AB6
100
AcDbEntity
  8
0
  0
POLYLINE
  5
ABD
330
9A7
100
AcDbEntity
  8
0
100
AcDb2dPolyline
 66
     1
 10
0.0
 20
0.0
 30
0.0
 70
     2
  0
VERTEX
  5
ABE
330
ABD
100
AcDbEntity
  8
0
100
AcDbVertex
100
AcDb2dVertex
 10
1284.07898616069
 20
-100.5896195458481
 30
0.0
 42
0.0278421621871093
  0
VERTEX
  5
ABF
330
ABD
100
AcDbEntity
  8
0
100
AcDbVertex
100
AcDb2dVertex
 10
1260.297212000005
 20
-111.202792232274
 30
0.0
 42
0.0486850077751128
 70
     1
  0
VERTEX
  5
AC0
330
ABD
100
AcDbEntity
  8
0
100
AcDbVertex
100
AcDb2dVertex
 10
1247.760446598287
 20
-119.2865462948102
 30
0.0
 42
0.0236664622263066
  0
VERTEX
  5
AC1
330
ABD
100
AcDbEntity
  8
0
100
AcDbVertex
100
AcDb2dVertex
 10
1219.837173086591
 20
-143.6456021170597
 30
0.0
 42
0.0312234184537797
 70
     1
  0
VERTEX
  5
AC2
330
ABD
100
AcDbEntity
  8
0
100
AcDbVertex
100
AcDb2dVertex
 10
1200.813896624371
 20
-164.3247727612033
 30
0.0
 42
0.0468009736850804
  0
VERTEX
  5
AC3
330
ABD
100
AcDbEntity
  8
0
100
AcDbVertex
100
AcDb2dVertex
 10
1195.705887704156
 20
-171.9909071292495
 30
0.0
 42
0.023190832047154
 70
     1
  0
VERTEX
  5
AC4
330
ABD
100
AcDbEntity
  8
0
100
AcDbVertex
100
AcDb2dVertex
 10
1187.668941013282
 20
-188.7205023034475
 30
0.0
  0
SEQEND
  5
AC5
330
ABD
100
AcDbEntity
  8
0
  0
POLYLINE
  5
AC6
330
9A7
100
AcDbEntity
  8
0
100
AcDb2dPolyline
 66
     1
 10
0.0
 20
0.0
 30
0.0
 70
     2
  0
VERTEX
  5
AC7
330
AC6
100
AcDbEntity
  8
0
100
AcDbVertex
100
AcDb2dVertex
 10
574.8410073658451
 20
-100.5896195458481
 30
0.0
 42
0.0278421621871093
  0
VERTEX
  5
AC8
330
AC6
100
AcDbEntity
  8
0
100
AcDbVertex
100
AcDb2dVertex
 10
551.0592332051601
 20
-111.202792232274
 30
0.0
 42
0.0486850077751128
 70
     1
  0
VERTEX
  5
AC9
330
AC6
100
AcDbEntity
  8
0
100
AcDbVertex
100
AcDb2dVertex
 10
538.5224678034428
 20
-119.2865462948102
 30
0.0
 42
0.0236664622263066
  0
VERTEX
  5
ACA
330
AC6
100
AcDbEntity
  8
0
100
AcDbVertex
100
AcDb2dVertex
 10
510.5991942917462
 20
-143.6456021170597
 30
0.0
 42
0.0312234184537797
 70
     1
  0
VERTEX
  5
ACB
330
AC6
100
AcDbEntity
  8
0
100
AcDbVertex
100
AcDb2dVertex
 10
491.5759178295266
 20
-164.3247727612033
 30
0.0
 42
0.0468009736850804
  0
VERTEX
  5
ACC
330
AC6
100
AcDbEntity
  8
0
100
AcDbVertex
100
AcDb2dVertex
 10
486.4679089093114
 20
-171.9909071292495
 30
0.0
 42
0.023190832047154
 70
     1
  0
VERTEX
  5
ACD
330
AC6
100
AcDbEntity
  8
0
100
AcDbVertex
100
AcDb2dVertex
 10
478.4309622184373
 20
-188.7205023034475
 30
0.0
  0
SEQEND
  5
ACE
330
AC6
100
AcDbEntity
  8
0
  0
POLYLINE
  5
ACF
330
9A7
100
AcDbEntity
  8
0
100
AcDb2dPolyline
 66
     1
 10
0.0
 20
0.0
 30
0.0
 70
     2
  0
VERTEX
  5
AD0
330
ACF
100
AcDbEntity
  8
0
100
AcDbVertex
100
AcDb2dVertex
 10
656.8276561654638
 20
-94.89081675256603
 30
0.0
 42
0.0881531318181468
  0
VERTEX
  5
AD1
330
ACF
100
AcDbEntity
  8
0
100
AcDbVertex
100
AcDb2dVertex
 10
622.2978315080982
 20
-98.43457139458042
 30
0.0
 42
0.0881531318190246
 70
     1
  0
VERTEX
  5
AD2
330
ACF
100
AcDbEntity
  8
0
100
AcDbVertex
100
AcDb2dVertex
 10
591.1024862020276
 20
-113.6568386049475
 30
0.0
 42
0.0775471207029249
  0
VERTEX
  5
AD3
330
ACF
100
AcDbEntity
  8
0
100
AcDbVertex
100
AcDb2dVertex
 10
569.4562496813014
 20
-135.2689928915351
 30
0.0
 42
0.077547120704443
 70
     1
  0
VERTEX
  5
AD4
330
ACF
100
AcDbEntity
  8
0
100
AcDbVertex
100
AcDb2dVertex
 10
555.4230690312106
 20
-162.4482976893196
 30
0.0
  0
SEQEND
  5
AD5
330
ACF
100
AcDbEntity
  8
0
  0
POLYLINE
  5
AD6
330
9A7
100
AcDbEntity
  8
0
100
AcDb2dPolyline
 66
     1
 10
0.0
 20
0.0
 30
0.0
 70
     2
  0
VERTEX
  5
AD7
330
AD6
100
AcDbEntity
  8
0
100
AcDbVertex
100
AcDb2dVertex
 10
1366.065634960309
 20
-94.89081675256603
 30
0.0
 42
0.0881531318181468
  0
VERTEX
  5
AD8
330
AD6
100
AcDbEntity
  8
0
100
AcDbVertex
100
AcDb2dVertex
 10
1331.535810302943
 20
-98.43457139458042
 30
0.0
 42
0.0881531318190246
 70
     1
  0
VERTEX
  5
AD9
330
AD6
100
AcDbEntity
  8
0
100
AcDbVertex
100
AcDb2dVertex
 10
1300.340464996872
 20
-113.6568386049475
 30
0.0
 42
0.0775471207029249
  0
VERTEX
  5
ADA
330
AD6
100
AcDbEntity
  8
0
100
AcDbVertex
100
AcDb2dVertex
 10
1278.694228476146
 20
-135.2689928915351
 30
0.0
 42
0.077547120704443
 70
     1
  0
VERTEX
  5
ADB
330
AD6
100
AcDbEntity
  8
0
100
AcDbVertex
100
AcDb2dVertex
 10
1264.661047826055
 20
-162.4482976893196
 30
0.0
  0
SEQEND
  5
ADC
330
AD6
100
AcDbEntity
  8
0
  0
ENDBLK
  5
ADD
330
9A7
100
AcDbEntity
  8
0
100
AcDbBlockEnd
  0
BLOCK
  5
ADF
330
ADE
100
AcDbEntity
  8
0
100
AcDbBlockBegin
  2
_WBLK
 70
     2
 10
0.0
 20
0.0
 30
0.0
  3
_WBLK
  1

  0
ATTDEF
  5
AE0
330
ADE
100
AcDbEntity
  8
WINDOW_TEXT
100
AcDbText
 10
0.0
 20
1.5
 30
0.0
 40
1.0
  1

  7
SIMPLEX
 72
     4
 11
0.0
 21
1.5
 31
0.0
100
AcDbAttributeDefinition
280
     0
  3

  2
A
 70
     9
280
     0
  0
LINE
  5
AE1
330
ADE
100
AcDbEntity
  8
0
100
AcDbLine
 10
0.5
 20
0.1666666666666666
 30
0.0
 11
-0.5
 21
0.1666666666666666
 31
0.0
  0
LINE
  5
AE2
330
ADE
100
AcDbEntity
  8
0
100
AcDbLine
 10
0.5
 20
-0.1666666666666667
 30
0.0
 11
-0.5
 21
-0.1666666666666667
 31
0.0
  0
LINE
  5
AE3
330
ADE
100
AcDbEntity
  8
0
100
AcDbLine
 10
-0.5
 20
-0.5
 30
0.0
 11
0.5
 21
-0.5
 31
0.0
  0
LINE
  5
AE4
330
ADE
100
AcDbEntity
  8
0
100
AcDbLine
 10
-0.5
 20
0.5
 30
0.0
 11
0.5
 21
0.5
 31
0.0
  0
ENDBLK
  5
AE5
330
ADE
100
AcDbEntity
  8
0
100
AcDbBlockEnd
  0
BLOCK
  5
AE7
330
AE6
100
AcDbEntity
  8
0
100
AcDbBlockBegin
  2
A$C4FB049B5
 70
     0
 10
0.0
 20
0.0
 30
0.0
  3
A$C4FB049B5
  1

  0
TEXT
  5
AE8
330
AE6
100
AcDbEntity
  8
ZT
100
AcDbText
 10
4.550107075810956
 20
82.77550004801014
 30
0.0
 40
399.9085714285714
  1
m
 41
0.8
  7
-宋体
100
AcDbText
  0
TEXT
  5
AE9
330
AE6
100
AcDbEntity
  8
ZT
100
AcDbText
 10
260.1782088024629
 20
298.5006811532439
 30
0.0
 40
199.9542857142857
  1
2
 41
0.8
  7
-宋体
100
AcDbText
  0
ENDBLK
  5
AEA
330
AE6
100
AcDbEntity
  8
0
100
AcDbBlockEnd
  0
BLOCK
  5
AEC
330
AEB
100
AcDbEntity
  8
0
100
AcDbBlockBegin
  2
_LV10
 70
     0
 10
0.0
 20
0.0
 30
0.0
  3
_LV10
  1

  0
LINE
  5
AED
330
AEB
100
AcDbEntity
  8
0
100
AcDbLine
 10
0.0
 20
-37.00000000000364
 30
0.0
 11
-0.000000000003638
 21
-432.0
 31
0.0
  0
ARC
  5
AEE
330
AEB
100
AcDbEntity
  8
0
100
AcDbCircle
 10
-0.000000000003638
 20
-432.0
 30
0.0
 40
50.0
100
AcDbArc
 50
121.0331935236997
 51
58.96680647630035
  0
ENDBLK
  5
AEF
330
AEB
100
AcDbEntity
  8
0
100
AcDbBlockEnd
  0
BLOCK
  5
AF1
330
AF0
100
AcDbEntity
  8
0
100
AcDbBlockBegin
  2
A$C4AEA3397
 70
     0
 10
0.0
 20
0.0
 30
0.0
  3
A$C4AEA3397
  1

  0
INSERT
  5
AF2
330
AF0
100
AcDbEntity
  8
LVTRY
100
AcDbBlockReference
  2
_LV10
 10
47.96443979076139
 20
-36.99994644481922
 30
0.0
 50
180.0
  0
ENDBLK
  5
AF3
330
AF0
100
AcDbEntity
  8
0
100
AcDbBlockEnd
  0
BLOCK
  5
AF5
330
AF4
100
AcDbEntity
  8
0
100
AcDbBlockBegin
  2
_ARROW
 70
     0
 10
0.0
 20
0.0
 30
0.0
  3
_ARROW
  1

  0
SOLID
  5
AF6
330
AF4
100
AcDbEntity
  8
0
100
AcDbTrace
 10
0.0
 20
0.0
 30
0.0
 11
-1.0
 21
0.1
 31
0.0
 12
-1.0
 22
-0.1
 32
0.0
 13
-1.0
 23
-0.1
 33
0.0
  0
ENDBLK
  5
AF7
330
AF4
100
AcDbEntity
  8
0
100
AcDbBlockEnd
  0
BLOCK
  5
AF9
330
AF8
100
AcDbEntity
  8
0
100
AcDbBlockBegin
  2
_DBLK
 70
     2
 10
0.0
 20
0.0
 30
0.0
  3
_DBLK
  1

  0
ATTDEF
  5
AFA
330
AF8
100
AcDbEntity
  8
WINDOW_TEXT
100
AcDbText
 10
0.0
 20
1.5
 30
0.0
 40
1.0
  1

  7
SIMPLEX
 72
     4
 11
0.0
 21
1.5
 31
0.0
100
AcDbAttributeDefinition
280
     0
  3

  2
A
 70
     9
280
     0
  0
ARC
  5
AFB
330
AF8
100
AcDbEntity
  8
0
100
AcDbCircle
 10
-0.5
 20
0.0
 30
0.0
 40
1.0
100
AcDbArc
 50
300.0
 51
0.0
  0
LINE
  5
AFC
330
AF8
100
AcDbEntity
  8
0
100
AcDbLine
 10
-0.5
 20
0.0
 30
0.0
 11
0.0000000000000002
 21
-0.8660254037844385
 31
0.0
  0
ENDBLK
  5
AFD
330
AF8
100
AcDbEntity
  8
0
100
AcDbBlockEnd
  0
BLOCK
  5
AFF
330
AFE
100
AcDbEntity
  8
0
100
AcDbBlockBegin
  2
M_F13
 70
     2
 10
0.0
 20
0.0
 30
0.0
  3
M_F13
  1

  0
ATTDEF
  5
B00
330
AFE
100
AcDbEntity
  8
0
100
AcDbText
 10
9.373079929115192
 20
6.245527033001053
 30
0.0
 40
0.2
  1
1000
 41
0.8
100
AcDbAttributeDefinition
280
     0
  3

  2
YSIZE
 70
     9
280
     0
  0
ATTDEF
  5
B01
330
AFE
100
AcDbEntity
  8
0
100
AcDbText
 10
-62.48718857030872
 20
12.4910540660021
 30
0.0
 40
0.2
  1
1000
 41
0.8
100
AcDbAttributeDefinition
280
     0
  3

  2
XSIZE
 70
     9
280
     0
  0
CIRCLE
  5
B02
330
AFE
100
AcDbEntity
  8
0
100
AcDbCircle
 10
-3.124356323995016
 20
3.122764844410994
 30
0.0
 40
38.19129419894237
  0
ARC
  5
B03
330
AFE
100
AcDbEntity
  8
0
100
AcDbCircle
 10
958.8282334270953
 20
2090.854452699206
 30
0.0
 40
1965.482605593802
100
AcDbArc
 50
250.0864889084941
 51
256.3451059776773
  0
ARC
  5
B04
330
AFE
100
AcDbEntity
  8
0
100
AcDbCircle
 10
-610.1709703373416
 20
-941.8811506774291
 30
0.0
 40
880.1208231571679
100
AcDbArc
 50
77.37282204331454
 51
85.464893159638
  0
ARC
  5
B05
330
AFE
100
AcDbEntity
  8
0
100
AcDbCircle
 10
-8.366491272492567
 20
3.42621329090798
 30
0.0
 40
536.532599840818
100
AcDbArc
 50
160.8426086360242
 51
187.2750049578882
  0
ARC
  5
B06
330
AFE
100
AcDbEntity
  8
0
100
AcDbCircle
 10
-8.366491272492567
 20
3.42621329090798
 30
0.0
 40
524.2458075739541
100
AcDbArc
 50
200.8102967799918
 51
231.4391627845076
  0
ARC
  5
B07
330
AFE
100
AcDbEntity
  8
0
100
AcDbCircle
 10
-8.366491272492567
 20
3.42621329090798
 30
0.0
 40
521.8934893924252
100
AcDbArc
 50
243.1498330697507
 51
261.8356210533511
  0
ARC
  5
B08
330
AFE
100
AcDbEntity
  8
0
100
AcDbCircle
 10
-8.366491272492567
 20
3.42621329090798
 30
0.0
 40
527.2859582375126
100
AcDbArc
 50
274.7236248562026
 51
290.3277014868109
  0
ARC
  5
B09
330
AFE
100
AcDbEntity
  8
0
100
AcDbCircle
 10
-8.366491272492567
 20
3.42621329090798
 30
0.0
 40
514.0723757636952
100
AcDbArc
 50
305.3940385052633
 51
326.2463764496025
  0
ARC
  5
B0A
330
AFE
100
AcDbEntity
  8
0
100
AcDbCircle
 10
-8.366491272492567
 20
3.42621329090798
 30
0.0
 40
533.5852264281983
100
AcDbArc
 50
340.3307323359838
 51
19.42996586111129
  0
ARC
  5
B0B
330
AFE
100
AcDbEntity
  8
0
100
AcDbCircle
 10
-8.366491272492567
 20
3.42621329090798
 30
0.0
 40
523.3081512775127
100
AcDbArc
 50
31.40983736236552
 51
49.47524964655826
  0
ARC
  5
B0C
330
AFE
100
AcDbEntity
  8
0
100
AcDbCircle
 10
-8.366491272492567
 20
3.42621329090798
 30
0.0
 40
530.635912621629
100
AcDbArc
 50
62.87665481919286
 51
77.70213155929174
  0
ARC
  5
B0D
330
AFE
100
AcDbEntity
  8
0
100
AcDbCircle
 10
-8.366491272492567
 20
3.42621329090798
 30
0.0
 40
532.1830287655648
100
AcDbArc
 50
89.33214789761615
 51
114.3856376375889
  0
ARC
  5
B0E
330
AFE
100
AcDbEntity
  8
0
100
AcDbCircle
 10
-8.366491272492567
 20
3.42621329090798
 30
0.0
 40
526.717709094641
100
AcDbArc
 50
126.0750832653474
 51
153.6245397522663
  0
ARC
  5
B0F
330
AFE
100
AcDbEntity
  8
0
100
AcDbCircle
 10
357.6164668545061
 20
465.0542429203251
 30
0.0
 40
655.5885988104213
100
AcDbArc
 50
266.7454952844626
 51
282.0146256256703
  0
ARC
  5
B10
330
AFE
100
AcDbEntity
  8
0
100
AcDbCircle
 10
-0.1343107446045906
 20
-630.5382491610344
 30
0.0
 40
545.2301099407769
100
AcDbArc
 50
39.65358745448386
 51
53.99299145650343
  0
ARC
  5
B11
330
AFE
100
AcDbEntity
  8
0
100
AcDbCircle
 10
325.3933213488563
 20
-117.6562043841968
 30
0.0
 40
300.1513038858919
100
AcDbArc
 50
230.4582328344403
 51
263.1092801234542
  0
ARC
  5
B12
330
AFE
100
AcDbEntity
  8
0
100
AcDbCircle
 10
295.5747862085336
 20
-375.7284358642501
 30
0.0
 40
163.4501424661076
100
AcDbArc
 50
170.6313753688686
 51
220.6278158106918
  0
ARC
  5
B13
330
AFE
100
AcDbEntity
  8
0
100
AcDbCircle
 10
100.2743666530095
 20
-356.5412966543882
 30
0.0
 40
177.912621491226
100
AcDbArc
 50
186.1911535261988
 51
248.4951689965226
  0
ARC
  5
B14
330
AFE
100
AcDbEntity
  8
0
100
AcDbCircle
 10
124.9841737184488
 20
-442.2467953651557
 30
0.0
 40
220.2945284226358
100
AcDbArc
 50
160.600850515773
 51
199.3991494842191
  0
ARC
  5
B15
330
AFE
100
AcDbEntity
  8
0
100
AcDbCircle
 10
-1350.450460115571
 20
-519.1479329482699
 30
0.0
 40
1107.83068267065
100
AcDbArc
 50
2.946463605808077
 51
10.92381386573493
  0
ARC
  5
B16
330
AFE
100
AcDbEntity
  8
0
100
AcDbCircle
 10
-250.9462972172714
 20
-395.6289919717128
 30
0.0
 40
87.2136964104515
100
AcDbArc
 50
97.74104035208523
 51
188.8107453020594
  0
ARC
  5
B17
330
AFE
100
AcDbEntity
  8
0
100
AcDbCircle
 10
-4.50956089588908
 20
-499.5216754744943
 30
0.0
 40
586.7160784787772
100
AcDbArc
 50
134.7781732768324
 51
147.3314664882382
  0
ARC
  5
B18
330
AFE
100
AcDbEntity
  8
0
100
AcDbCircle
 10
411.9486994804646
 20
44.08673669176823
 30
0.0
 40
233.5512010930507
100
AcDbArc
 50
83.53226198880665
 51
121.6543979234022
  0
ARC
  5
B19
330
AFE
100
AcDbEntity
  8
0
100
AcDbCircle
 10
-244.3907489811299
 20
1929.23720569768
 30
0.0
 40
1632.167053856146
100
AcDbArc
 50
285.4397484795939
 51
290.7099380494143
  0
ARC
  5
B1A
330
AFE
100
AcDbEntity
  8
0
100
AcDbCircle
 10
79.86628706235023
 20
476.3367862375234
 30
0.0
 40
153.6894522377071
100
AcDbArc
 50
315.8453936709736
 51
359.7650517005485
  0
ARC
  5
B1B
330
AFE
100
AcDbEntity
  8
0
100
AcDbCircle
 10
-84.56230609322302
 20
589.4586796650692
 30
0.0
 40
201.8433641199806
100
AcDbArc
 50
304.1868289016925
 51
338.5411029521464
  0
ARC
  5
B1C
330
AFE
100
AcDbEntity
  8
0
100
AcDbCircle
 10
-174.7510699382728
 20
449.0992219469844
 30
0.0
 40
193.0394698033984
100
AcDbArc
 50
352.0774890396579
 51
26.61284375673618
  0
ARC
  5
B1D
330
AFE
100
AcDbEntity
  8
0
100
AcDbCircle
 10
-325.4140871285308
 20
399.2104523212729
 30
0.0
 40
130.0053747879539
100
AcDbArc
 50
343.6554930631365
 51
39.75999905221701
  0
ARC
  5
B1E
330
AFE
100
AcDbEntity
  8
0
100
AcDbCircle
 10
-355.5003343913286
 20
207.8080208276788
 30
0.0
 40
224.403476599897
100
AcDbArc
 50
48.5203254456983
 51
80.51513420599325
  0
LINE
  5
B1F
330
AFE
100
AcDbEntity
  8
0
100
AcDbLine
 10
-484.1707726325494
 20
239.3635604351966
 30
0.0
 11
-484.1707726325494
 21
239.3635604351966
 31
0.0
  0
LINE
  5
B20
330
AFE
100
AcDbEntity
  8
0
100
AcDbLine
 10
-397.3273588397006
 20
192.8007087845653
 30
0.0
 11
-484.1707726325494
 21
239.3635604351966
 31
0.0
  0
LINE
  5
B21
330
AFE
100
AcDbEntity
  8
0
100
AcDbLine
 10
-515.1862775585668
 20
179.497036884386
 30
0.0
 11
-397.3273588397006
 21
192.8007087845653
 31
0.0
  0
ENDBLK
  5
B22
330
AFE
100
AcDbEntity
  8
0
100
AcDbBlockEnd
  0
BLOCK
  5
B24
330
B23
100
AcDbEntity
  8
0
100
AcDbBlockBegin
  2
A$C1FA84588
 70
     0
 10
0.0
 20
0.0
 30
0.0
  3
A$C1FA84588
  1

  0
INSERT
  5
B25
330
B23
100
AcDbEntity
  8
TREE
 62
     3
100
AcDbBlockReference
 66
     1
  2
M_F13
 10
-3324.502441151184
 20
3598.229697638191
 30
0.0
 41
-6.718463999999999
 42
6.718463999999999
 43
-6.718463999999999
 50
180.0
210
0.0
220
0.0
230
-1.0
  0
ATTRIB
  5
B26
330
B25
100
AcDbEntity
  8
0
100
AcDbText
 10
3261.529741747421
 20
3556.269349225797
 30
0.0
 40
1.343692799992859
  1
1000
 41
0.8000000002836484
 51
-180.0
 71
     6
100
AcDbAttribute
280
     0
  2
YSIZE
 70
     9
280
     0
  0
ATTRIB
  5
B27
330
B25
100
AcDbEntity
  8
0
100
AcDbText
 10
3744.320369226975
 20
3514.309000589885
 30
0.0
 40
1.343692799992859
  1
1000
 41
0.8000000002836484
 51
-180.0
 71
     6
100
AcDbAttribute
280
     0
  2
XSIZE
 70
     9
280
     0
  0
SEQEND
  5
B28
330
B25
100
AcDbEntity
  8
TREE
  0
ENDBLK
  5
B29
330
B23
100
AcDbEntity
  8
0
100
AcDbBlockEnd
  0
BLOCK
  5
B2B
330
B2A
100
AcDbEntity
  8
0
100
AcDbBlockBegin
  2
A$C37823D81
 70
     0
 10
0.0
 20
0.0
 30
0.0
  3
A$C37823D81
  1

  0
INSERT
  5
B2C
330
B2A
100
AcDbEntity
  8
LINE
100
AcDbBlockReference
  2
A$C1FA84588
 10
90.92136656865477
 20
-0.0003039091825485
 30
0.0
 41
0.5
 42
0.5
 43
0.5
  0
ENDBLK
  5
B2D
330
B2A
100
AcDbEntity
  8
0
100
AcDbBlockEnd
  0
BLOCK
  5
B2F
330
B2E
100
AcDbEntity
  8
0
100
AcDbBlockBegin
  2
A$C47F9129C
 70
     0
 10
0.0
 20
0.0
 30
0.0
  3
A$C47F9129C
  1

  0
LINE
  5
B30
330
B2E
100
AcDbEntity
  8
F
100
AcDbLine
 10
163.779079798609
 20
759.9343141885474
 30
0.0
 11
0.0000436902046204
 21
578.2071660319343
 31
0.0
  0
LINE
  5
B31
330
B2E
100
AcDbEntity
  8
F
100
AcDbLine
 10
163.779079798609
 20
62.38941127900034
 30
0.0
 11
0.0000436902046204
 21
244.1165594356135
 31
0.0
  0
LWPOLYLINE
  5
B32
330
B2E
100
AcDbEntity
  8
F
100
AcDbPolyline
 90
        4
 70
     1
 43
0.0
 10
412.303976625204
 20
822.3238412532955
 10
163.779079798609
 20
822.3238412532955
 10
163.779079798609
 20
-0.0001157866790891
 10
412.303976625204
 20
-0.0001157866790891
  0
LINE
  5
B33
330
B2E
100
AcDbEntity
  8
F
100
AcDbLine
 10
0.0000436902046204
 20
244.1165594356135
 30
0.0
 11
0.0000436902046204
 21
578.2071660319343
 31
0.0
  0
ENDBLK
  5
B34
330
B2E
100
AcDbEntity
  8
0
100
AcDbBlockEnd
  0
BLOCK
  5
B36
330
B35
100
AcDbEntity
  8
0
100
AcDbBlockBegin
  2
A$C34093B97
 70
     0
 10
0.0
 20
0.0
 30
0.0
  3
A$C34093B97
  1

  0
LINE
  5
B37
330
B35
100
AcDbEntity
  8
填充
100
AcDbLine
 10
539.9996678140014
 20
199.9998843139037
 30
0.0
 11
121.7396873869002
 21
199.9998843139037
 31
0.0
  0
LINE
  5
B38
330
B35
100
AcDbEntity
  8
填充
100
AcDbLine
 10
539.9996678140014
 20
1032.108773526736
 30
0.0
 11
539.9996678140014
 21
199.9998843139037
 31
0.0
  0
LINE
  5
B39
330
B35
100
AcDbEntity
  8
填充
100
AcDbLine
 10
499.999667815864
 20
1042.588158911094
 30
0.0
 11
499.9996678140014
 21
239.9998843139037
 31
0.0
  0
LINE
  5
B3A
330
B35
100
AcDbEntity
  8
填充
100
AcDbLine
 10
499.9996678140014
 20
239.9998843139037
 30
0.0
 11
121.7396873869002
 21
239.9998843139037
 31
0.0
  0
LINE
  5
B3B
330
B35
100
AcDbEntity
  8
填充
100
AcDbLine
 10
121.7396873869002
 20
4117.888625829481
 30
0.0
 11
539.9996678158641
 21
4117.888625829481
 31
0.0
  0
LINE
  5
B3C
330
B35
100
AcDbEntity
  8
填充
100
AcDbLine
 10
539.9996678158641
 20
4117.888625829481
 30
0.0
 11
539.9996678140014
 21
3354.595706545748
 31
0.0
  0
LINE
  5
B3D
330
B35
100
AcDbEntity
  8
填充
100
AcDbLine
 10
499.9996678140014
 20
4077.88862582948
 30
0.0
 11
499.9996678140014
 21
3344.116321165115
 31
0.0
  0
LINE
  5
B3E
330
B35
100
AcDbEntity
  8
填充
100
AcDbLine
 10
121.7396873869002
 20
4077.88862582948
 30
0.0
 11
499.9996678140014
 21
4077.88862582948
 31
0.0
  0
INSERT
  5
B3F
330
B35
100
AcDbEntity
  8
0
100
AcDbBlockReference
  2
A$C37823D81
 10
616.4914639964699
 20
396.6191659988835
 30
0.0
 41
-0.1
 42
0.1
 43
0.1
  0
INSERT
  5
B40
330
B35
100
AcDbEntity
  8
0
100
AcDbBlockReference
  2
A$C37823D81
 10
510.4992335345595
 20
3689.799656623043
 30
0.0
 41
-0.1
 42
0.1
 43
0.1
  0
INSERT
  5
B41
330
B35
100
AcDbEntity
  8
0
100
AcDbBlockReference
  2
A$C37823D81
 10
414.5527468025684
 20
3475.30357224308
 30
0.0
 41
-0.1
 42
0.1
 43
0.1
  0
LINE
  5
B42
330
B35
100
AcDbEntity
  8
0
100
AcDbLine
 10
499.9996674079447
 20
1042.588159141131
 30
0.0
 11
121.7396873869002
 21
1042.588159141131
 31
0.0
  0
LINE
  5
B43
330
B35
100
AcDbEntity
  8
0
100
AcDbLine
 10
499.9996674060821
 20
3344.116320934147
 30
0.0
 11
121.7396873869002
 21
3344.116320934147
 31
0.0
  0
INSERT
  5
B44
330
B35
100
AcDbEntity
  8
0
100
AcDbBlockReference
  2
A$C47F9129C
 10
102.9387306179851
 20
1649.614966834895
 30
0.0
 41
1.3
 42
1.3
 43
1.3
  0
ARC
  5
B45
330
B35
100
AcDbEntity
  8
填充
100
AcDbCircle
 10
-1534.861291401088
 20
2193.352240036242
 30
0.0
 40
2337.716212794533
100
AcDbArc
 50
330.5107695114148
 51
29.48923048866726
  0
LWPOLYLINE
  5
B46
330
B35
100
AcDbEntity
  8
0
100
AcDbPolyline
 90
        4
 70
     1
 43
0.0
 10
-0.000332185998559
 20
-0.000115686096251
 10
121.7396873869002
 20
-0.000115686096251
 10
121.7396873869002
 20
1530.30315936543
 10
-0.000332185998559
 20
1530.30315936543
  0
LWPOLYLINE
  5
B47
330
B35
100
AcDbEntity
  8
0
100
AcDbPolyline
 90
        4
 70
     1
 43
0.0
 10
-0.000332185998559
 20
4317.888625829481
 10
121.7396873869002
 20
4317.888625829481
 10
121.7396873869002
 20
2787.585350777954
 10
-0.000332185998559
 20
2787.585350777954
  0
ARC
  5
B48
330
B35
100
AcDbEntity
  8
填充
100
AcDbCircle
 10
-1534.861291401088
 20
2193.352240036242
 30
0.0
 40
2377.716212794533
100
AcDbArc
 50
330.7654425510391
 51
29.23455744896092
  0
LINE
  5
B49
330
B35
100
AcDbEntity
  8
填充
100
AcDbLine
 10
-0.000332185998559
 20
4317.888625829481
 30
0.0
 11
-0.000332185998559
 21
-0.000115686096251
 31
0.0
  0
ENDBLK
  5
B4A
330
B35
100
AcDbEntity
  8
0
100
AcDbBlockEnd
  0
BLOCK
  5
B4C
330
B4B
100
AcDbEntity
  8
0
 48
5.0
100
AcDbBlockBegin
  2
A$C0B1B081E
 70
     0
 10
0.0
 20
0.0
 30
0.0
  3
A$C0B1B081E
  1

  0
INSERT
  5
B4D
330
B4B
100
AcDbEntity
  8
0
100
AcDbBlockReference
 66
     1
  2
M_C54TQD
 10
2000.000081534981
 20
0.0000475662291137
 30
0.0
 41
-1.0
 50
269.9999999999998
  0
ATTRIB
  5
B4E
330
B4D
100
AcDbEntity
  8
0
100
AcDbText
 10
2000.500081534982
 20
0.0000475662291137
 30
0.0
 40
0.5
  1
1500
 50
89.99999999999985
 41
0.8
  7
DIM_FONT
100
AcDbAttribute
280
     0
  2
XSIZE
 70
     9
280
     0
  0
ATTRIB
  5
B4F
330
B4D
100
AcDbEntity
  8
0
100
AcDbText
 10
2000.500081534982
 20
0.0000475662291137
 30
0.0
 40
0.5
  1
2000
 50
89.99999999999985
 41
0.8
  7
DIM_FONT
100
AcDbAttribute
280
     0
  2
YSIZE
 70
     9
280
     0
  0
SEQEND
  5
B50
330
B4D
100
AcDbEntity
  8
0
  0
ENDBLK
  5
B51
330
B4B
100
AcDbEntity
  8
0
 48
5.0
100
AcDbBlockEnd
  0
BLOCK
  5
B53
330
B52
100
AcDbEntity
  8
0
 48
5.0
100
AcDbBlockBegin
  2
A$C49232555
 70
     0
 10
0.0
 20
0.0
 30
0.0
  3
A$C49232555
  1

  0
LINE
  5
B54
330
B52
100
AcDbEntity
  8
0
100
AcDbLine
 10
13.87545512001816
 20
235.2559554893324
 30
0.0
 11
451.2550141839528
 21
235.2559554893342
 31
0.0
  0
LWPOLYLINE
  5
B55
330
B52
100
AcDbEntity
  8
0
100
AcDbPolyline
 90
        4
 70
     1
 43
0.0
 10
0.0000450550942332
 20
449.9999820476605
 10
450.0000450550942
 20
449.9999820476623
 10
450.0000450550942
 20
-0.0000179523376573
 10
0.0000450550942332
 20
-0.0000179523394763
  0
CIRCLE
  5
B56
330
B52
100
AcDbEntity
  8
0
100
AcDbCircle
 10
239.1763838650149
 20
226.378524684158
 30
0.0
 40
167.5913359754414
  0
LINE
  5
B57
330
B52
100
AcDbEntity
  8
0
100
AcDbLine
 10
238.1727180831804
 20
11.05366495205453
 30
0.0
 11
238.1727180831804
 21
437.038013410176
 31
0.0
  0
ENDBLK
  5
B58
330
B52
100
AcDbEntity
  8
0
 48
5.0
100
AcDbBlockEnd
  0
BLOCK
  5
B5A
330
B59
100
AcDbEntity
  8
0
100
AcDbBlockBegin
  2
M_C4
 70
     2
 10
0.0
 20
0.0
 30
0.0
  3
M_C4
  1

  0
ATTDEF
  5
B5B
330
B59
100
AcDbEntity
  8
0
100
AcDbText
 10
225.0
 20
-150.0
 30
0.0
 40
0.5
  1
724
 41
0.8
100
AcDbAttributeDefinition
280
     0
  3
YSIZE
  2
YSIZE
 70
     9
280
     0
  0
ATTDEF
  5
B5C
330
B59
100
AcDbEntity
  8
0
100
AcDbText
 10
225.0
 20
-150.0
 30
0.0
 40
0.5
  1
546
 41
0.8
100
AcDbAttributeDefinition
280
     0
  3
XSIZE
  2
XSIZE
 70
     9
280
     0
  0
LINE
  5
B5D
330
B59
100
AcDbEntity
  8
0
100
AcDbLine
 10
100.0
 20
250.0
 30
0.0
 11
350.0
 21
250.0
 31
0.0
  0
LINE
  5
B5E
330
B59
100
AcDbEntity
  8
0
100
AcDbLine
 10
363.2791389720515
 20
168.9093859652639
 30
0.0
 11
83.99603954766645
 21
168.9093859652639
 31
0.0
  0
LINE
  5
B5F
330
B59
100
AcDbEntity
  8
0
100
AcDbLine
 10
187.4554112730548
 20
-106.9194440855644
 30
0.0
 11
56.82741089438787
 21
-335.6727376721101
 31
0.0
  0
LINE
  5
B60
330
B59
100
AcDbEntity
  8
0
100
AcDbLine
 10
450.0
 20
-150.0
 30
0.0
 11
0.0
 21
-150.0
 31
0.0
  0
LINE
  5
B61
330
B59
100
AcDbEntity
  8
0
100
AcDbLine
 10
450.0
 20
150.0
 30
0.0
 11
450.0
 21
-150.0
 31
0.0
  0
LINE
  5
B62
330
B59
100
AcDbEntity
  8
0
100
AcDbLine
 10
0.0
 20
-150.0
 30
0.0
 11
0.0
 21
150.0
 31
0.0
  0
LINE
  5
B63
330
B59
100
AcDbEntity
  8
0
100
AcDbLine
 10
187.4554112730548
 20
-106.9194440855644
 30
0.0
 11
546.68248393049
 21
-474.5586623724666
 31
0.0
  0
ARC
  5
B64
330
B59
100
AcDbEntity
  8
0
100
AcDbCircle
 10
100.0
 20
150.0
 30
0.0
 40
100.0
100
AcDbArc
 50
90.0
 51
180.0
  0
ARC
  5
B65
330
B59
100
AcDbEntity
  8
0
100
AcDbCircle
 10
350.0
 20
150.0
 30
0.0
 40
100.0
100
AcDbArc
 50
0.0
 51
90.0
  0
ATTDEF
  5
B66
330
B59
100
AcDbEntity
  8
0
100
AcDbText
 10
225.0
 20
-150.0
 30
0.0
 40
0.5
  1
546
 41
0.8
100
AcDbAttributeDefinition
280
     0
  3
XSIZE
  2
XSIZE
 70
     9
280
     0
  0
ATTDEF
  5
B67
330
B59
100
AcDbEntity
  8
0
100
AcDbText
 10
225.0
 20
-150.0
 30
0.0
 40
0.5
  1
724
 41
0.8
100
AcDbAttributeDefinition
280
     0
  3
YSIZE
  2
YSIZE
 70
     9
280
     0
  0
ATTDEF
  5
B68
330
B59
100
AcDbEntity
  8
0
100
AcDbText
 10
0.0
 20
0.0
 30
0.0
 40
0.5
  1
546
100
AcDbAttributeDefinition
280
     0
  3
XSIZE
  2
XSIZE
 70
     9
280
     0
  0
ATTDEF
  5
B69
330
B59
100
AcDbEntity
  8
0
100
AcDbText
 10
0.0
 20
0.0
 30
0.0
 40
0.5
  1
724
100
AcDbAttributeDefinition
280
     0
  3
YSIZE
  2
YSIZE
 70
     9
280
     0
  0
ENDBLK
  5
B6A
330
B59
100
AcDbEntity
  8
0
100
AcDbBlockEnd
  0
BLOCK
  5
B6C
330
B6B
100
AcDbEntity
  8
0
 48
5.0
100
AcDbBlockBegin
  2
A$C7C8A5B6C
 70
     0
 10
0.0
 20
0.0
 30
0.0
  3
A$C7C8A5B6C
  1

  0
INSERT
  5
B6D
330
B6B
100
AcDbEntity
  8
0
100
AcDbBlockReference
 66
     1
  2
M_C4
 10
249.9999422790643
 20
546.6824924098491
 30
0.0
 41
-1.0
 50
90.00000000000003
  0
ATTRIB
  5
B6E
330
B6D
100
AcDbEntity
  8
0
100
AcDbText
 10
399.9999422790643
 20
321.6824924098473
 30
0.0
 40
0.5
  1
724
 50
90.00000000000003
 41
0.8
 71
     2
100
AcDbAttribute
280
     0
  2
YSIZE
 70
     9
280
     0
  0
ATTRIB
  5
B6F
330
B6D
100
AcDbEntity
  8
0
100
AcDbText
 10
399.9999422790643
 20
321.6824924098473
 30
0.0
 40
0.5
  1
546
 50
90.00000000000003
 41
0.8
 71
     2
100
AcDbAttribute
280
     0
  2
XSIZE
 70
     9
280
     0
  0
ATTRIB
  5
B70
330
B6D
100
AcDbEntity
  8
0
100
AcDbText
 10
399.9999422790643
 20
321.6824924098473
 30
0.0
 40
0.5
  1
546
 50
90.00000000000003
 41
0.8
 71
     2
100
AcDbAttribute
280
     0
  2
XSIZE
 70
     9
280
     0
  0
ATTRIB
  5
B71
330
B6D
100
AcDbEntity
  8
0
100
AcDbText
 10
399.9999422790643
 20
321.6824924098473
 30
0.0
 40
0.5
  1
724
 50
90.00000000000003
 41
0.8
 71
     2
100
AcDbAttribute
280
     0
  2
YSIZE
 70
     9
280
     0
  0
ATTRIB
  5
B72
330
B6D
100
AcDbEntity
  8
0
100
AcDbText
 10
249.9999422790643
 20
546.6824924098491
 30
0.0
 40
0.5
  1
546
 50
90.00000000000003
 71
     2
100
AcDbAttribute
280
     0
  2
XSIZE
 70
     9
280
     0
  0
ATTRIB
  5
B73
330
B6D
100
AcDbEntity
  8
0
100
AcDbText
 10
249.9999422790643
 20
546.6824924098491
 30
0.0
 40
0.5
  1
724
 50
90.00000000000003
 71
     2
100
AcDbAttribute
280
     0
  2
YSIZE
 70
     9
280
     0
  0
SEQEND
  5
B74
330
B6D
100
AcDbEntity
  8
PUB_HATCH
  0
ENDBLK
  5
B75
330
B6B
100
AcDbEntity
  8
0
 48
5.0
100
AcDbBlockEnd
  0
BLOCK
  5
B77
330
B76
100
AcDbEntity
  8
0
100
AcDbBlockBegin
  2
M_E25ESP
 70
     2
 10
0.0
 20
0.0
 30
0.0
  3
M_E25ESP
  1

  0
ATTDEF
  5
B78
330
B76
100
AcDbEntity
  8
0
100
AcDbText
 10
0.0
 20
0.0
 30
0.0
 40
0.5
  1
450
 41
0.8
  7
DIM_FONT
100
AcDbAttributeDefinition
280
     0
  3
XSIZE
  2
XSIZE
 70
     9
280
     0
  0
ATTDEF
  5
B79
330
B76
100
AcDbEntity
  8
0
100
AcDbText
 10
0.0
 20
0.0
 30
0.0
 40
0.5
  1
675
 41
0.8
  7
DIM_FONT
100
AcDbAttributeDefinition
280
     0
  3
YSIZE
  2
YSIZE
 70
     9
280
     0
  0
LINE
  5
B7A
330
B76
100
AcDbEntity
  8
0
  6
ByBlock
 62
     0
100
AcDbLine
 10
0.0
 20
-306.8181818181825
 30
0.0
 11
0.0
 21
306.8181818181825
 31
0.0
  0
LINE
  5
B7B
330
B76
100
AcDbEntity
  8
0
  6
ByBlock
 62
     0
100
AcDbLine
 10
450.0
 20
306.8181818181825
 30
0.0
 11
450.0
 21
-306.8181818181825
 31
0.0
  0
ARC
  5
B7C
330
B76
100
AcDbEntity
  8
0
  6
ByBlock
 62
     0
100
AcDbCircle
 10
143.1818181818175
 20
-20.45454545454595
 30
0.0
 40
61.36363636363636
100
AcDbArc
 50
180.0
 51
270.0
  0
ARC
  5
B7D
330
B76
100
AcDbEntity
  8
0
  6
ByBlock
 62
     0
100
AcDbCircle
 10
357.9545454545459
 20
-20.45454545454595
 30
0.0
 40
61.36363636363636
100
AcDbArc
 50
270.0
 51
0.0
  0
LINE
  5
B7E
330
B76
100
AcDbEntity
  8
0
  6
ByBlock
 62
     0
100
AcDbLine
 10
143.1818181818175
 20
-81.81818181818243
 30
0.0
 11
357.9545454545459
 21
-81.81818181818243
 31
0.0
  0
LINE
  5
B7F
330
B76
100
AcDbEntity
  8
0
  6
ByBlock
 62
     0
100
AcDbLine
 10
357.9545454545459
 20
-122.7272727272729
 30
0.0
 11
143.1818181818175
 21
-122.7272727272729
 31
0.0
  0
LINE
  5
B80
330
B76
100
AcDbEntity
  8
0
  6
ByBlock
 62
     0
100
AcDbLine
 10
143.1818181818175
 20
-306.8181818181825
 30
0.0
 11
357.9545454545459
 21
-306.8181818181825
 31
0.0
  0
LINE
  5
B81
330
B76
100
AcDbEntity
  8
0
  6
ByBlock
 62
     0
100
AcDbLine
 10
419.3181818181824
 20
-337.5
 30
0.0
 11
30.68181818181756
 21
-337.5
 31
0.0
  0
ARC
  5
B82
330
B76
100
AcDbEntity
  8
0
  6
ByBlock
 62
     0
100
AcDbCircle
 10
143.1818181818175
 20
-245.4545454545459
 30
0.0
 40
61.36363636363636
100
AcDbArc
 50
180.0
 51
270.0
  0
ARC
  5
B83
330
B76
100
AcDbEntity
  8
0
  6
ByBlock
 62
     0
100
AcDbCircle
 10
143.1818181818175
 20
-184.0909090909094
 30
0.0
 40
61.36363636363636
100
AcDbArc
 50
90.0
 51
180.0
  0
ARC
  5
B84
330
B76
100
AcDbEntity
  8
0
  6
ByBlock
 62
     0
100
AcDbCircle
 10
30.68181818181756
 20
-306.8181818181825
 30
0.0
 40
30.68181818181818
100
AcDbArc
 50
180.0
 51
270.0
  0
CIRCLE
  5
B85
330
B76
100
AcDbEntity
  8
0
  6
ByBlock
 62
     0
100
AcDbCircle
 10
51.13636363636351
 20
-143.1818181818175
 30
0.0
 40
20.45454545454545
  0
CIRCLE
  5
B86
330
B76
100
AcDbEntity
  8
0
  6
ByBlock
 62
     0
100
AcDbCircle
 10
51.13636363636351
 20
-61.36363636363649
 30
0.0
 40
20.45454545454545
  0
LINE
  5
B87
330
B76
100
AcDbEntity
  8
0
  6
ByBlock
 62
     0
100
AcDbLine
 10
81.81818181818243
 20
-184.0909090909094
 30
0.0
 11
81.81818181818243
 21
-245.4545454545459
 31
0.0
  0
CIRCLE
  5
B88
330
B76
100
AcDbEntity
  8
0
  6
ByBlock
 62
     0
100
AcDbCircle
 10
250.5681818181824
 20
-209.6590909090906
 30
0.0
 40
25.56818181818182
  0
ARC
  5
B89
330
B76
100
AcDbEntity
  8
0
  6
ByBlock
 62
     0
100
AcDbCircle
 10
419.3181818181824
 20
-306.8181818181825
 30
0.0
 40
30.68181818181818
100
AcDbArc
 50
270.0
 51
0.0
  0
ARC
  5
B8A
330
B76
100
AcDbEntity
  8
0
  6
ByBlock
 62
     0
100
AcDbCircle
 10
357.9545454545459
 20
-245.4545454545459
 30
0.0
 40
61.36363636363636
100
AcDbArc
 50
270.0
 51
0.0
  0
ARC
  5
B8B
330
B76
100
AcDbEntity
  8
0
  6
ByBlock
 62
     0
100
AcDbCircle
 10
357.9545454545459
 20
-184.0909090909094
 30
0.0
 40
61.36363636363636
100
AcDbArc
 50
0.0
 51
90.0
  0
LINE
  5
B8C
330
B76
100
AcDbEntity
  8
0
  6
ByBlock
 62
     0
100
AcDbLine
 10
419.3181818181824
 20
-245.4545454545459
 30
0.0
 11
419.3181818181824
 21
-184.0909090909094
 31
0.0
  0
LINE
  5
B8D
330
B76
100
AcDbEntity
  8
0
  6
ByBlock
 62
     0
100
AcDbLine
 10
357.9545454545459
 20
306.8181818181825
 30
0.0
 11
143.1818181818175
 21
306.8181818181825
 31
0.0
  0
LINE
  5
B8E
330
B76
100
AcDbEntity
  8
0
  6
ByBlock
 62
     0
100
AcDbLine
 10
30.68181818181756
 20
337.5
 30
0.0
 11
419.3181818181824
 21
337.5
 31
0.0
  0
LINE
  5
B8F
330
B76
100
AcDbEntity
  8
0
  6
ByBlock
 62
     0
100
AcDbLine
 10
172.7622000000092
 20
52.50655227273091
 30
0.0
 11
87.34131818181641
 21
-17.8147022727112
 31
0.0
  0
LINE
  5
B90
330
B76
100
AcDbEntity
  8
0
  6
ByBlock
 62
     0
100
AcDbLine
 10
58.92449318180661
 20
31.40468181818869
 30
0.0
 11
162.5349272727362
 21
70.22072045454206
 31
0.0
  0
ARC
  5
B91
330
B76
100
AcDbEntity
  8
0
  6
ByBlock
 62
     0
100
AcDbCircle
 10
143.1818181818175
 20
245.4545454545459
 30
0.0
 40
61.36363636363636
100
AcDbArc
 50
90.0
 51
180.0
  0
CIRCLE
  5
B92
330
B76
100
AcDbEntity
  8
0
  6
ByBlock
 62
     0
100
AcDbCircle
 10
51.13636363636351
 20
61.36363636363649
 30
0.0
 40
20.45454545454545
  0
LINE
  5
B93
330
B76
100
AcDbEntity
  8
0
  6
ByBlock
 62
     0
100
AcDbLine
 10
81.81818181818243
 20
245.4545454545459
 30
0.0
 11
81.81818181818243
 21
39.9814363636533
 31
0.0
  0
ARC
  5
B94
330
B76
100
AcDbEntity
  8
0
  6
ByBlock
 62
     0
100
AcDbCircle
 10
74.34100227271073
 20
-2.022913636367775
 30
0.0
 40
20.45454545454545
100
AcDbArc
 50
210.0
 51
309.462322
  0
ARC
  5
B95
330
B76
100
AcDbEntity
  8
0
  6
ByBlock
 62
     0
100
AcDbCircle
 10
66.10041818182025
 20
12.25018636364075
 30
0.0
 40
20.45454545454545
100
AcDbArc
 50
110.537678
 51
210.0
  0
LINE
  5
B96
330
B76
100
AcDbEntity
  8
0
  6
ByBlock
 62
     0
100
AcDbLine
 10
48.38627045456087
 20
2.022913636367775
 30
0.0
 11
56.62685454545135
 21
-12.25018636364075
 31
0.0
  0
ARC
  5
B97
330
B76
100
AcDbEntity
  8
0
  6
ByBlock
 62
     0
100
AcDbCircle
 10
30.68181818181756
 20
306.8181818181825
 30
0.0
 40
30.68181818181818
100
AcDbArc
 50
90.0
 51
180.0
  0
LINE
  5
B98
330
B76
100
AcDbEntity
  8
0
  6
ByBlock
 62
     0
100
AcDbLine
 10
162.5349272727362
 20
70.22072045454206
 30
0.0
 11
172.7622000000092
 21
52.50655227273091
 31
0.0
  0
CIRCLE
  5
B99
330
B76
100
AcDbEntity
  8
0
  6
ByBlock
 62
     0
100
AcDbCircle
 10
250.5681818181824
 20
112.5
 30
0.0
 40
25.56818181818182
  0
ARC
  5
B9A
330
B76
100
AcDbEntity
  8
0
  6
ByBlock
 62
     0
100
AcDbCircle
 10
357.9545454545459
 20
245.4545454545459
 30
0.0
 40
61.36363636363636
100
AcDbArc
 50
0.0
 51
90.0
  0
LINE
  5
B9B
330
B76
100
AcDbEntity
  8
0
  6
ByBlock
 62
     0
100
AcDbLine
 10
419.3181818181824
 20
-20.45454545454595
 30
0.0
 11
419.3181818181824
 21
245.4545454545459
 31
0.0
  0
ARC
  5
B9C
330
B76
100
AcDbEntity
  8
0
  6
ByBlock
 62
     0
100
AcDbCircle
 10
419.3181818181824
 20
306.8181818181825
 30
0.0
 40
30.68181818181818
100
AcDbArc
 50
0.0
 51
90.0
  0
ENDBLK
  5
B9D
330
B76
100
AcDbEntity
  8
0
100
AcDbBlockEnd
  0
BLOCK
  5
B9F
330
B9E
100
AcDbEntity
  8
0
 48
5.0
100
AcDbBlockBegin
  2
A$C3786725B
 70
     0
 10
0.0
 20
0.0
 30
0.0
  3
A$C3786725B
  1

  0
INSERT
  5
BA0
330
B9E
100
AcDbEntity
  8
0
100
AcDbBlockReference
 66
     1
  2
M_E19
 10
279.9999758094636
 20
400.0000152956054
 30
0.0
 41
0.8
 42
0.8
 43
0.8
 50
359.9999999999998
  0
ATTRIB
  5
BA1
330
BA0
100
AcDbEntity
  8
0
100
AcDbText
 10
279.9999758094636
 20
400.0000152956054
 30
0.0
 40
0.4
  1
700
 50
359.9999999999998
 41
0.8
100
AcDbAttribute
280
     0
  2
XSIZE
 70
     9
280
     0
  0
ATTRIB
  5
BA2
330
BA0
100
AcDbEntity
  8
0
100
AcDbText
 10
279.9999758094636
 20
400.0000152956054
 30
0.0
 40
0.4
  1
500
 50
359.9999999999998
 41
0.8
100
AcDbAttribute
280
     0
  2
YSIZE
 70
     9
280
     0
  0
SEQEND
  5
BA3
330
BA0
100
AcDbEntity
  8
PUB_HATCH
  0
ENDBLK
  5
BA4
330
B9E
100
AcDbEntity
  8
0
 48
5.0
100
AcDbBlockEnd
  0
BLOCK
  5
BA6
330
BA5
100
AcDbEntity
  8
0
100
AcDbBlockBegin
  2
M_E11
 70
     2
 10
0.0
 20
0.0
 30
0.0
  3
M_E11
  1

  0
CIRCLE
  5
BA7
330
BA5
100
AcDbEntity
  8
0
100
AcDbCircle
 10
210.0
 20
-75.0
 30
0.0
 40
24.0
  0
CIRCLE
  5
BA8
330
BA5
100
AcDbEntity
  8
0
100
AcDbCircle
 10
-210.0
 20
-75.0
 30
0.0
 40
24.0
  0
CIRCLE
  5
BA9
330
BA5
100
AcDbEntity
  8
0
100
AcDbCircle
 10
-210.0
 20
-75.0
 30
0.0
 40
24.0
  0
LWPOLYLINE
  5
BAA
330
BA5
100
AcDbEntity
  8
0
100
AcDbPolyline
 90
        2
 70
   128
 43
0.0
 10
-253.0475816802033
 20
-188.2804691079212
 42
0.1725462446217063
 10
-249.7445037594281
 20
-357.502875476107
 42
0.7263952009259942
  0
LWPOLYLINE
  5
BAB
330
BA5
100
AcDbEntity
  8
0
100
AcDbPolyline
 90
        2
 70
   128
 43
1.5
 10
-325.7196470476707
 20
-203.6796231500079
 10
-325.7364341085272
 20
-268.3210881838367
  0
LWPOLYLINE
  5
BAC
330
BA5
100
AcDbEntity
  8
0
100
AcDbPolyline
 90
        2
 70
   128
 43
1.5
 10
325.7196470476707
 20
-203.6796231500079
 10
325.7364341085272
 20
-268.3210881838367
  0
LWPOLYLINE
  5
BAD
330
BA5
100
AcDbEntity
  8
0
100
AcDbPolyline
 90
        2
 70
   128
 43
0.0
 10
253.0475816802033
 20
-188.2804691079212
 42
-0.1725462446217063
 10
249.7445037594281
 20
-357.502875476107
 42
-0.7263952009259942
  0
LWPOLYLINE
  5
BAE
330
BA5
100
AcDbEntity
  8
0
100
AcDbPolyline
 90
        2
 70
     0
 43
1.5
 10
325.7196470476707
 20
-203.6796231500079
 10
280.0
 20
-5.0
  0
LWPOLYLINE
  5
BAF
330
BA5
100
AcDbEntity
  8
0
100
AcDbPolyline
 90
        2
 70
     0
 43
1.5
 10
-280.0
 20
0.0
 10
280.0
 20
0.0
  0
CIRCLE
  5
BB0
330
BA5
100
AcDbEntity
  8
0
100
AcDbCircle
 10
90.0
 20
-65.0
 30
0.0
 40
10.0
  0
CIRCLE
  5
BB1
330
BA5
100
AcDbEntity
  8
0
100
AcDbCircle
 10
-90.0
 20
-65.0
 30
0.0
 40
10.0
  0
CIRCLE
  5
BB2
330
BA5
100
AcDbEntity
  8
0
100
AcDbCircle
 10
0.0
 20
-170.0
 30
0.0
 40
15.0
  0
CIRCLE
  5
BB3
330
BA5
100
AcDbEntity
  8
0
100
AcDbCircle
 10
-210.0
 20
-75.0
 30
0.0
 40
24.0
  0
CIRCLE
  5
BB4
330
BA5
100
AcDbEntity
  8
0
100
AcDbCircle
 10
0.0
 20
-170.0
 30
0.0
 40
25.0
  0
ARC
  5
BB5
330
BA5
100
AcDbEntity
  8
0
100
AcDbCircle
 10
-249.5056433758025
 20
-185.6802697010202
 30
0.0
 40
1.0
100
AcDbArc
 50
131.3223568947546
 51
180.0
  0
LINE
  5
BB6
330
BA5
100
AcDbEntity
  8
0
100
AcDbLine
 10
-247.7897820911921
 20
-182.8401157246291
 30
0.0
 11
-250.1659381378457
 21
-184.9292631582935
 31
0.0
  0
LWPOLYLINE
  5
BB7
330
BA5
100
AcDbEntity
  8
0
100
AcDbPolyline
 90
        7
 70
     0
 43
0.0
 10
253.0475816802033
 20
-188.2804691079212
 42
0.0982083024350652
 10
193.1688142264323
 20
-140.8346282304191
 42
0.0662865502075282
 10
110.3513957322097
 20
-111.3619009821798
 42
0.0524280713320064
 10
0.0000000000000568
 20
-99.75898632568851
 42
0.0524280713320062
 10
-110.351395732209
 20
-111.3619009821796
 42
0.0662865502075287
 10
-193.1688142264322
 20
-140.8346282304189
 42
0.0938759716040223
 10
-250.8409032847541
 20
-185.7313891483783
 42
0.171377175730478
  0
LINE
  5
BB8
330
BA5
100
AcDbEntity
  8
0
100
AcDbLine
 10
-250.5056433758025
 20
-188.9030317685026
 30
0.0
 11
-250.5056433758025
 21
-185.6802697010202
 31
0.0
  0
LWPOLYLINE
  5
BB9
330
BA5
100
AcDbEntity
  8
0
100
AcDbPolyline
 90
        7
 70
     0
 43
0.0
 10
-249.5287737420379
 20
-357.743287390725
 42
0.0913411895620938
 10
-193.1688142264323
 20
-401.1653717695809
 42
0.0662865502075287
 10
-110.3513957322091
 20
-430.6380990178203
 42
0.0524280713320062
 10
0.0
 20
-442.2410136743114
 42
0.0524280713320062
 10
110.3513957322091
 20
-430.6380990178203
 42
0.0662865502075288
 10
193.1688142264322
 20
-401.165371769581
 42
0.0917559001900751
 10
249.7445037594281
 20
-357.502875476107
 42
0.1713771757304789
  0
POLYLINE
  5
BBA
330
BA5
100
AcDbEntity
  8
0
100
AcDb2dPolyline
 66
     1
 10
0.0
 20
0.0
 30
0.0
 70
     2
 40
1.5
 41
1.5
  0
VERTEX
  5
BBB
330
BBA
100
AcDbEntity
  8
0
100
AcDbVertex
100
AcDb2dVertex
 10
-325.6508892814171
 20
-199.5069900706051
 30
0.0
  0
VERTEX
  5
BBC
330
BBA
100
AcDbEntity
  8
0
100
AcDbVertex
100
AcDb2dVertex
 10
-280.0
 20
-5.0
 30
0.0
  0
SEQEND
  5
BBD
330
BBA
100
AcDbEntity
  8
0
  0
LWPOLYLINE
  5
BBE
330
BA5
100
AcDbEntity
  8
0
100
AcDbPolyline
 90
       10
 70
     0
 43
1.5
 10
-325.7364341085271
 20
-265.6789118161633
 42
0.1492852629222198
 10
-304.3806079413716
 20
-336.6408204226023
 42
0.1070785342951636
 10
-230.904903495943
 20
-407.7090984504992
 42
0.0756250000844228
 10
-131.0498841262887
 20
-450.450431703677
 42
0.0624357547468304
 10
-0.8124120338861757
 20
-467.3138035618237
 42
0.0624357547468305
 10
129.5575588546746
 20
-451.507376452533
 42
0.0756250000844227
 10
229.7559793793862
 20
-409.5773992771719
 42
0.1070785342951638
 10
303.8057199892309
 20
-339.1074397112891
 42
0.1492852629222203
 10
325.7364341085272
 20
-268.3210881838367
 42
0.0052054456895666
 10
325.7196470476707
 20
-265.6796231500079
 42
0.0865955562492403
  0
LWPOLYLINE
  5
BBF
330
BA5
100
AcDbEntity
  8
0
100
AcDbPolyline
 90
        2
 70
     0
 43
1.5
 10
-325.6508892814171
 20
-199.5069900706051
 42
0.0082233602705985
 10
-325.7364341085271
 20
-203.6789118161633
 42
0.1492852629222198
  0
LINE
  5
BC0
330
BA5
100
AcDbEntity
  8
0
100
AcDbLine
 10
-280.0
 20
-10.0
 30
0.0
 11
-280.0
 21
0.0
 31
0.0
  0
LINE
  5
BC1
330
BA5
100
AcDbEntity
  8
0
100
AcDbLine
 10
280.0
 20
0.0
 30
0.0
 11
280.0
 21
-10.0
 31
0.0
  0
ATTDEF
  5
BC2
330
BA5
100
AcDbEntity
  8
0
100
AcDbText
 10
0.0
 20
0.0
 30
0.0
 40
0.5
  1
650
 41
0.8
100
AcDbAttributeDefinition
280
     0
  3
XSIZE
  2
XSIZE
 70
     9
280
     0
  0
ATTDEF
  5
BC3
330
BA5
100
AcDbEntity
  8
0
100
AcDbText
 10
0.0
 20
0.0
 30
0.0
 40
0.5
  1
450
 41
0.8
100
AcDbAttributeDefinition
280
     0
  3
YSIZE
  2
YSIZE
 70
     9
280
     0
  0
ENDBLK
  5
BC4
330
BA5
100
AcDbEntity
  8
0
100
AcDbBlockEnd
  0
BLOCK
  5
BC6
330
BC5
100
AcDbEntity
  8
0
 48
5.0
100
AcDbBlockBegin
  2
A$C05DF5B67
 70
     0
 10
0.0
 20
0.0
 30
0.0
  3
A$C05DF5B67
  1

  0
INSERT
  5
BC7
330
BC5
100
AcDbEntity
  8
0
100
AcDbBlockReference
 66
     1
  2
M_E11
 10
326.4865004452222
 20
468.0637495049632
 30
0.0
  0
ATTRIB
  5
BC8
330
BC7
100
AcDbEntity
  8
0
100
AcDbText
 10
326.4865004452222
 20
468.0637495049632
 30
0.0
 40
0.5
  1
650
 41
0.8
100
AcDbAttribute
280
     0
  2
XSIZE
 70
     9
280
     0
  0
ATTRIB
  5
BC9
330
BC7
100
AcDbEntity
  8
0
100
AcDbText
 10
326.4865004452222
 20
468.0637495049632
 30
0.0
 40
0.5
  1
450
 41
0.8
100
AcDbAttribute
280
     0
  2
YSIZE
 70
     9
280
     0
  0
SEQEND
  5
BCA
330
BC7
100
AcDbEntity
  8
0
  0
ENDBLK
  5
BCB
330
BC5
100
AcDbEntity
  8
0
 48
5.0
100
AcDbBlockEnd
  0
BLOCK
  5
BCD
330
BCC
100
AcDbEntity
  8
0
 48
5.0
100
AcDbBlockBegin
  2
A$C7A12193D
 70
     0
 10
0.0
 20
0.0
 30
0.0
  3
A$C7A12193D
  1

  0
LINE
  5
BCE
330
BCC
100
AcDbEntity
  8
0
100
AcDbLine
 10
478.9591090678004
 20
99.99995988593946
 30
0.0
 11
18.95910906780045
 21
99.99995988593582
 31
0.0
  0
ARC
  5
BCF
330
BCC
100
AcDbEntity
  8
0
100
AcDbCircle
 10
91.45910906780045
 20
167.4999598859394
 30
0.0
 40
67.5
100
AcDbArc
 50
180.0
 51
270.0
  0
ARC
  5
BD0
330
BCC
100
AcDbEntity
  8
0
100
AcDbCircle
 10
91.459109067815
 20
392.4999598859395
 30
0.0
 40
67.5
100
AcDbArc
 50
90.00000000000003
 51
180.0
  0
ARC
  5
BD1
330
BCC
100
AcDbEntity
  8
0
100
AcDbCircle
 10
209.1135209787026
 20
315.4398312081612
 30
0.0
 40
315.5896225382623
100
AcDbArc
 50
229.2734566895781
 51
268.2348621535465
  0
ARC
  5
BD2
330
BCC
100
AcDbEntity
  8
0
100
AcDbCircle
 10
248.9591090678004
 20
2777.838210606991
 30
0.0
 40
2712.716921149136
100
AcDbArc
 50
264.8023040315459
 51
275.1976959684541
  0
ARC
  5
BD3
330
BCC
100
AcDbEntity
  8
0
100
AcDbCircle
 10
18.95910906780045
 20
79.99995988593582
 30
0.0
 40
20.0
100
AcDbArc
 50
90.00000000000003
 51
157.3300087844904
  0
ARC
  5
BD4
330
BCC
100
AcDbEntity
  8
0
100
AcDbCircle
 10
9.731708247694768
 20
83.85418796753947
 30
0.0
 40
10.0
100
AcDbArc
 50
157.3300087844918
 51
229.2734566895798
  0
LINE
  5
BD5
330
BCC
100
AcDbEntity
  8
0
100
AcDbLine
 10
23.95910906780045
 20
167.4999598859358
 30
0.0
 11
23.95910906780045
 21
392.4999598859358
 31
0.0
  0
LINE
  5
BD6
330
BCC
100
AcDbEntity
  8
0
100
AcDbLine
 10
406.4591090678004
 20
459.9999598859358
 30
0.0
 11
91.45910906780045
 21
459.9999598859394
 31
0.0
  0
LINE
  5
BD7
330
BCC
100
AcDbEntity
  8
0
100
AcDbLine
 10
298.5256762259232
 20
-0.0000401140605391
 30
0.0
 11
199.3925419096922
 21
-0.000040114064177
 31
0.0
  0
ARC
  5
BD8
330
BCC
100
AcDbEntity
  8
0
100
AcDbCircle
 10
478.9591090678004
 20
79.99995988593946
 30
0.0
 40
20.0
100
AcDbArc
 50
22.66999121550959
 51
90.00000000000003
  0
ARC
  5
BD9
330
BCC
100
AcDbEntity
  8
0
100
AcDbCircle
 10
406.4591090678004
 20
167.4999598859358
 30
0.0
 40
67.5
100
AcDbArc
 50
270.0
 51
0.0
  0
ARC
  5
BDA
330
BCC
100
AcDbEntity
  8
0
100
AcDbCircle
 10
288.8046971568983
 20
315.4398312081649
 30
0.0
 40
315.5896225382623
100
AcDbArc
 50
271.7651378464534
 51
310.7265433104219
  0
ARC
  5
BDB
330
BCC
100
AcDbEntity
  8
0
100
AcDbCircle
 10
488.1865098879061
 20
83.85418796754311
 30
0.0
 40
10.0
100
AcDbArc
 50
310.7265433104212
 51
22.66999121550815
  0
ARC
  5
BDC
330
BCC
100
AcDbEntity
  8
0
100
AcDbCircle
 10
406.459109067815
 20
392.4999598859358
 30
0.0
 40
67.5
100
AcDbArc
 50
0.0
 51
90.00000000000003
  0
LINE
  5
BDD
330
BCC
100
AcDbEntity
  8
0
100
AcDbLine
 10
473.9591090678004
 20
167.4999598859394
 30
0.0
 11
473.9591090678004
 21
392.4999598859395
 31
0.0
  0
ENDBLK
  5
BDE
330
BCC
100
AcDbEntity
  8
0
 48
5.0
100
AcDbBlockEnd
  0
BLOCK
  5
BE0
330
BDF
100
AcDbEntity
  8
0
 48
5.0
100
AcDbBlockBegin
  2
A$C7E780FB7
 70
     2
 10
0.0
 20
0.0
 30
0.0
  3
A$C7E780FB7
  1

  0
POLYLINE
  5
BE1
330
BDF
100
AcDbEntity
  8
0
100
AcDb2dPolyline
 66
     1
 10
0.0
 20
0.0
 30
0.0
 70
     2
  0
VERTEX
  5
BE2
330
BE1
100
AcDbEntity
  8
0
100
AcDbVertex
100
AcDb2dVertex
 10
673.5022334666427
 20
239.8816636243791
 30
0.0
 42
0.0541140079316239
  0
VERTEX
  5
BE3
330
BE1
100
AcDbEntity
  8
0
100
AcDbVertex
100
AcDb2dVertex
 10
667.2539651011466
 20
214.2959451704992
 30
0.0
 42
0.088910497883761
 70
     1
  0
VERTEX
  5
BE4
330
BE1
100
AcDbEntity
  8
0
100
AcDbVertex
100
AcDb2dVertex
 10
659.1796835991699
 20
200.3559719247751
 30
0.0
 42
0.006713776282288
  0
VERTEX
  5
BE5
330
BE1
100
AcDbEntity
  8
0
100
AcDbVertex
100
AcDb2dVertex
 10
644.7053380071738
 20
183.7117095718422
 30
0.0
 42
0.0145307558059277
 70
     1
  0
VERTEX
  5
BE6
330
BE1
100
AcDbEntity
  8
0
100
AcDbVertex
100
AcDb2dVertex
 10
637.6958587979534
 20
176.3111761408472
 30
0.0
 42
0.0107132263286685
  0
VERTEX
  5
BE7
330
BE1
100
AcDbEntity
  8
0
100
AcDbVertex
100
AcDb2dVertex
 10
619.3802111021577
 20
158.8316441178285
 30
0.0
 42
0.0175747728534632
 70
     1
  0
VERTEX
  5
BE8
330
BE1
100
AcDbEntity
  8
0
100
AcDbVertex
100
AcDb2dVertex
 10
607.6284849472504
 20
148.8228541861244
 30
0.0
 42
0.0372217292636001
  0
VERTEX
  5
BE9
330
BE1
100
AcDbEntity
  8
0
100
AcDbVertex
100
AcDb2dVertex
 10
592.442620872971
 20
138.5244062224301
 30
0.0
 42
0.0345986469402491
 70
     1
  0
VERTEX
  5
BEA
330
BE1
100
AcDbEntity
  8
0
100
AcDbVertex
100
AcDb2dVertex
 10
574.6916106875651
 20
129.898432099646
 30
0.0
 42
0.0229795497633657
  0
VERTEX
  5
BEB
330
BE1
100
AcDbEntity
  8
0
100
AcDbVertex
100
AcDb2dVertex
 10
557.5182189070329
 20
123.8772728257136
 30
0.0
 42
0.0236131418877251
 70
     1
  0
VERTEX
  5
BEC
330
BE1
100
AcDbEntity
  8
0
100
AcDbVertex
100
AcDb2dVertex
 10
540.3324623121079
 20
119.597797293085
 30
0.0
 42
0.0148415015324391
  0
VERTEX
  5
BED
330
BE1
100
AcDbEntity
  8
0
100
AcDbVertex
100
AcDb2dVertex
 10
523.3582914851285
 20
116.7338234374656
 30
0.0
 42
0.0125332567031716
 70
     1
  0
VERTEX
  5
BEE
330
BE1
100
AcDbEntity
  8
0
100
AcDbVertex
100
AcDb2dVertex
 10
503.1038135276685
 20
114.4474798898009
 30
0.0
 42
0.0218384400885372
  0
VERTEX
  5
BEF
330
BE1
100
AcDbEntity
  8
0
100
AcDbVertex
100
AcDb2dVertex
 10
478.4429661419271
 20
113.3698570763299
 30
0.0
 42
0.0294068541386019
 70
     1
  0
VERTEX
  5
BF0
330
BE1
100
AcDbEntity
  8
0
100
AcDbVertex
100
AcDb2dVertex
 10
460.13616392525
 20
114.4474798898009
 30
0.0
 42
0.029465490175374
  0
VERTEX
  5
BF1
330
BE1
100
AcDbEntity
  8
0
100
AcDbVertex
100
AcDb2dVertex
 10
437.5020647867131
 20
118.4845797428315
 30
0.0
 42
0.0318809075363462
 70
     1
  0
VERTEX
  5
BF2
330
BE1
100
AcDbEntity
  8
0
100
AcDbVertex
100
AcDb2dVertex
 10
417.1934665002991
 20
124.7481146963655
 30
0.0
  0
VERTEX
  5
BF3
330
BE1
100
AcDbEntity
  8
0
100
AcDbVertex
100
AcDb2dVertex
 10
372.803542782116
 20
141.9358018445273
 30
0.0
  0
VERTEX
  5
BF4
330
BE1
100
AcDbEntity
  8
0
100
AcDbVertex
100
AcDb2dVertex
 10
338.4443944066661
 20
155.6799628218905
 30
0.0
 42
0.1359729885157516
  0
VERTEX
  5
BF5
330
BE1
100
AcDbEntity
  8
0
100
AcDbVertex
100
AcDb2dVertex
 10
325.2094457609274
 20
166.0174094741851
 30
0.0
 42
0.0995173912496485
 70
     1
  0
VERTEX
  5
BF6
330
BE1
100
AcDbEntity
  8
0
100
AcDbVertex
100
AcDb2dVertex
 10
315.5382954896922
 20
186.6118109474119
 30
0.0
 42
0.0166508053392109
  0
VERTEX
  5
BF7
330
BE1
100
AcDbEntity
  8
0
100
AcDbVertex
100
AcDb2dVertex
 10
312.8263807582261
 20
199.502510052549
 30
0.0
 42
0.010976975480433
 70
     1
  0
VERTEX
  5
BF8
330
BE1
100
AcDbEntity
  8
0
100
AcDbVertex
100
AcDb2dVertex
 10
309.7992946717204
 20
219.2504503054188
 30
0.0
 42
0.0153312248222603
  0
VERTEX
  5
BF9
330
BE1
100
AcDbEntity
  8
0
100
AcDbVertex
100
AcDb2dVertex
 10
308.9829155791885
 20
227.4290704745181
 30
0.0
 42
0.010105988599776
 70
     1
  0
VERTEX
  5
BFA
330
BE1
100
AcDbEntity
  8
0
100
AcDbVertex
100
AcDb2dVertex
 10
308.3770205559558
 20
239.8816636243791
 30
0.0
  0
SEQEND
  5
BFB
330
BE1
100
AcDbEntity
  8
0
  0
POLYLINE
  5
BFC
330
BDF
100
AcDbEntity
  8
0
100
AcDb2dPolyline
 66
     1
 10
0.0
 20
0.0
 30
0.0
 70
     2
  0
VERTEX
  5
BFD
330
BFC
100
AcDbEntity
  8
0
100
AcDbVertex
100
AcDb2dVertex
 10
673.5022334666427
 20
239.8816636243791
 30
0.0
 42
-0.0541140079316239
  0
VERTEX
  5
BFE
330
BFC
100
AcDbEntity
  8
0
100
AcDbVertex
100
AcDb2dVertex
 10
667.2539651011539
 20
265.4673820782591
 30
0.0
 42
-0.088910497883761
 70
     1
  0
VERTEX
  5
BFF
330
BFC
100
AcDbEntity
  8
0
100
AcDbVertex
100
AcDb2dVertex
 10
659.1796835991699
 20
279.4073553239832
 30
0.0
 42
-0.006713776282288
  0
VERTEX
  5
C00
330
BFC
100
AcDbEntity
  8
0
100
AcDbVertex
100
AcDb2dVertex
 10
644.7053380071811
 20
296.0516176769161
 30
0.0
 42
-0.0145307558059277
 70
     1
  0
VERTEX
  5
C01
330
BFC
100
AcDbEntity
  8
0
100
AcDbVertex
100
AcDb2dVertex
 10
637.6958587979607
 20
303.452151107911
 30
0.0
 42
-0.0107132263286685
  0
VERTEX
  5
C02
330
BFC
100
AcDbEntity
  8
0
100
AcDbVertex
100
AcDb2dVertex
 10
619.380211102165
 20
320.9316831309334
 30
0.0
 42
-0.0175747728534632
 70
     1
  0
VERTEX
  5
C03
330
BFC
100
AcDbEntity
  8
0
100
AcDbVertex
100
AcDb2dVertex
 10
607.6284849472504
 20
330.9404730626375
 30
0.0
 42
-0.0372217292636001
  0
VERTEX
  5
C04
330
BFC
100
AcDbEntity
  8
0
100
AcDbVertex
100
AcDb2dVertex
 10
592.4426208729637
 20
341.2389210263318
 30
0.0
 42
-0.0345986469402491
 70
     1
  0
VERTEX
  5
C05
330
BFC
100
AcDbEntity
  8
0
100
AcDbVertex
100
AcDb2dVertex
 10
574.6916106875578
 20
349.8648951491123
 30
0.0
 42
-0.0229795497633657
  0
VERTEX
  5
C06
330
BFC
100
AcDbEntity
  8
0
100
AcDbVertex
100
AcDb2dVertex
 10
557.5182189070256
 20
355.8860544230483
 30
0.0
 42
-0.0236131418877251
 70
     1
  0
VERTEX
  5
C07
330
BFC
100
AcDbEntity
  8
0
100
AcDbVertex
100
AcDb2dVertex
 10
540.3324623121079
 20
360.1655299556769
 30
0.0
 42
-0.0148415015324391
  0
VERTEX
  5
C08
330
BFC
100
AcDbEntity
  8
0
100
AcDbVertex
100
AcDb2dVertex
 10
523.3582914851212
 20
363.0295038112963
 30
0.0
 42
-0.0125332567031716
 70
     1
  0
VERTEX
  5
C09
330
BFC
100
AcDbEntity
  8
0
100
AcDbVertex
100
AcDb2dVertex
 10
503.1038135276685
 20
365.315847358961
 30
0.0
 42
-0.0218384400885372
  0
VERTEX
  5
C0A
330
BFC
100
AcDbEntity
  8
0
100
AcDbVertex
100
AcDb2dVertex
 10
478.4429661419271
 20
366.3934701724356
 30
0.0
 42
-0.0294068541386019
 70
     1
  0
VERTEX
  5
C0B
330
BFC
100
AcDbEntity
  8
0
100
AcDbVertex
100
AcDb2dVertex
 10
460.13616392525
 20
365.3158473589574
 30
0.0
 42
-0.029465490175374
  0
VERTEX
  5
C0C
330
BFC
100
AcDbEntity
  8
0
100
AcDbVertex
100
AcDb2dVertex
 10
437.5020647867131
 20
361.2787475059267
 30
0.0
 42
-0.0318809075363462
 70
     1
  0
VERTEX
  5
C0D
330
BFC
100
AcDbEntity
  8
0
100
AcDbVertex
100
AcDb2dVertex
 10
417.1934665002991
 20
355.0152125523928
 30
0.0
  0
VERTEX
  5
C0E
330
BFC
100
AcDbEntity
  8
0
100
AcDbVertex
100
AcDb2dVertex
 10
372.803542782116
 20
337.8275254042346
 30
0.0
  0
VERTEX
  5
C0F
330
BFC
100
AcDbEntity
  8
0
100
AcDbVertex
100
AcDb2dVertex
 10
338.4443944066661
 20
324.0833644268714
 30
0.0
 42
-0.1359729885157516
  0
VERTEX
  5
C10
330
BFC
100
AcDbEntity
  8
0
100
AcDbVertex
100
AcDb2dVertex
 10
325.2094457609274
 20
313.7459177745732
 30
0.0
 42
-0.0995173912496485
 70
     1
  0
VERTEX
  5
C11
330
BFC
100
AcDbEntity
  8
0
100
AcDbVertex
100
AcDb2dVertex
 10
315.5382954896922
 20
293.1515163013464
 30
0.0
 42
-0.0166508053392109
  0
VERTEX
  5
C12
330
BFC
100
AcDbEntity
  8
0
100
AcDbVertex
100
AcDb2dVertex
 10
312.8263807582261
 20
280.2608171962129
 30
0.0
 42
-0.010976975480433
 70
     1
  0
VERTEX
  5
C13
330
BFC
100
AcDbEntity
  8
0
100
AcDbVertex
100
AcDb2dVertex
 10
309.7992946717204
 20
260.5128769433395
 30
0.0
 42
-0.0153312248222603
  0
VERTEX
  5
C14
330
BFC
100
AcDbEntity
  8
0
100
AcDbVertex
100
AcDb2dVertex
 10
308.9829155791885
 20
252.3342567742438
 30
0.0
 42
-0.010105988599776
 70
     1
  0
VERTEX
  5
C15
330
BFC
100
AcDbEntity
  8
0
100
AcDbVertex
100
AcDb2dVertex
 10
308.3770205559558
 20
239.8816636243791
 30
0.0
  0
SEQEND
  5
C16
330
BFC
100
AcDbEntity
  8
0
  0
POLYLINE
  5
C17
330
BDF
100
AcDbEntity
  8
0
100
AcDb2dPolyline
 66
     1
 10
0.0
 20
0.0
 30
0.0
 70
     2
 40
1.5
 41
1.5
  0
VERTEX
  5
C18
330
C17
100
AcDbEntity
  8
0
100
AcDbVertex
100
AcDb2dVertex
 10
716.4507540568447
 20
240.7500310935393
 30
0.0
 42
0.0379322854220374
  0
VERTEX
  5
C19
330
C17
100
AcDbEntity
  8
0
100
AcDbVertex
100
AcDb2dVertex
 10
710.7537216866622
 20
212.714685401017
 30
0.0
 42
0.0575015186351703
 70
     1
  0
VERTEX
  5
C1A
330
C17
100
AcDbEntity
  8
0
100
AcDbVertex
100
AcDb2dVertex
 10
703.5446551398782
 20
195.2355982273293
 30
0.0
 42
0.0111282514381473
  0
VERTEX
  5
C1B
330
C17
100
AcDbEntity
  8
0
100
AcDbVertex
100
AcDb2dVertex
 10
687.8985466624071
 20
168.4285794144052
 30
0.0
 42
0.0474194517164027
 70
     1
  0
VERTEX
  5
C1C
330
C17
100
AcDbEntity
  8
0
100
AcDbVertex
100
AcDb2dVertex
 10
683.5080566318938
 20
162.5969588693224
 30
0.0
 42
0.0135574576789573
  0
VERTEX
  5
C1D
330
C17
100
AcDbEntity
  8
0
100
AcDbVertex
100
AcDb2dVertex
 10
670.1870244766178
 20
148.7826199747069
 30
0.0
 42
0.0104221318672387
 70
     1
  0
VERTEX
  5
C1E
330
C17
100
AcDbEntity
  8
0
100
AcDbVertex
100
AcDb2dVertex
 10
652.0184086654335
 20
131.6651107437937
 30
0.0
 42
0.006491854836888
  0
VERTEX
  5
C1F
330
C17
100
AcDbEntity
  8
0
100
AcDbVertex
100
AcDb2dVertex
 10
633.3290128754525
 20
115.2138991977299
 30
0.0
 42
0.0109858600909642
 70
     1
  0
VERTEX
  5
C20
330
C17
100
AcDbEntity
  8
0
100
AcDbVertex
100
AcDb2dVertex
 10
621.9510348147305
 20
105.8835800215529
 30
0.0
 42
0.0311177960534153
  0
VERTEX
  5
C21
330
C17
100
AcDbEntity
  8
0
100
AcDbVertex
100
AcDb2dVertex
 10
608.0094154032122
 20
96.29124612228771
 30
0.0
 42
0.0318213857280152
 70
     1
  0
VERTEX
  5
C22
330
C17
100
AcDbEntity
  8
0
100
AcDbVertex
100
AcDb2dVertex
 10
593.3059350797848
 20
88.69589287339113
 30
0.0
 42
0.025304160132355
  0
VERTEX
  5
C23
330
C17
100
AcDbEntity
  8
0
100
AcDbVertex
100
AcDb2dVertex
 10
573.9088104837573
 20
81.337226001011
 30
0.0
 42
0.0284927489301965
 70
     1
  0
VERTEX
  5
C24
330
C17
100
AcDbEntity
  8
0
100
AcDbVertex
100
AcDb2dVertex
 10
556.0772862953454
 20
76.68846683434458
 30
0.0
  0
VERTEX
  5
C25
330
C17
100
AcDbEntity
  8
0
100
AcDbVertex
100
AcDb2dVertex
 10
521.7181379198883
 20
69.80141449274743
 30
0.0
  0
VERTEX
  5
C26
330
C17
100
AcDbEntity
  8
0
100
AcDbVertex
100
AcDb2dVertex
 10
501.4507540568447
 20
65.75003109353929
 30
0.0
 42
0.1049169195177253
  0
VERTEX
  5
C27
330
C17
100
AcDbEntity
  8
0
100
AcDbVertex
100
AcDb2dVertex
 10
493.3886526187489
 20
65.85553293393605
 30
0.0
 42
-0.0475121425307574
 70
     1
  0
VERTEX
  5
C28
330
C17
100
AcDbEntity
  8
0
100
AcDbVertex
100
AcDb2dVertex
 10
475.8809879084801
 20
68.09462326026551
 30
0.0
 42
-0.018858678016476
  0
VERTEX
  5
C29
330
C17
100
AcDbEntity
  8
0
100
AcDbVertex
100
AcDb2dVertex
 10
461.1271620226471
 20
68.0140034332253
 30
0.0
 42
0.0252511803743173
 70
     1
  0
VERTEX
  5
C2A
330
C17
100
AcDbEntity
  8
0
100
AcDbVertex
100
AcDb2dVertex
 10
450.105388582524
 20
68.09462326026187
 30
0.0
 42
0.0243605324796986
  0
VERTEX
  5
C2B
330
C17
100
AcDbEntity
  8
0
100
AcDbVertex
100
AcDb2dVertex
 10
435.6937789143922
 20
69.63554446558919
 30
0.0
 42
0.0187271314595125
 70
     1
  0
VERTEX
  5
C2C
330
C17
100
AcDbEntity
  8
0
100
AcDbVertex
100
AcDb2dVertex
 10
417.1934665002991
 20
73.244940663546
 30
0.0
 42
0.0110837202743672
  0
VERTEX
  5
C2D
330
C17
100
AcDbEntity
  8
0
100
AcDbVertex
100
AcDb2dVertex
 10
402.1351840980714
 20
77.12678925790169
 30
0.0
 42
0.0176637079442683
 70
     1
  0
VERTEX
  5
C2E
330
C17
100
AcDbEntity
  8
0
100
AcDbVertex
100
AcDb2dVertex
 10
392.8401412901003
 20
80.10204929931205
 30
0.0
 42
0.0125534359641104
  0
VERTEX
  5
C2F
330
C17
100
AcDbEntity
  8
0
100
AcDbVertex
100
AcDb2dVertex
 10
376.3414710550351
 20
86.50535372644663
 30
0.0
 42
0.0123405832956858
 70
     1
  0
VERTEX
  5
C30
330
C17
100
AcDbEntity
  8
0
100
AcDbVertex
100
AcDb2dVertex
 10
359.9032670304077
 20
93.84621027667526
 30
0.0
  0
VERTEX
  5
C31
330
C17
100
AcDbEntity
  8
0
100
AcDbVertex
100
AcDb2dVertex
 10
321.252344130211
 20
112.7706323631501
 30
0.0
 42
0.0050539498292731
  0
VERTEX
  5
C32
330
C17
100
AcDbEntity
  8
0
100
AcDbVertex
100
AcDb2dVertex
 10
309.4694869077866
 20
118.7078522604533
 30
0.0
 42
0.0025668055111211
 70
     1
  0
VERTEX
  5
C33
330
C17
100
AcDbEntity
  8
0
100
AcDbVertex
100
AcDb2dVertex
 10
286.450754056852
 20
130.7500310935393
 30
0.0
  0
SEQEND
  5
C34
330
C17
100
AcDbEntity
  8
0
  0
POLYLINE
  5
C35
330
BDF
100
AcDbEntity
  8
0
100
AcDb2dPolyline
 66
     1
 10
0.0
 20
0.0
 30
0.0
 70
     2
 40
1.5
 41
1.5
  0
VERTEX
  5
C36
330
C35
100
AcDbEntity
  8
0
100
AcDbVertex
100
AcDb2dVertex
 10
716.4507540568447
 20
240.7500310935393
 30
0.0
 42
-0.0379322854220374
  0
VERTEX
  5
C37
330
C35
100
AcDbEntity
  8
0
100
AcDbVertex
100
AcDb2dVertex
 10
710.7537216866622
 20
268.7853767860651
 30
0.0
 42
-0.0575015186351703
 70
     1
  0
VERTEX
  5
C38
330
C35
100
AcDbEntity
  8
0
100
AcDbVertex
100
AcDb2dVertex
 10
703.5446551398782
 20
286.2644639597529
 30
0.0
 42
-0.0111282514381473
  0
VERTEX
  5
C39
330
C35
100
AcDbEntity
  8
0
100
AcDbVertex
100
AcDb2dVertex
 10
687.8985466624144
 20
313.071482772677
 30
0.0
 42
-0.0474194517164027
 70
     1
  0
VERTEX
  5
C3A
330
C35
100
AcDbEntity
  8
0
100
AcDbVertex
100
AcDb2dVertex
 10
683.5080566318938
 20
318.9031033177598
 30
0.0
 42
-0.0135574576789573
  0
VERTEX
  5
C3B
330
C35
100
AcDbEntity
  8
0
100
AcDbVertex
100
AcDb2dVertex
 10
670.1870244766178
 20
332.7174422123717
 30
0.0
 42
-0.0104221318672387
 70
     1
  0
VERTEX
  5
C3C
330
C35
100
AcDbEntity
  8
0
100
AcDbVertex
100
AcDb2dVertex
 10
652.0184086654335
 20
349.8349514432812
 30
0.0
 42
-0.006491854836888
  0
VERTEX
  5
C3D
330
C35
100
AcDbEntity
  8
0
100
AcDbVertex
100
AcDb2dVertex
 10
633.3290128754452
 20
366.286162989345
 30
0.0
 42
-0.0109858600909642
 70
     1
  0
VERTEX
  5
C3E
330
C35
100
AcDbEntity
  8
0
100
AcDbVertex
100
AcDb2dVertex
 10
621.9510348147305
 20
375.616482165522
 30
0.0
 42
-0.0311177960534153
  0
VERTEX
  5
C3F
330
C35
100
AcDbEntity
  8
0
100
AcDbVertex
100
AcDb2dVertex
 10
608.0094154032122
 20
385.2088160647872
 30
0.0
 42
-0.0318213857280152
 70
     1
  0
VERTEX
  5
C40
330
C35
100
AcDbEntity
  8
0
100
AcDbVertex
100
AcDb2dVertex
 10
593.3059350797848
 20
392.8041693136838
 30
0.0
 42
-0.025304160132355
  0
VERTEX
  5
C41
330
C35
100
AcDbEntity
  8
0
100
AcDbVertex
100
AcDb2dVertex
 10
573.9088104837573
 20
400.1628361860639
 30
0.0
 42
-0.0284927489301965
 70
     1
  0
VERTEX
  5
C42
330
C35
100
AcDbEntity
  8
0
100
AcDbVertex
100
AcDb2dVertex
 10
556.0772862953381
 20
404.8115953527303
 30
0.0
  0
VERTEX
  5
C43
330
C35
100
AcDbEntity
  8
0
100
AcDbVertex
100
AcDb2dVertex
 10
521.7181379198883
 20
411.6986476943311
 30
0.0
  0
VERTEX
  5
C44
330
C35
100
AcDbEntity
  8
0
100
AcDbVertex
100
AcDb2dVertex
 10
501.4507540568447
 20
415.7500310935392
 30
0.0
 42
-0.1049169195177253
  0
VERTEX
  5
C45
330
C35
100
AcDbEntity
  8
0
100
AcDbVertex
100
AcDb2dVertex
 10
493.3886526187489
 20
415.6445292531425
 30
0.0
 42
0.0475121425307574
 70
     1
  0
VERTEX
  5
C46
330
C35
100
AcDbEntity
  8
0
100
AcDbVertex
100
AcDb2dVertex
 10
475.8809879084801
 20
413.405438926813
 30
0.0
 42
0.018858678016476
  0
VERTEX
  5
C47
330
C35
100
AcDbEntity
  8
0
100
AcDbVertex
100
AcDb2dVertex
 10
461.1271620226398
 20
413.4860587538496
 30
0.0
 42
-0.0252511803743173
 70
     1
  0
VERTEX
  5
C48
330
C35
100
AcDbEntity
  8
0
100
AcDbVertex
100
AcDb2dVertex
 10
450.105388582524
 20
413.4054389268094
 30
0.0
 42
-0.0243605324796986
  0
VERTEX
  5
C49
330
C35
100
AcDbEntity
  8
0
100
AcDbVertex
100
AcDb2dVertex
 10
435.6937789143849
 20
411.8645177214857
 30
0.0
 42
-0.0187271314595125
 70
     1
  0
VERTEX
  5
C4A
330
C35
100
AcDbEntity
  8
0
100
AcDbVertex
100
AcDb2dVertex
 10
417.1934665002991
 20
408.2551215235289
 30
0.0
 42
-0.0110837202743672
  0
VERTEX
  5
C4B
330
C35
100
AcDbEntity
  8
0
100
AcDbVertex
100
AcDb2dVertex
 10
402.1351840980714
 20
404.3732729291732
 30
0.0
 42
-0.0176637079442683
 70
     1
  0
VERTEX
  5
C4C
330
C35
100
AcDbEntity
  8
0
100
AcDbVertex
100
AcDb2dVertex
 10
392.8401412901003
 20
401.3980128877628
 30
0.0
 42
-0.0125534359641104
  0
VERTEX
  5
C4D
330
C35
100
AcDbEntity
  8
0
100
AcDbVertex
100
AcDb2dVertex
 10
376.3414710550351
 20
394.9947084606283
 30
0.0
 42
-0.0123405832956858
 70
     1
  0
VERTEX
  5
C4E
330
C35
100
AcDbEntity
  8
0
100
AcDbVertex
100
AcDb2dVertex
 10
359.9032670304077
 20
387.6538519104033
 30
0.0
  0
VERTEX
  5
C4F
330
C35
100
AcDbEntity
  8
0
100
AcDbVertex
100
AcDb2dVertex
 10
321.2523441302037
 20
368.7294298239249
 30
0.0
 42
-0.0050539498292731
  0
VERTEX
  5
C50
330
C35
100
AcDbEntity
  8
0
100
AcDbVertex
100
AcDb2dVertex
 10
309.4694869077794
 20
362.7922099266216
 30
0.0
 42
-0.0025668055111211
 70
     1
  0
VERTEX
  5
C51
330
C35
100
AcDbEntity
  8
0
100
AcDbVertex
100
AcDb2dVertex
 10
286.4507540568448
 20
350.7500310935393
 30
0.0
  0
SEQEND
  5
C52
330
C35
100
AcDbEntity
  8
0
  0
ATTDEF
  5
C53
330
BDF
100
AcDbEntity
  8
0
100
AcDbText
 10
1.450754056844743
 20
240.7500310935357
 30
0.0
 40
0.5
  1
480
 50
180.000000000001
 41
0.8000000000029103
 51
-180.0
 71
     4
100
AcDbAttributeDefinition
280
     0
  3
YSIZE
  2
YSIZE
 70
     9
280
     0
  0
ATTDEF
  5
C54
330
BDF
100
AcDbEntity
  8
0
100
AcDbText
 10
1.450754056844743
 20
240.7500310935357
 30
0.0
 40
0.5
  1
720
 50
180.000000000001
 41
0.8000000000029103
 51
-180.0
 71
     4
100
AcDbAttributeDefinition
280
     0
  3
XSIZE
  2
XSIZE
 70
     9
280
     0
  0
LWPOLYLINE
  5
C55
330
BDF
100
AcDbEntity
  8
0
100
AcDbPolyline
 90
        2
 70
     0
 43
1.5
 10
1.450754056837467
 20
480.7500310935356
 10
156.4507540568374
 20
480.7500310935356
  0
LWPOLYLINE
  5
C56
330
BDF
100
AcDbEntity
  8
0
100
AcDbPolyline
 90
        2
 70
     0
 43
1.5
 10
1.450754056852019
 20
0.7500310935356538
 10
1.450754056837467
 20
480.7500310935356
  0
LWPOLYLINE
  5
C57
330
BDF
100
AcDbEntity
  8
0
100
AcDbPolyline
 90
        2
 70
     0
 43
1.5
 10
156.450754056852
 20
0.7500310935356538
 10
1.450754056852019
 20
0.7500310935356538
  0
LWPOLYLINE
  5
C58
330
BDF
100
AcDbEntity
  8
0
100
AcDbPolyline
 90
        2
 70
     0
 43
1.5
 10
221.4507540568448
 20
65.75003109353565
 42
-0.4142135623730948
 10
156.450754056852
 20
0.7500310935356538
 42
-0.4142135623730948
  0
LWPOLYLINE
  5
C59
330
BDF
100
AcDbEntity
  8
0
100
AcDbPolyline
 90
        2
 70
     0
 43
1.5
 10
221.4507540568448
 20
415.7500310935356
 10
221.4507540568448
 20
65.75003109353565
  0
LWPOLYLINE
  5
C5A
330
BDF
100
AcDbEntity
  8
0
100
AcDbPolyline
 90
        2
 70
     0
 43
1.5
 10
286.4507540568448
 20
130.7500310935393
 10
221.4507540568448
 20
130.7500310935356
  0
LWPOLYLINE
  5
C5B
330
BDF
100
AcDbEntity
  8
0
100
AcDbPolyline
 90
        2
 70
     0
 43
1.5
 10
156.4507540568374
 20
480.7500310935356
 42
-0.4142135623730953
 10
221.4507540568448
 20
415.7500310935356
 42
-0.4142135623730953
  0
LWPOLYLINE
  5
C5C
330
BDF
100
AcDbEntity
  8
0
100
AcDbPolyline
 90
        2
 70
     0
 43
1.5
 10
221.4507540568448
 20
350.7500310935356
 10
286.4507540568448
 20
350.7500310935393
  0
LINE
  5
C5D
330
BDF
100
AcDbEntity
  8
0
100
AcDbLine
 10
573.2443843943328
 20
258.7761420050265
 30
0.0
 11
573.2443843943328
 21
258.7761420050265
 31
0.0
  0
ARC
  5
C5E
330
BDF
100
AcDbEntity
  8
0
100
AcDbCircle
 10
550.2904548115038
 20
238.1599005389798
 30
0.0
 40
33.1624146246389
100
AcDbArc
 50
280.0495452039025
 51
79.95045479609792
  0
LINE
  5
C5F
330
BDF
100
AcDbEntity
  8
0
100
AcDbLine
 10
537.4629619031184
 20
218.7761420050265
 30
0.0
 11
573.2443843943328
 21
219.2504503054188
 31
0.0
  0
ARC
  5
C60
330
BDF
100
AcDbEntity
  8
0
100
AcDbCircle
 10
537.4629619031184
 20
238.7761420050265
 30
0.0
 40
20.0
100
AcDbArc
 50
90.00000000000104
 51
270.000000000001
  0
LINE
  5
C61
330
BDF
100
AcDbEntity
  8
0
100
AcDbLine
 10
573.2443843943328
 20
258.7761420050265
 30
0.0
 11
537.4629619031184
 21
258.7761420050265
 31
0.0
  0
ENDBLK
  5
C62
330
BDF
100
AcDbEntity
  8
0
 48
5.0
100
AcDbBlockEnd
  0
BLOCK
  5
C64
330
C63
100
AcDbEntity
  8
0
100
AcDbBlockBegin
  2
KT
 70
     0
 10
0.0
 20
0.0
 30
0.0
  3
KT
  1

  0
INSERT
  5
C65
330
C63
100
AcDbEntity
  8
0
100
AcDbBlockReference
  2
SHAFA5
 10
81.22253811790143
 20
242.8509652676876
 30
0.0
 41
-1.0
 50
270.0
  0
ENDBLK
  5
C66
330
C63
100
AcDbEntity
  8
0
100
AcDbBlockEnd
  0
BLOCK
  5
C68
330
C67
100
AcDbEntity
  8
0
100
AcDbBlockBegin
  2
SHAFA5
 70
     0
 10
0.0
 20
0.0
 30
0.0
  3
SHAFA5
  1

  0
LINE
  5
C69
330
C67
100
AcDbEntity
  8
JIAJU
 62
     9
100
AcDbLine
 10
1048.282930732443
 20
552.6349571336687
 30
0.0
 11
1102.635165185027
 21
527.0495421442683
 31
0.0
  0
ARC
  5
C6A
330
C67
100
AcDbEntity
  8
JIAJU
 62
     9
100
AcDbCircle
 10
607.3051019203849
 20
-967.7334925483265
 30
0.0
 40
50.0
100
AcDbArc
 50
0.0000000000013231
 51
90.00000000000138
  0
ARC
  5
C6B
330
C67
100
AcDbEntity
  8
JIAJU
 62
     9
100
AcDbCircle
 10
607.3051019203849
 20
-1017.733492548355
 30
0.0
 40
50.0
100
AcDbArc
 50
270.0000000000013
 51
0.0000000000013231
  0
ARC
  5
C6C
330
C67
100
AcDbEntity
  8
JIAJU
 62
     9
100
AcDbCircle
 10
607.0350070033455
 20
-855.6554964697388
 30
0.0
 40
50.0
100
AcDbArc
 50
270.0000000000013
 51
0.0000000000013231
  0
ARC
  5
C6D
330
C67
100
AcDbEntity
  8
JIAJU
 62
     9
100
AcDbCircle
 10
607.0350070033455
 20
-428.0952547259039
 30
0.0
 40
50.0
100
AcDbArc
 50
0.0000000000013231
 51
90.00000000000138
  0
ARC
  5
C6E
330
C67
100
AcDbEntity
  8
JIAJU
 62
     9
100
AcDbCircle
 10
687.2182604981936
 20
-438.8605714760014
 30
0.0
 40
30.0
100
AcDbArc
 50
90.00000000000138
 51
180.0000000000013
  0
ARC
  5
C6F
330
C67
100
AcDbEntity
  8
JIAJU
 62
     9
100
AcDbCircle
 10
-1244.506149954337
 20
-458.8605714760596
 30
0.0
 40
50.0
100
AcDbArc
 50
90.00000000000138
 51
180.0000000000013
  0
ARC
  5
C70
330
C67
100
AcDbEntity
  8
JIAJU
 62
     9
100
AcDbCircle
 10
-1164.506149954395
 20
-866.0700007179512
 30
0.0
 40
130.0
100
AcDbArc
 50
180.0000000000013
 51
270.0000000000013
  0
LINE
  5
C71
330
C67
100
AcDbEntity
  8
JIAJU
 62
     9
100
AcDbLine
 10
-1294.506149954337
 20
-458.8605714760014
 30
0.0
 11
-1294.506149954337
 21
-866.0700007179512
 31
0.0
  0
LINE
  5
C72
330
C67
100
AcDbEntity
  8
JIAJU
 62
     9
100
AcDbLine
 10
-1825.729519036358
 20
-966.084207441065
 30
0.0
 11
-1825.729519036358
 21
-486.8842074410824
 31
0.0
  0
LINE
  5
C73
330
C67
100
AcDbEntity
  8
JIAJU
 62
     9
100
AcDbLine
 10
-1368.929519036311
 20
-486.8842074411116
 30
0.0
 11
-1368.929519036311
 21
-966.0842074410942
 31
0.0
  0
CIRCLE
  5
C74
330
C67
100
AcDbEntity
  8
JIAJU
 62
     9
100
AcDbCircle
 10
-1591.329519036335
 20
-738.6842074410999
 30
0.0
 40
145.2067491544384
  0
LINE
  5
C75
330
C67
100
AcDbEntity
  8
JIAJU
 62
     9
100
AcDbLine
 10
-1368.929519036311
 20
-966.0842074410942
 30
0.0
 11
-1825.729519036358
 21
-966.084207441065
 31
0.0
  0
LINE
  5
C76
330
C67
100
AcDbEntity
  8
JIAJU
 62
     9
100
AcDbLine
 10
-1825.729519036358
 20
-486.8842074410824
 30
0.0
 11
-1368.929519036311
 21
-486.8842074411116
 31
0.0
  0
ARC
  5
C77
330
C67
100
AcDbEntity
  8
JIAJU
 62
     9
100
AcDbCircle
 10
-1895.694682326648
 20
-193.8018245801977
 30
0.0
 40
50.0
100
AcDbArc
 50
269.9999999999987
 51
359.9999999999987
  0
ARC
  5
C78
330
C67
100
AcDbEntity
  8
JIAJU
 62
     9
100
AcDbCircle
 10
-1945.694682326648
 20
-193.8018245802268
 30
0.0
 40
50.0
100
AcDbArc
 50
179.9999999999986
 51
269.9999999999987
  0
LINE
  5
C79
330
C67
100
AcDbEntity
  8
JIAJU
 62
     9
100
AcDbLine
 10
-1945.694682326706
 20
-243.8018245801686
 30
0.0
 11
-1895.694682326648
 21
-243.8018245801686
 31
0.0
  0
LINE
  5
C7A
330
C67
100
AcDbEntity
  8
JIAJU
 62
     9
100
AcDbLine
 10
-1833.616686248061
 20
-193.5317296631874
 30
0.0
 11
-1833.616686248061
 21
306.1981754198314
 31
0.0
  0
LINE
  5
C7B
330
C67
100
AcDbEntity
  8
JIAJU
 62
     9
100
AcDbLine
 10
-1845.694682326706
 20
-193.8018245801977
 30
0.0
 11
-1845.694682326706
 21
306.1981754198314
 31
0.0
  0
LINE
  5
C7C
330
C67
100
AcDbEntity
  8
JIAJU
 62
     9
100
AcDbLine
 10
-1995.694682326648
 20
-193.8018245801686
 30
0.0
 11
-1995.694682326648
 21
306.1981754198314
 31
0.0
  0
ARC
  5
C7D
330
C67
100
AcDbEntity
  8
JIAJU
 62
     9
100
AcDbCircle
 10
-1895.69468232659
 20
306.1981754197732
 30
0.0
 40
50.0
100
AcDbArc
 50
359.9999999999987
 51
89.99999999999863
  0
ARC
  5
C7E
330
C67
100
AcDbEntity
  8
JIAJU
 62
     9
100
AcDbCircle
 10
-1945.69468232659
 20
306.1981754198023
 30
0.0
 40
50.0
100
AcDbArc
 50
89.99999999999863
 51
179.9999999999986
  0
LINE
  5
C7F
330
C67
100
AcDbEntity
  8
JIAJU
 62
     9
100
AcDbLine
 10
-1386.821761254352
 20
-396.0664248666617
 30
0.0
 11
-1794.031190496244
 21
-396.0664248666617
 31
0.0
  0
ARC
  5
C80
330
C67
100
AcDbEntity
  8
JIAJU
 62
     9
100
AcDbCircle
 10
-1386.821761254294
 20
-346.0664248666908
 30
0.0
 40
50.0
100
AcDbArc
 50
269.9999999999987
 51
359.9999999999987
  0
LINE
  5
C81
330
C67
100
AcDbEntity
  8
JIAJU
 62
     9
100
AcDbLine
 10
-1366.821761254294
 20
-243.8018245801686
 30
0.0
 11
-1783.61668624806
 21
-243.8018245801686
 31
0.0
  0
LINE
  5
C82
330
C67
100
AcDbEntity
  8
JIAJU
 62
     9
100
AcDbLine
 10
-1366.821761254294
 20
-243.5317296632456
 30
0.0
 11
-1783.61668624806
 21
-243.5317296632165
 31
0.0
  0
LINE
  5
C83
330
C67
100
AcDbEntity
  8
JIAJU
 62
     9
100
AcDbLine
 10
-1386.821761254294
 20
514.623742039821
 30
0.0
 11
-1794.031190496244
 21
514.6237420398501
 31
0.0
  0
LINE
  5
C84
330
C67
100
AcDbEntity
  8
JIAJU
 62
     9
100
AcDbLine
 10
-1366.821761254294
 20
356.1981754198314
 30
0.0
 11
-1783.61668624806
 21
356.1981754198605
 31
0.0
  0
LINE
  5
C85
330
C67
100
AcDbEntity
  8
JIAJU
 62
     9
100
AcDbLine
 10
-1366.821761254294
 20
356.1981754198314
 30
0.0
 11
-1783.61668624806
 21
356.1981754198605
 31
0.0
  0
ARC
  5
C86
330
C67
100
AcDbEntity
  8
JIAJU
 62
     9
100
AcDbCircle
 10
-1757.595942208034
 20
-160.5286378307682
 30
0.0
 40
30.0
100
AcDbArc
 50
179.9999999999986
 51
269.9999999999987
  0
ARC
  5
C87
330
C67
100
AcDbEntity
  8
JIAJU
 62
     9
100
AcDbCircle
 10
-1757.595942207976
 20
273.7773128804511
 30
0.0
 40
30.0
100
AcDbArc
 50
89.99999999999863
 51
179.9999999999986
  0
ARC
  5
C88
330
C67
100
AcDbEntity
  8
JIAJU
 62
     9
100
AcDbCircle
 10
-1356.056444504196
 20
-193.5317296632456
 30
0.0
 40
50.0
100
AcDbArc
 50
269.9999999999987
 51
359.9999999999987
  0
LINE
  5
C89
330
C67
100
AcDbEntity
  8
JIAJU
 62
     9
100
AcDbLine
 10
-1336.821761254294
 20
-273.7149831580355
 30
0.0
 11
-1336.821761254294
 21
-346.0664248666617
 31
0.0
  0
ARC
  5
C8A
330
C67
100
AcDbEntity
  8
JIAJU
 62
     9
100
AcDbCircle
 10
-1366.821761254294
 20
-273.7149831580646
 30
0.0
 40
30.0
100
AcDbArc
 50
359.9999999999987
 51
89.99999999999863
  0
LINE
  5
C8B
330
C67
100
AcDbEntity
  8
JIAJU
 62
     9
100
AcDbLine
 10
-1757.595942208034
 20
-190.5286378307391
 30
0.0
 11
-1406.518018286108
 21
-190.5286378307683
 31
0.0
  0
LINE
  5
C8C
330
C67
100
AcDbEntity
  8
JIAJU
 62
     9
100
AcDbLine
 10
-1406.518018286108
 20
303.7773128804801
 30
0.0
 11
-1757.595942208034
 21
303.7773128804511
 31
0.0
  0
LINE
  5
C8D
330
C67
100
AcDbEntity
  8
JIAJU
 62
     9
100
AcDbLine
 10
-1376.518018286107
 20
-160.5286378307682
 30
0.0
 11
-1376.518018286107
 21
273.7773128804511
 31
0.0
  0
LINE
  5
C8E
330
C67
100
AcDbEntity
  8
JIAJU
 62
     9
100
AcDbLine
 10
-1306.056444504196
 20
306.1981754198314
 30
0.0
 11
-1306.056444504254
 21
-193.5317296632456
 31
0.0
  0
ARC
  5
C8F
330
C67
100
AcDbEntity
  8
JIAJU
 62
     9
100
AcDbCircle
 10
-1406.518018286049
 20
-160.5286378307974
 30
0.0
 40
30.0
100
AcDbArc
 50
269.9999999999987
 51
359.9999999999987
  0
ARC
  5
C90
330
C67
100
AcDbEntity
  8
JIAJU
 62
     9
100
AcDbCircle
 10
-1356.056444504138
 20
306.1981754197732
 30
0.0
 40
50.0
100
AcDbArc
 50
359.9999999999987
 51
89.99999999999863
  0
ARC
  5
C91
330
C67
100
AcDbEntity
  8
JIAJU
 62
     9
100
AcDbCircle
 10
-1386.821761254294
 20
464.623742039821
 30
0.0
 40
50.0
100
AcDbArc
 50
359.9999999999987
 51
89.99999999999863
  0
LINE
  5
C92
330
C67
100
AcDbEntity
  8
JIAJU
 62
     9
100
AcDbLine
 10
-1336.821761254294
 20
392.272300331224
 30
0.0
 11
-1336.821761254294
 21
464.623742039792
 31
0.0
  0
ARC
  5
C93
330
C67
100
AcDbEntity
  8
JIAJU
 62
     9
100
AcDbCircle
 10
-1366.821761254294
 20
392.2723003311367
 30
0.0
 40
30.0
100
AcDbArc
 50
269.9999999999987
 51
359.9999999999987
  0
ARC
  5
C94
330
C67
100
AcDbEntity
  8
JIAJU
 62
     9
100
AcDbCircle
 10
-1406.518018286049
 20
273.7773128804511
 30
0.0
 40
30.0
100
AcDbArc
 50
359.9999999999987
 51
89.99999999999863
  0
LINE
  5
C95
330
C67
100
AcDbEntity
  8
JIAJU
 62
     9
100
AcDbLine
 10
-1787.595942208034
 20
273.7773128804802
 30
0.0
 11
-1787.595942208034
 21
-160.5286378307392
 31
0.0
  0
ARC
  5
C96
330
C67
100
AcDbEntity
  8
JIAJU
 62
     9
100
AcDbCircle
 10
-1783.61668624806
 20
-193.5317296632456
 30
0.0
 40
50.0
100
AcDbArc
 50
179.9999999999986
 51
269.9999999999987
  0
ARC
  5
C97
330
C67
100
AcDbEntity
  8
JIAJU
 62
     9
100
AcDbCircle
 10
-1794.031190496244
 20
-266.0664248667199
 30
0.0
 40
130.0
100
AcDbArc
 50
170.1385558007668
 51
269.9999999999987
  0
ARC
  5
C98
330
C67
100
AcDbEntity
  8
JIAJU
 62
     9
100
AcDbCircle
 10
-1794.031190496185
 20
384.623742039792
 30
0.0
 40
130.0
100
AcDbArc
 50
89.99999999999863
 51
179.9999999999986
  0
ARC
  5
C99
330
C67
100
AcDbEntity
  8
JIAJU
 62
     9
100
AcDbCircle
 10
-1783.61668624806
 20
306.1981754197732
 30
0.0
 40
50.0
100
AcDbArc
 50
89.99999999999863
 51
179.9999999999986
  0
LINE
  5
C9A
330
C67
100
AcDbEntity
  8
JIAJU
 62
     9
100
AcDbLine
 10
-1945.694682326706
 20
356.1981754198314
 30
0.0
 11
-1895.694682326648
 21
356.1981754198314
 31
0.0
  0
LINE
  5
C9B
330
C67
100
AcDbEntity
  8
JIAJU
 62
     9
100
AcDbLine
 10
-1369.329519036335
 20
-738.6842074410708
 30
0.0
 11
-1825.729519036358
 21
-738.6842074410708
 31
0.0
  0
LINE
  5
C9C
330
C67
100
AcDbEntity
  8
JIAJU
 62
     9
100
AcDbLine
 10
-1591.329519036335
 20
-486.884207441097
 30
0.0
 11
-1591.329519036335
 21
-966.0842074410796
 31
0.0
  0
LINE
  5
C9D
330
C67
100
AcDbEntity
  8
JIAJU
 62
     9
100
AcDbLine
 10
-1924.031190496243
 20
384.6237420398502
 30
0.0
 11
-1924.031190496243
 21
356.198175419835
 31
0.0
  0
LINE
  5
C9E
330
C67
100
AcDbEntity
  8
JIAJU
 62
     9
100
AcDbLine
 10
-1545.607134894846
 20
531.6338248446846
 30
0.0
 11
-1599.379544780051
 21
519.8632150511548
 31
0.0
  0
LINE
  5
C9F
330
C67
100
AcDbEntity
  8
JIAJU
 62
     9
100
AcDbLine
 10
-694.2074003915565
 20
331.4732212327598
 30
0.0
 11
-694.2074003915565
 21
-81.22253811790702
 31
0.0
  0
LINE
  5
CA0
330
C67
100
AcDbEntity
  8
JIAJU
 62
     9
100
AcDbLine
 10
208.5054698561815
 20
331.473221232778
 30
0.0
 11
-694.2074003915565
 21
331.4732212327598
 31
0.0
  0
LINE
  5
CA1
330
C67
100
AcDbEntity
  8
JIAJU
 62
     9
100
AcDbLine
 10
-694.2074003915565
 20
-81.22253811790702
 30
0.0
 11
208.5054698561815
 21
-81.22253811788878
 31
0.0
  0
LINE
  5
CA2
330
C67
100
AcDbEntity
  8
JIAJU
 62
     9
100
AcDbLine
 10
-625.4278949951403
 20
-448.5568285077861
 30
0.0
 11
-1059.733845706388
 21
-448.556828507757
 31
0.0
  0
LINE
  5
CA3
330
C67
100
AcDbEntity
  8
JIAJU
 62
     9
100
AcDbLine
 10
-1092.154708245711
 20
-378.0952547259039
 30
0.0
 11
-592.4248031626339
 21
-378.0952547258749
 31
0.0
  0
LINE
  5
CA4
330
C67
100
AcDbEntity
  8
JIAJU
 62
     9
100
AcDbLine
 10
-592.1547082457109
 20
-917.7334925483556
 30
0.0
 11
-1092.154708245711
 21
-917.7334925483556
 31
0.0
  0
LINE
  5
CA5
330
C67
100
AcDbEntity
  8
JIAJU
 62
     9
100
AcDbLine
 10
-592.4248031626339
 20
-905.6554964697388
 30
0.0
 11
-1092.154708245711
 21
-905.655496469768
 31
0.0
  0
LINE
  5
CA6
330
C67
100
AcDbEntity
  8
JIAJU
 62
     9
100
AcDbLine
 10
-592.1547082457109
 20
-1067.733492548355
 30
0.0
 11
-1092.154708245711
 21
-1067.733492548355
 31
0.0
  0
LINE
  5
CA7
330
C67
100
AcDbEntity
  8
JIAJU
 62
     9
100
AcDbLine
 10
-1059.733845706331
 20
-859.6347524297415
 30
0.0
 11
-625.4278949951403
 21
-859.6347524296835
 31
0.0
  0
ARC
  5
CA8
330
C67
100
AcDbEntity
  8
JIAJU
 62
     9
100
AcDbCircle
 10
-1092.154708245711
 20
-428.095254725933
 30
0.0
 40
50.0
100
AcDbArc
 50
90.00000000000138
 51
180.0000000000013
  0
ARC
  5
CA9
330
C67
100
AcDbEntity
  8
JIAJU
 62
     9
100
AcDbCircle
 10
-1172.154708245711
 20
-438.8605714760597
 30
0.0
 40
30.0
100
AcDbArc
 50
0.0000000000013231
 51
90.00000000000138
  0
LINE
  5
CAA
330
C67
100
AcDbEntity
  8
JIAJU
 62
     9
100
AcDbLine
 10
-1172.154708245711
 20
-408.8605714760306
 30
0.0
 11
-1244.506149954337
 21
-408.8605714760014
 31
0.0
  0
ARC
  5
CAB
330
C67
100
AcDbEntity
  8
JIAJU
 62
     9
100
AcDbCircle
 10
-1059.733845706388
 20
-478.5568285078443
 30
0.0
 40
30.0
100
AcDbArc
 50
90.00000000000138
 51
180.0000000000013
  0
ARC
  5
CAC
330
C67
100
AcDbEntity
  8
JIAJU
 62
     9
100
AcDbCircle
 10
-1092.154708245711
 20
-855.655496469768
 30
0.0
 40
50.0
100
AcDbArc
 50
180.0000000000013
 51
270.0000000000013
  0
LINE
  5
CAD
330
C67
100
AcDbEntity
  8
JIAJU
 62
     9
100
AcDbLine
 10
-1164.506149954337
 20
-996.0700007179221
 30
0.0
 11
-1144.506149954337
 21
-996.0700007179221
 31
0.0
  0
ARC
  5
CAE
330
C67
100
AcDbEntity
  8
JIAJU
 62
     9
100
AcDbCircle
 10
-1092.154708245711
 20
-967.7334925483846
 30
0.0
 40
50.0
100
AcDbArc
 50
90.00000000000138
 51
180.0000000000013
  0
ARC
  5
CAF
330
C67
100
AcDbEntity
  8
JIAJU
 62
     9
100
AcDbCircle
 10
-1092.154708245711
 20
-1017.733492548384
 30
0.0
 40
50.0
100
AcDbArc
 50
180.0000000000013
 51
270.0000000000013
  0
LINE
  5
CB0
330
C67
100
AcDbEntity
  8
JIAJU
 62
     9
100
AcDbLine
 10
-1142.154708245711
 20
-1017.733492548355
 30
0.0
 11
-1142.154708245711
 21
-967.7334925483556
 31
0.0
  0
ARC
  5
CB1
330
C67
100
AcDbEntity
  8
JIAJU
 62
     9
100
AcDbCircle
 10
-1059.733845706331
 20
-829.6347524297708
 30
0.0
 40
30.0
100
AcDbArc
 50
180.0000000000013
 51
270.0000000000013
  0
LINE
  5
CB2
330
C67
100
AcDbEntity
  8
JIAJU
 62
     9
100
AcDbLine
 10
-1089.73384570633
 20
-478.5568285078152
 30
0.0
 11
-1089.733845706389
 21
-829.6347524297125
 31
0.0
  0
LINE
  5
CB3
330
C67
100
AcDbEntity
  8
JIAJU
 62
     9
100
AcDbLine
 10
-1142.154708245711
 20
-438.8605714760014
 30
0.0
 11
-1142.154708245711
 21
-855.655496469768
 31
0.0
  0
LINE
  5
CB4
330
C67
100
AcDbEntity
  8
JIAJU
 62
     9
100
AcDbLine
 10
57.4401493788755
 20
-964.0610944172804
 30
0.0
 11
57.4401493788755
 21
-1021.405890679416
 31
0.0
  0
ARC
  5
CB5
330
C67
100
AcDbEntity
  8
JIAJU
 62
     9
100
AcDbCircle
 10
-25.69798991212156
 20
-478.5568285077861
 30
0.0
 40
30.0
100
AcDbArc
 50
0.0000000000013231
 51
90.00000000000138
  0
ARC
  5
CB6
330
C67
100
AcDbEntity
  8
JIAJU
 62
     9
100
AcDbCircle
 10
7.305101920326706
 20
-428.0952547259039
 30
0.0
 40
50.0
100
AcDbArc
 50
0.0000000000013231
 51
90.00000000000138
  0
ARC
  5
CB7
330
C67
100
AcDbEntity
  8
JIAJU
 62
     9
100
AcDbCircle
 10
-460.0039406233118
 20
-478.5568285077861
 30
0.0
 40
30.0
100
AcDbArc
 50
90.00000000000138
 51
180.0000000000013
  0
LINE
  5
CB8
330
C67
100
AcDbEntity
  8
JIAJU
 62
     9
100
AcDbLine
 10
-492.4248031626339
 20
-378.0952547258457
 30
0.0
 11
7.305101920384913
 21
-378.0952547258457
 31
0.0
  0
LINE
  5
CB9
330
C67
100
AcDbEntity
  8
JIAJU
 62
     9
100
AcDbLine
 10
-25.69798991206335
 20
-448.556828507757
 30
0.0
 11
-460.0039406233118
 21
-448.556828507757
 31
0.0
  0
ARC
  5
CBA
330
C67
100
AcDbEntity
  8
JIAJU
 62
     9
100
AcDbCircle
 10
7.305101920326706
 20
-855.6554964697388
 30
0.0
 40
50.0
100
AcDbArc
 50
270.0000000000013
 51
0.0000000000013231
  0
ARC
  5
CBB
330
C67
100
AcDbEntity
  8
JIAJU
 62
     9
100
AcDbCircle
 10
7.575196837366092
 20
-1017.733492548355
 30
0.0
 40
50.0
100
AcDbArc
 50
270.0000000000013
 51
0.0000000000013231
  0
ARC
  5
CBC
330
C67
100
AcDbEntity
  8
JIAJU
 62
     9
100
AcDbCircle
 10
7.575196837366092
 20
-967.7334925483265
 30
0.0
 40
50.0
100
AcDbArc
 50
0.0000000000013231
 51
90.00000000000138
  0
ARC
  5
CBD
330
C67
100
AcDbEntity
  8
JIAJU
 62
     9
100
AcDbCircle
 10
-25.69798991206335
 20
-829.6347524297125
 30
0.0
 40
30.0
100
AcDbArc
 50
270.0000000000013
 51
0.0000000000013231
  0
ARC
  5
CBE
330
C67
100
AcDbEntity
  8
JIAJU
 62
     9
100
AcDbCircle
 10
-460.0039406233118
 20
-829.6347524297416
 30
0.0
 40
30.0
100
AcDbArc
 50
180.0000000000013
 51
270.0000000000013
  0
LINE
  5
CBF
330
C67
100
AcDbEntity
  8
JIAJU
 62
     9
100
AcDbLine
 10
7.575196837366092
 20
-917.7334925482973
 30
0.0
 11
-492.4248031626339
 21
-917.7334925482973
 31
0.0
  0
LINE
  5
CC0
330
C67
100
AcDbEntity
  8
JIAJU
 62
     9
100
AcDbLine
 10
7.305101920384913
 20
-905.6554964697097
 30
0.0
 11
-492.4248031626339
 21
-905.655496469768
 31
0.0
  0
LINE
  5
CC1
330
C67
100
AcDbEntity
  8
JIAJU
 62
     9
100
AcDbLine
 10
-460.0039406233118
 20
-859.6347524296835
 30
0.0
 11
-25.69798991206335
 21
-859.6347524296835
 31
0.0
  0
LINE
  5
CC2
330
C67
100
AcDbEntity
  8
JIAJU
 62
     9
100
AcDbLine
 10
7.575196837366092
 20
-1067.733492548297
 30
0.0
 11
-492.4248031626339
 21
-1067.733492548297
 31
0.0
  0
LINE
  5
CC3
330
C67
100
AcDbEntity
  8
JIAJU
 62
     9
100
AcDbLine
 10
57.48835541523295
 20
-438.8605714760014
 30
0.0
 11
57.48835541523295
 21
-855.6554964697388
 31
0.0
  0
LINE
  5
CC4
330
C67
100
AcDbEntity
  8
JIAJU
 62
     9
100
AcDbLine
 10
57.30510192038491
 20
-438.8605714759724
 30
0.0
 11
57.30510192038491
 21
-855.6554964697097
 31
0.0
  0
LINE
  5
CC5
330
C67
100
AcDbEntity
  8
JIAJU
 62
     9
100
AcDbLine
 10
4.30201008793665
 20
-829.6347524296834
 30
0.0
 11
4.30201008793665
 21
-478.556828507757
 31
0.0
  0
LINE
  5
CC6
330
C67
100
AcDbEntity
  8
JIAJU
 62
     9
100
AcDbLine
 10
-490.0039406233117
 20
-478.556828507757
 30
0.0
 11
-490.0039406233117
 21
-829.6347524296834
 31
0.0
  0
ARC
  5
CC7
330
C67
100
AcDbEntity
  8
JIAJU
 62
     9
100
AcDbCircle
 10
-492.4248031626339
 20
-428.0952547259039
 30
0.0
 40
50.0
100
AcDbArc
 50
90.00000000000138
 51
180.0000000000013
  0
ARC
  5
CC8
330
C67
100
AcDbEntity
  8
JIAJU
 62
     9
100
AcDbCircle
 10
-492.4248031626339
 20
-855.655496469768
 30
0.0
 40
50.0
100
AcDbArc
 50
180.0000000000013
 51
270.0000000000013
  0
ARC
  5
CC9
330
C67
100
AcDbEntity
  8
JIAJU
 62
     9
100
AcDbCircle
 10
-492.4248031626339
 20
-1017.733492548355
 30
0.0
 40
50.0
100
AcDbArc
 50
180.0000000000013
 51
270.0000000000013
  0
ARC
  5
CCA
330
C67
100
AcDbEntity
  8
JIAJU
 62
     9
100
AcDbCircle
 10
-492.4248031626339
 20
-967.7334925483556
 30
0.0
 40
50.0
100
AcDbArc
 50
90.00000000000138
 51
180.0000000000013
  0
LINE
  5
CCB
330
C67
100
AcDbEntity
  8
JIAJU
 62
     9
100
AcDbLine
 10
-542.4248031626339
 20
-1017.733492548297
 30
0.0
 11
-542.4248031626339
 21
-967.7334925483265
 31
0.0
  0
LINE
  5
CCC
330
C67
100
AcDbEntity
  8
JIAJU
 62
     9
100
AcDbLine
 10
-542.1547082457109
 20
-967.7334925482973
 30
0.0
 11
-542.1547082457109
 21
-1017.733492548326
 31
0.0
  0
LINE
  5
CCD
330
C67
100
AcDbEntity
  8
JIAJU
 62
     9
100
AcDbLine
 10
-542.1547082457109
 20
-967.7334925483265
 30
0.0
 11
-542.1547082457109
 21
-1017.733492548355
 31
0.0
  0
LINE
  5
CCE
330
C67
100
AcDbEntity
  8
JIAJU
 62
     9
100
AcDbLine
 10
-542.4248031626339
 20
-438.8605714760014
 30
0.0
 11
-542.4248031626339
 21
-855.6554964697097
 31
0.0
  0
LINE
  5
CCF
330
C67
100
AcDbEntity
  8
JIAJU
 62
     9
100
AcDbLine
 10
-542.4248031626339
 20
-438.8605714760014
 30
0.0
 11
-542.4248031626339
 21
-855.6554964697097
 31
0.0
  0
LINE
  5
CD0
330
C67
100
AcDbEntity
  8
JIAJU
 62
     9
100
AcDbLine
 10
57.30510192038491
 20
-438.8605714760014
 30
0.0
 11
57.30510192038491
 21
-855.655496469768
 31
0.0
  0
LINE
  5
CD1
330
C67
100
AcDbEntity
  8
JIAJU
 62
     9
100
AcDbLine
 10
57.30510192038491
 20
-438.8605714760014
 30
0.0
 11
57.30510192038491
 21
-855.6554964697097
 31
0.0
  0
ARC
  5
CD2
330
C67
100
AcDbEntity
  8
JIAJU
 62
     9
100
AcDbCircle
 10
107.3051019203849
 20
-967.7334925483556
 30
0.0
 40
50.0
100
AcDbArc
 50
90.00000000000138
 51
180.0000000000013
  0
ARC
  5
CD3
330
C67
100
AcDbEntity
  8
JIAJU
 62
     9
100
AcDbCircle
 10
107.3051019203849
 20
-1017.733492548355
 30
0.0
 40
50.0
100
AcDbArc
 50
180.0000000000013
 51
270.0000000000013
  0
ARC
  5
CD4
330
C67
100
AcDbEntity
  8
JIAJU
 62
     9
100
AcDbCircle
 10
107.3051019203849
 20
-855.655496469768
 30
0.0
 40
50.0
100
AcDbArc
 50
180.0000000000013
 51
270.0000000000013
  0
ARC
  5
CD5
330
C67
100
AcDbEntity
  8
JIAJU
 62
     9
100
AcDbCircle
 10
107.3051019203849
 20
-428.0952547259039
 30
0.0
 40
50.0
100
AcDbArc
 50
90.00000000000138
 51
180.0000000000013
  0
LINE
  5
CD6
330
C67
100
AcDbEntity
  8
JIAJU
 62
     9
100
AcDbLine
 10
109.725964459707
 20
-478.556828507757
 30
0.0
 11
109.725964459707
 21
-829.6347524296834
 31
0.0
  0
LINE
  5
CD7
330
C67
100
AcDbEntity
  8
JIAJU
 62
     9
100
AcDbLine
 10
604.0319151709554
 20
-829.6347524296834
 30
0.0
 11
604.0319151709554
 21
-478.556828507757
 31
0.0
  0
LINE
  5
CD8
330
C67
100
AcDbEntity
  8
JIAJU
 62
     9
100
AcDbLine
 10
607.3051019203849
 20
-1067.733492548297
 30
0.0
 11
107.3051019203849
 21
-1067.733492548297
 31
0.0
  0
LINE
  5
CD9
330
C67
100
AcDbEntity
  8
JIAJU
 62
     9
100
AcDbLine
 10
139.725964459707
 20
-859.6347524296835
 30
0.0
 11
574.0319151709554
 21
-859.6347524296835
 31
0.0
  0
LINE
  5
CDA
330
C67
100
AcDbEntity
  8
JIAJU
 62
     9
100
AcDbLine
 10
607.0350070034037
 20
-905.6554964697097
 30
0.0
 11
107.3051019203849
 21
-905.655496469768
 31
0.0
  0
LINE
  5
CDB
330
C67
100
AcDbEntity
  8
JIAJU
 62
     9
100
AcDbLine
 10
607.3051019203849
 20
-917.7334925482973
 30
0.0
 11
107.3051019203849
 21
-917.7334925482973
 31
0.0
  0
ARC
  5
CDC
330
C67
100
AcDbEntity
  8
JIAJU
 62
     9
100
AcDbCircle
 10
139.725964459707
 20
-829.6347524297416
 30
0.0
 40
30.0
100
AcDbArc
 50
180.0000000000013
 51
270.0000000000013
  0
ARC
  5
CDD
330
C67
100
AcDbEntity
  8
JIAJU
 62
     9
100
AcDbCircle
 10
574.0319151709554
 20
-829.6347524297125
 30
0.0
 40
30.0
100
AcDbArc
 50
270.0000000000013
 51
0.0000000000013231
  0
LINE
  5
CDE
330
C67
100
AcDbEntity
  8
JIAJU
 62
     9
100
AcDbLine
 10
574.0319151709554
 20
-448.556828507757
 30
0.0
 11
139.725964459707
 21
-448.556828507757
 31
0.0
  0
LINE
  5
CDF
330
C67
100
AcDbEntity
  8
JIAJU
 62
     9
100
AcDbLine
 10
107.3051019203849
 20
-378.0952547258457
 30
0.0
 11
607.0350070034037
 21
-378.0952547258457
 31
0.0
  0
ARC
  5
CE0
330
C67
100
AcDbEntity
  8
JIAJU
 62
     9
100
AcDbCircle
 10
139.725964459707
 20
-478.5568285077861
 30
0.0
 40
30.0
100
AcDbArc
 50
90.00000000000138
 51
180.0000000000013
  0
ARC
  5
CE1
330
C67
100
AcDbEntity
  8
JIAJU
 62
     9
100
AcDbCircle
 10
574.0319151708972
 20
-478.5568285077861
 30
0.0
 40
30.0
100
AcDbArc
 50
0.0000000000013231
 51
90.00000000000138
  0
ARC
  5
CE2
330
C67
100
AcDbEntity
  8
JIAJU
 62
     9
100
AcDbCircle
 10
-625.4278949951403
 20
-478.5568285078152
 30
0.0
 40
30.0
100
AcDbArc
 50
0.0000000000013231
 51
90.00000000000138
  0
ARC
  5
CE3
330
C67
100
AcDbEntity
  8
JIAJU
 62
     9
100
AcDbCircle
 10
-625.4278949951403
 20
-829.6347524297416
 30
0.0
 40
30.0
100
AcDbArc
 50
270.0000000000013
 51
0.0000000000013231
  0
LINE
  5
CE4
330
C67
100
AcDbEntity
  8
JIAJU
 62
     9
100
AcDbLine
 10
-595.4278949951404
 20
-829.6347524296834
 30
0.0
 11
-595.4278949951404
 21
-478.5568285078152
 31
0.0
  0
ARC
  5
CE5
330
C67
100
AcDbEntity
  8
JIAJU
 62
     9
100
AcDbCircle
 10
-592.4248031626921
 20
-428.095254725933
 30
0.0
 40
50.0
100
AcDbArc
 50
0.0000000000013231
 51
90.00000000000138
  0
ARC
  5
CE6
330
C67
100
AcDbEntity
  8
JIAJU
 62
     9
100
AcDbCircle
 10
-592.4248031626921
 20
-855.6554964697971
 30
0.0
 40
50.0
100
AcDbArc
 50
270.0000000000013
 51
0.0000000000013231
  0
ARC
  5
CE7
330
C67
100
AcDbEntity
  8
JIAJU
 62
     9
100
AcDbCircle
 10
-592.1547082457109
 20
-967.7334925483556
 30
0.0
 40
50.0
100
AcDbArc
 50
0.0000000000013231
 51
90.00000000000138
  0
ARC
  5
CE8
330
C67
100
AcDbEntity
  8
JIAJU
 62
     9
100
AcDbCircle
 10
-592.1547082457109
 20
-1017.733492548384
 30
0.0
 40
50.0
100
AcDbArc
 50
270.0000000000013
 51
0.0000000000013231
  0
LINE
  5
CE9
330
C67
100
AcDbEntity
  8
JIAJU
 62
     9
100
AcDbLine
 10
-542.4248031626266
 20
-428.0949786975361
 30
0.0
 11
-542.4248031626339
 21
-855.655496469768
 31
0.0
  0
LINE
  5
CEA
330
C67
100
AcDbEntity
  8
JIAJU
 62
     9
100
AcDbLine
 10
57.30510192039218
 20
-428.0948146877635
 30
0.0
 11
57.30510192038491
 21
-855.6554964697097
 31
0.0
  0
LINE
  5
CEB
330
C67
100
AcDbEntity
  8
JIAJU
 62
     9
100
AcDbLine
 10
809.569702206878
 20
-458.8605714759433
 30
0.0
 11
809.569702206878
 21
-866.0700007178929
 31
0.0
  0
ARC
  5
CEC
330
C67
100
AcDbEntity
  8
JIAJU
 62
     9
100
AcDbCircle
 10
679.5697022068197
 20
-866.0700007179221
 30
0.0
 40
130.0
100
AcDbArc
 50
270.0000000000013
 51
0.0000000000013231
  0
LINE
  5
CED
330
C67
100
AcDbEntity
  8
JIAJU
 62
     9
100
AcDbLine
 10
687.2182604982517
 20
-408.8605714760014
 30
0.0
 11
759.569702206878
 21
-408.8605714759433
 31
0.0
  0
ARC
  5
CEE
330
C67
100
AcDbEntity
  8
JIAJU
 62
     9
100
AcDbCircle
 10
759.5697022068198
 20
-458.8605714760014
 30
0.0
 40
50.0
100
AcDbArc
 50
0.0000000000013231
 51
90.00000000000138
  0
LINE
  5
CEF
330
C67
100
AcDbEntity
  8
JIAJU
 62
     9
100
AcDbLine
 10
657.3051019203849
 20
-967.7334925482973
 30
0.0
 11
657.3051019203849
 21
-1017.733492548297
 31
0.0
  0
LINE
  5
CF0
330
C67
100
AcDbEntity
  8
JIAJU
 62
     9
100
AcDbLine
 10
657.2182604982518
 20
-438.8605714760014
 30
0.0
 11
657.2182604982518
 21
-855.6554964697388
 31
0.0
  0
LINE
  5
CF1
330
C67
100
AcDbEntity
  8
JIAJU
 62
     9
100
AcDbLine
 10
679.569702206878
 20
-996.0700007178639
 30
0.0
 11
659.569702206878
 21
-996.0700007178639
 31
0.0
  0
ARC
  5
CF2
330
C67
100
AcDbEntity
  8
JIAJU
 62
     9
100
AcDbCircle
 10
1433.130605286736
 20
-193.8018245801977
 30
0.0
 40
50.0
100
AcDbArc
 50
180.0000000000013
 51
270.0000000000013
  0
ARC
  5
CF3
330
C67
100
AcDbEntity
  8
JIAJU
 62
     9
100
AcDbCircle
 10
1483.130605286737
 20
-193.8018245802268
 30
0.0
 40
50.0
100
AcDbArc
 50
270.0000000000013
 51
0.0000000000013231
  0
LINE
  5
CF4
330
C67
100
AcDbEntity
  8
JIAJU
 62
     9
100
AcDbLine
 10
1483.130605286795
 20
-243.8018245801686
 30
0.0
 11
1433.130605286736
 21
-243.8018245801686
 31
0.0
  0
LINE
  5
CF5
330
C67
100
AcDbEntity
  8
JIAJU
 62
     9
100
AcDbLine
 10
1371.052609208149
 20
-193.5317296631874
 30
0.0
 11
1371.052609208149
 21
306.1981754198314
 31
0.0
  0
LINE
  5
CF6
330
C67
100
AcDbEntity
  8
JIAJU
 62
     9
100
AcDbLine
 10
1383.130605286795
 20
-193.8018245801977
 30
0.0
 11
1383.130605286795
 21
306.1981754198314
 31
0.0
  0
LINE
  5
CF7
330
C67
100
AcDbEntity
  8
JIAJU
 62
     9
100
AcDbLine
 10
1533.130605286737
 20
-193.8018245801686
 30
0.0
 11
1533.130605286737
 21
306.1981754198314
 31
0.0
  0
LINE
  5
CF8
330
C67
100
AcDbEntity
  8
JIAJU
 62
     9
100
AcDbLine
 10
1483.130605286795
 20
356.1981754198314
 30
0.0
 11
1433.130605286736
 21
356.1981754198314
 31
0.0
  0
ARC
  5
CF9
330
C67
100
AcDbEntity
  8
JIAJU
 62
     9
100
AcDbCircle
 10
1433.130605286678
 20
306.1981754197732
 30
0.0
 40
50.0
100
AcDbArc
 50
90.00000000000138
 51
180.0000000000013
  0
ARC
  5
CFA
330
C67
100
AcDbEntity
  8
JIAJU
 62
     9
100
AcDbCircle
 10
1483.130605286678
 20
306.1981754198023
 30
0.0
 40
50.0
100
AcDbArc
 50
0.0000000000013231
 51
90.00000000000138
  0
LINE
  5
CFB
330
C67
100
AcDbEntity
  8
JIAJU
 62
     9
100
AcDbLine
 10
924.2576842144408
 20
-396.0664248666617
 30
0.0
 11
1331.467113456332
 21
-396.0664248666617
 31
0.0
  0
ARC
  5
CFC
330
C67
100
AcDbEntity
  8
JIAJU
 62
     9
100
AcDbCircle
 10
924.2576842143826
 20
-346.0664248666908
 30
0.0
 40
50.0
100
AcDbArc
 50
180.0000000000013
 51
270.0000000000013
  0
LINE
  5
CFD
330
C67
100
AcDbEntity
  8
JIAJU
 62
     9
100
AcDbLine
 10
904.2576842143827
 20
-243.8018245801686
 30
0.0
 11
1321.052609208149
 21
-243.8018245801686
 31
0.0
  0
LINE
  5
CFE
330
C67
100
AcDbEntity
  8
JIAJU
 62
     9
100
AcDbLine
 10
904.2576842143827
 20
-243.8018245801686
 30
0.0
 11
1321.052609208149
 21
-243.8018245801686
 31
0.0
  0
LINE
  5
CFF
330
C67
100
AcDbEntity
  8
JIAJU
 62
     9
100
AcDbLine
 10
924.2576842143826
 20
514.623742039821
 30
0.0
 11
1331.467113456332
 21
514.6237420398501
 31
0.0
  0
LINE
  5
D00
330
C67
100
AcDbEntity
  8
JIAJU
 62
     9
100
AcDbLine
 10
904.2576842143827
 20
356.1981754198314
 30
0.0
 11
1321.052609208149
 21
356.1981754198605
 31
0.0
  0
LINE
  5
D01
330
C67
100
AcDbEntity
  8
JIAJU
 62
     9
100
AcDbLine
 10
904.2576842143827
 20
356.1981754198314
 30
0.0
 11
1321.052609208149
 21
356.1981754198605
 31
0.0
  0
ARC
  5
D02
330
C67
100
AcDbEntity
  8
JIAJU
 62
     9
100
AcDbCircle
 10
1295.031865168122
 20
-160.5286378307682
 30
0.0
 40
30.0
100
AcDbArc
 50
270.0000000000013
 51
0.0000000000013231
  0
ARC
  5
D03
330
C67
100
AcDbEntity
  8
JIAJU
 62
     9
100
AcDbCircle
 10
1295.031865168065
 20
273.7773128804511
 30
0.0
 40
30.0
100
AcDbArc
 50
0.0000000000013231
 51
90.00000000000138
  0
ARC
  5
D04
330
C67
100
AcDbEntity
  8
JIAJU
 62
     9
100
AcDbCircle
 10
893.4923674642851
 20
-193.5317296632456
 30
0.0
 40
50.0
100
AcDbArc
 50
180.0000000000013
 51
270.0000000000013
  0
LINE
  5
D05
330
C67
100
AcDbEntity
  8
JIAJU
 62
     9
100
AcDbLine
 10
874.2576842143826
 20
-273.7149831580355
 30
0.0
 11
874.2576842143826
 21
-346.0664248666617
 31
0.0
  0
ARC
  5
D06
330
C67
100
AcDbEntity
  8
JIAJU
 62
     9
100
AcDbCircle
 10
904.2576842143827
 20
-273.7149831580646
 30
0.0
 40
30.0
100
AcDbArc
 50
90.00000000000138
 51
180.0000000000013
  0
LINE
  5
D07
330
C67
100
AcDbEntity
  8
JIAJU
 62
     9
100
AcDbLine
 10
1295.031865168122
 20
-190.5286378307391
 30
0.0
 11
943.9539412461963
 21
-190.5286378307683
 31
0.0
  0
LINE
  5
D08
330
C67
100
AcDbEntity
  8
JIAJU
 62
     9
100
AcDbLine
 10
943.9539412461963
 20
303.7773128804801
 30
0.0
 11
1295.031865168122
 21
303.7773128804511
 31
0.0
  0
LINE
  5
D09
330
C67
100
AcDbEntity
  8
JIAJU
 62
     9
100
AcDbLine
 10
913.9539412461964
 20
-160.5286378307682
 30
0.0
 11
913.9539412461964
 21
273.7773128804511
 31
0.0
  0
LINE
  5
D0A
330
C67
100
AcDbEntity
  8
JIAJU
 62
     9
100
AcDbLine
 10
843.4923674642851
 20
306.1981754198314
 30
0.0
 11
843.4923674643432
 21
-193.5317296632456
 31
0.0
  0
ARC
  5
D0B
330
C67
100
AcDbEntity
  8
JIAJU
 62
     9
100
AcDbCircle
 10
943.9539412461382
 20
-160.5286378307974
 30
0.0
 40
30.0
100
AcDbArc
 50
180.0000000000013
 51
270.0000000000013
  0
ARC
  5
D0C
330
C67
100
AcDbEntity
  8
JIAJU
 62
     9
100
AcDbCircle
 10
893.4923674642268
 20
306.1981754197732
 30
0.0
 40
50.0
100
AcDbArc
 50
90.00000000000138
 51
180.0000000000013
  0
ARC
  5
D0D
330
C67
100
AcDbEntity
  8
JIAJU
 62
     9
100
AcDbCircle
 10
924.2576842143826
 20
464.623742039821
 30
0.0
 40
50.0
100
AcDbArc
 50
90.00000000000138
 51
180.0000000000013
  0
LINE
  5
D0E
330
C67
100
AcDbEntity
  8
JIAJU
 62
     9
100
AcDbLine
 10
874.2576842143826
 20
392.272300331224
 30
0.0
 11
874.2576842143826
 21
464.623742039792
 31
0.0
  0
ARC
  5
D0F
330
C67
100
AcDbEntity
  8
JIAJU
 62
     9
100
AcDbCircle
 10
904.2576842143827
 20
392.2723003311367
 30
0.0
 40
30.0
100
AcDbArc
 50
180.0000000000013
 51
270.0000000000013
  0
ARC
  5
D10
330
C67
100
AcDbEntity
  8
JIAJU
 62
     9
100
AcDbCircle
 10
943.9539412461382
 20
273.7773128804511
 30
0.0
 40
30.0
100
AcDbArc
 50
90.00000000000138
 51
180.0000000000013
  0
LINE
  5
D11
330
C67
100
AcDbEntity
  8
JIAJU
 62
     9
100
AcDbLine
 10
1325.031865168123
 20
273.7773128804802
 30
0.0
 11
1325.031865168123
 21
-160.5286378307392
 31
0.0
  0
ARC
  5
D12
330
C67
100
AcDbEntity
  8
JIAJU
 62
     9
100
AcDbCircle
 10
1321.052609208149
 20
-193.5317296632456
 30
0.0
 40
50.0
100
AcDbArc
 50
270.0000000000013
 51
0.0000000000013231
  0
ARC
  5
D13
330
C67
100
AcDbEntity
  8
JIAJU
 62
     9
100
AcDbCircle
 10
1331.467113456332
 20
-266.0664248667199
 30
0.0
 40
130.0
100
AcDbArc
 50
270.0000000000013
 51
9.861444199233211
  0
ARC
  5
D14
330
C67
100
AcDbEntity
  8
JIAJU
 62
     9
100
AcDbCircle
 10
1331.467113456274
 20
384.623742039792
 30
0.0
 40
130.0
100
AcDbArc
 50
0.0000000000013231
 51
90.00000000000138
  0
ARC
  5
D15
330
C67
100
AcDbEntity
  8
JIAJU
 62
     9
100
AcDbCircle
 10
1321.052609208149
 20
306.1981754197732
 30
0.0
 40
50.0
100
AcDbArc
 50
0.0000000000013231
 51
90.00000000000138
  0
LINE
  5
D16
330
C67
100
AcDbEntity
  8
JIAJU
 62
     9
100
AcDbLine
 10
1337.372467024884
 20
-966.084207441065
 30
0.0
 11
1337.372467024884
 21
-486.8842074410824
 31
0.0
  0
LINE
  5
D17
330
C67
100
AcDbEntity
  8
JIAJU
 62
     9
100
AcDbLine
 10
880.5724670248382
 20
-486.8842074411116
 30
0.0
 11
880.5724670248382
 21
-966.0842074410942
 31
0.0
  0
CIRCLE
  5
D18
330
C67
100
AcDbEntity
  8
JIAJU
 62
     9
100
AcDbCircle
 10
1102.972467024861
 20
-738.6842074410999
 30
0.0
 40
145.2067491544384
  0
LINE
  5
D19
330
C67
100
AcDbEntity
  8
JIAJU
 62
     9
100
AcDbLine
 10
880.5724670248382
 20
-966.0842074410942
 30
0.0
 11
1337.372467024884
 21
-966.084207441065
 31
0.0
  0
LINE
  5
D1A
330
C67
100
AcDbEntity
  8
JIAJU
 62
     9
100
AcDbLine
 10
1337.372467024884
 20
-486.8842074410824
 30
0.0
 11
880.5724670248382
 21
-486.8842074411116
 31
0.0
  0
LINE
  5
D1B
330
C67
100
AcDbEntity
  8
JIAJU
 62
     9
100
AcDbLine
 10
880.9724670248614
 20
-738.6842074410708
 30
0.0
 11
1325.972467024861
 21
-738.6842074410708
 31
0.0
  0
LINE
  5
D1C
330
C67
100
AcDbEntity
  8
JIAJU
 62
     9
100
AcDbLine
 10
1102.972467024861
 20
-486.884207441097
 30
0.0
 11
1102.972467024861
 21
-961.6842074410708
 31
0.0
  0
LINE
  5
D1D
330
C67
100
AcDbEntity
  8
JIAJU
 62
     9
100
AcDbLine
 10
1461.467113456332
 20
384.6237420398502
 30
0.0
 11
1461.467113456332
 21
356.198175419835
 31
0.0
  0
LINE
  5
D1E
330
C67
100
AcDbEntity
  8
JIAJU
 62
     9
100
AcDbLine
 10
-1544.98836340972
 20
889.2211589007965
 30
0.0
 11
-1612.95357053497
 21
873.751871772769
 31
0.0
  0
LINE
  5
D1F
330
C67
100
AcDbEntity
  8
JIAJU
 62
     9
100
AcDbLine
 10
-1545.607134894846
 20
677.0965604337797
 30
0.0
 11
-1599.379544780051
 21
665.32595064025
 31
0.0
  0
LINE
  5
D20
330
C67
100
AcDbEntity
  8
JIAJU
 62
     9
100
AcDbLine
 10
-1557.982564597259
 20
737.6221450461489
 30
0.0
 11
-1597.583939645003
 21
723.9216105796404
 31
0.0
  0
LINE
  5
D21
330
C67
100
AcDbEntity
  8
JIAJU
 62
     9
100
AcDbLine
 10
-1540.656963013869
 20
801.3556080136076
 30
0.0
 11
-1597.583939645003
 21
769.5938929226286
 31
0.0
  0
LINE
  5
D22
330
C67
100
AcDbEntity
  8
JIAJU
 62
     9
100
AcDbLine
 10
-1545.607134894846
 20
838.6976812203101
 30
0.0
 11
-1599.959369347431
 21
813.1122662309099
 31
0.0
  0
LINE
  5
D23
330
C67
100
AcDbEntity
  8
JIAJU
 62
     9
100
AcDbLine
 10
-1327.180800647125
 20
1042.057715725681
 30
0.0
 11
-1313.480266180617
 21
1002.456340677938
 31
0.0
  0
LINE
  5
D24
330
C67
100
AcDbEntity
  8
JIAJU
 62
     9
100
AcDbLine
 10
-1390.914263614584
 20
1059.383317309071
 30
0.0
 11
-1359.152548523605
 21
1002.456340677938
 31
0.0
  0
LINE
  5
D25
330
C67
100
AcDbEntity
  8
JIAJU
 62
     9
100
AcDbLine
 10
-1428.256336821287
 20
1054.433145428102
 30
0.0
 11
-1402.670921831886
 21
1000.080910975517
 31
0.0
  0
LINE
  5
D26
330
C67
100
AcDbEntity
  8
JIAJU
 62
     9
100
AcDbLine
 10
-1478.779814501773
 20
1055.051916913227
 30
0.0
 11
-1463.310527373745
 21
987.0867097879781
 31
0.0
  0
LINE
  5
D27
330
C67
100
AcDbEntity
  8
JIAJU
 62
     9
100
AcDbLine
 10
-1536.944334103144
 20
991.93722543088
 30
0.0
 11
-1571.595537269924
 21
1045.770344636406
 31
0.0
  0
LINE
  5
D28
330
C67
100
AcDbEntity
  8
JIAJU
 62
     9
100
AcDbLine
 10
-1545.607134894846
 20
977.0867097879781
 30
0.0
 11
-1593.252539249151
 21
1014.831770380358
 31
0.0
  0
LINE
  5
D29
330
C67
100
AcDbEntity
  8
JIAJU
 62
     9
100
AcDbLine
 10
-1509.099617272703
 20
1059.383317309071
 30
0.0
 11
-1516.524875094154
 21
991.4181101838293
 31
0.0
  0
LINE
  5
D2A
330
C67
100
AcDbEntity
  8
JIAJU
 62
     9
100
AcDbLine
 10
-1540.656963013869
 20
919.5409616717261
 30
0.0
 11
-1608.622170139119
 21
926.966219493177
 31
0.0
  0
LINE
  5
D2B
330
C67
100
AcDbEntity
  8
JIAJU
 62
     9
100
AcDbLine
 10
-1549.319763805572
 20
954.1921648384995
 30
0.0
 11
-1612.95357053497
 21
969.0426804814014
 31
0.0
  0
LINE
  5
D2C
330
C67
100
AcDbEntity
  8
JIAJU
 62
     9
100
AcDbLine
 10
-1545.607134894846
 20
693.2349456312149
 30
0.0
 11
-1599.959369347431
 21
667.6495306418146
 31
0.0
  0
LINE
  5
D2D
330
C67
100
AcDbEntity
  8
JIAJU
 62
     9
100
AcDbLine
 10
-1540.656963013869
 20
655.8928724245125
 30
0.0
 11
-1597.583939645003
 21
624.1311573335333
 31
0.0
  0
LINE
  5
D2E
330
C67
100
AcDbEntity
  8
JIAJU
 62
     9
100
AcDbLine
 10
-1557.982564597259
 20
592.1594094570536
 30
0.0
 11
-1597.583939645003
 21
578.4588749905451
 31
0.0
  0
LINE
  5
D2F
330
C67
100
AcDbEntity
  8
JIAJU
 62
     9
100
AcDbLine
 10
-1266.655216034763
 20
1054.433145428102
 30
0.0
 11
-1254.884606241234
 21
1000.660735542889
 31
0.0
  0
LINE
  5
D30
330
C67
100
AcDbEntity
  8
JIAJU
 62
     9
100
AcDbLine
 10
-1045.021003431946
 20
1046.389116121532
 30
0.0
 11
-1036.976974125369
 21
1000.080910975517
 31
0.0
  0
LINE
  5
D31
330
C67
100
AcDbEntity
  8
JIAJU
 62
     9
100
AcDbLine
 10
-1086.478692935052
 20
1050.720516517376
 30
0.0
 11
-1067.296776896299
 21
1000.080910975517
 31
0.0
  0
LINE
  5
D32
330
C67
100
AcDbEntity
  8
JIAJU
 62
     9
100
AcDbLine
 10
-1109.37323788453
 20
1059.383317309071
 30
0.0
 11
-1101.94798006308
 21
1000.080910975517
 31
0.0
  0
LINE
  5
D33
330
C67
100
AcDbEntity
  8
JIAJU
 62
     9
100
AcDbLine
 10
-1135.980411744735
 20
1055.051916913227
 30
0.0
 11
-1166.918986000775
 21
991.4181101838293
 31
0.0
  0
LINE
  5
D34
330
C67
100
AcDbEntity
  8
JIAJU
 62
     9
100
AcDbLine
 10
-1212.708075899733
 20
1059.383317309071
 30
0.0
 11
-1197.238788771705
 21
1009.362483252338
 31
0.0
  0
LINE
  5
D35
330
C67
100
AcDbEntity
  8
JIAJU
 62
     9
100
AcDbLine
 10
583.5855454065604
 20
1055.051916913227
 30
0.0
 11
594.3892532762838
 21
1002.456340677938
 31
0.0
  0
LINE
  5
D36
330
C67
100
AcDbEntity
  8
JIAJU
 62
     9
100
AcDbLine
 10
548.9343422397796
 20
1050.720516517376
 30
0.0
 11
559.9195569641596
 21
1002.456340677938
 31
0.0
  0
LINE
  5
D37
330
C67
100
AcDbEntity
  8
JIAJU
 62
     9
100
AcDbLine
 10
518.6145394688501
 20
1059.383317309071
 30
0.0
 11
510.7828836929984
 21
1002.456340677938
 31
0.0
  0
LINE
  5
D38
330
C67
100
AcDbEntity
  8
JIAJU
 62
     9
100
AcDbLine
 10
469.1128206591675
 20
1063.714717704923
 30
0.0
 11
460.2170812181139
 21
1002.456340677938
 31
0.0
  0
LINE
  5
D39
330
C67
100
AcDbEntity
  8
JIAJU
 62
     9
100
AcDbLine
 10
415.2797014536481
 20
1046.389116121532
 30
0.0
 11
423.3237307602248
 21
1000.080910975517
 31
0.0
  0
LINE
  5
D3A
330
C67
100
AcDbEntity
  8
JIAJU
 62
     9
100
AcDbLine
 10
373.8220119505422
 20
1050.720516517376
 30
0.0
 11
393.0039279892808
 21
1000.080910975517
 31
0.0
  0
LINE
  5
D3B
330
C67
100
AcDbEntity
  8
JIAJU
 62
     9
100
AcDbLine
 10
350.9274670010636
 20
1059.383317309071
 30
0.0
 11
358.3527248225146
 21
1000.080910975517
 31
0.0
  0
LINE
  5
D3C
330
C67
100
AcDbEntity
  8
JIAJU
 62
     9
100
AcDbLine
 10
239.5485996792704
 20
1059.383317309071
 30
0.0
 11
231.7169439034187
 21
1002.456340677938
 31
0.0
  0
LINE
  5
D3D
330
C67
100
AcDbEntity
  8
JIAJU
 62
     9
100
AcDbLine
 10
269.8684024502
 20
1050.720516517376
 30
0.0
 11
280.85361717458
 21
1002.456340677938
 31
0.0
  0
LINE
  5
D3E
330
C67
100
AcDbEntity
  8
JIAJU
 62
     9
100
AcDbLine
 10
304.5196056169807
 20
1055.051916913227
 30
0.0
 11
315.3233134867041
 21
1002.456340677938
 31
0.0
  0
LINE
  5
D3F
330
C67
100
AcDbEntity
  8
JIAJU
 62
     9
100
AcDbLine
 10
-209.6794985185843
 20
1059.383317309071
 30
0.0
 11
-177.9177834275906
 21
1002.456340677938
 31
0.0
  0
LINE
  5
D40
330
C67
100
AcDbEntity
  8
JIAJU
 62
     9
100
AcDbLine
 10
-145.946035551111
 20
1042.057715725681
 30
0.0
 11
-132.2455010846024
 21
1002.456340677938
 31
0.0
  0
LINE
  5
D41
330
C67
100
AcDbEntity
  8
JIAJU
 62
     9
100
AcDbLine
 10
-85.42045093874913
 20
1054.433145428102
 30
0.0
 11
-73.6498411452194
 21
1000.660735542889
 31
0.0
  0
LINE
  5
D42
330
C67
100
AcDbEntity
  8
JIAJU
 62
     9
100
AcDbLine
 10
-31.4733108037326
 20
1059.383317309071
 30
0.0
 11
-16.00402367570495
 21
1009.362483252338
 31
0.0
  0
LINE
  5
D43
330
C67
100
AcDbEntity
  8
JIAJU
 62
     9
100
AcDbLine
 10
45.25435335127986
 20
1055.051916913227
 30
0.0
 11
14.31577909522457
 21
991.4181101838293
 31
0.0
  0
LINE
  5
D44
330
C67
100
AcDbEntity
  8
JIAJU
 62
     9
100
AcDbLine
 10
71.86152721148392
 20
1059.383317309071
 30
0.0
 11
79.28678503293486
 21
1000.080910975517
 31
0.0
  0
LINE
  5
D45
330
C67
100
AcDbEntity
  8
JIAJU
 62
     9
100
AcDbLine
 10
94.7560721609625
 20
1050.720516517376
 30
0.0
 11
113.9379881997156
 21
1000.080910975517
 31
0.0
  0
LINE
  5
D46
330
C67
100
AcDbEntity
  8
JIAJU
 62
     9
100
AcDbLine
 10
136.2137616640684
 20
1046.389116121532
 30
0.0
 11
144.2577909706451
 21
1000.080910975517
 31
0.0
  0
LINE
  5
D47
330
C67
100
AcDbEntity
  8
JIAJU
 62
     9
100
AcDbLine
 10
190.0468808696023
 20
1063.714717704923
 30
0.0
 11
181.1511414285341
 21
1002.456340677938
 31
0.0
  0
LINE
  5
D48
330
C67
100
AcDbEntity
  8
JIAJU
 62
     9
100
AcDbLine
 10
-327.2460806915769
 20
1050.720516517376
 30
0.0
 11
-316.2608659671969
 21
1002.456340677938
 31
0.0
  0
LINE
  5
D49
330
C67
100
AcDbEntity
  8
JIAJU
 62
     9
100
AcDbLine
 10
-292.5948775247962
 20
1055.051916913227
 30
0.0
 11
-281.7911696550727
 21
1002.456340677938
 31
0.0
  0
LINE
  5
D4A
330
C67
100
AcDbEntity
  8
JIAJU
 62
     9
100
AcDbLine
 10
-682.534934080526
 20
1054.433145428102
 30
0.0
 11
-670.7643242869963
 21
1000.660735542889
 31
0.0
  0
LINE
  5
D4B
330
C67
100
AcDbEntity
  8
JIAJU
 62
     9
100
AcDbLine
 10
-628.5877939454949
 20
1059.383317309071
 30
0.0
 11
-613.1185068174818
 21
1009.362483252338
 31
0.0
  0
LINE
  5
D4C
330
C67
100
AcDbEntity
  8
JIAJU
 62
     9
100
AcDbLine
 10
-551.860129790497
 20
1055.051916913227
 30
0.0
 11
-582.7987040465522
 21
991.4181101838293
 31
0.0
  0
LINE
  5
D4D
330
C67
100
AcDbEntity
  8
JIAJU
 62
     9
100
AcDbLine
 10
-525.2529559302929
 20
1059.383317309071
 30
0.0
 11
-517.827698108842
 21
1000.080910975517
 31
0.0
  0
LINE
  5
D4E
330
C67
100
AcDbEntity
  8
JIAJU
 62
     9
100
AcDbLine
 10
-502.3584109808143
 20
1050.720516517376
 30
0.0
 11
-483.1764949420612
 21
1000.080910975517
 31
0.0
  0
LINE
  5
D4F
330
C67
100
AcDbEntity
  8
JIAJU
 62
     9
100
AcDbLine
 10
-460.9007214777084
 20
1046.389116121532
 30
0.0
 11
-452.8566921711317
 21
1000.080910975517
 31
0.0
  0
LINE
  5
D50
330
C67
100
AcDbEntity
  8
JIAJU
 62
     9
100
AcDbLine
 10
-407.0676022721746
 20
1063.714717704923
 30
0.0
 11
-415.9633417132426
 21
1002.456340677938
 31
0.0
  0
LINE
  5
D51
330
C67
100
AcDbEntity
  8
JIAJU
 62
     9
100
AcDbLine
 10
-357.5658834625065
 20
1059.383317309071
 30
0.0
 11
-365.3975392383582
 21
1002.456340677938
 31
0.0
  0
LINE
  5
D52
330
C67
100
AcDbEntity
  8
JIAJU
 62
     9
100
AcDbLine
 10
-806.7939816603466
 20
1059.383317309071
 30
0.0
 11
-775.0322665693675
 21
1002.456340677938
 31
0.0
  0
LINE
  5
D53
330
C67
100
AcDbEntity
  8
JIAJU
 62
     9
100
AcDbLine
 10
-743.0605186928878
 20
1042.057715725681
 30
0.0
 11
-729.3599842263793
 21
1002.456340677938
 31
0.0
  0
LINE
  5
D54
330
C67
100
AcDbEntity
  8
JIAJU
 62
     9
100
AcDbLine
 10
-876.7151594790339
 20
1055.051916913227
 30
0.0
 11
-865.9114516093104
 21
1002.456340677938
 31
0.0
  0
LINE
  5
D55
330
C67
100
AcDbEntity
  8
JIAJU
 62
     9
100
AcDbLine
 10
-911.3663626458
 20
1050.720516517376
 30
0.0
 11
-900.3811479214201
 21
1002.456340677938
 31
0.0
  0
LINE
  5
D56
330
C67
100
AcDbEntity
  8
JIAJU
 62
     9
100
AcDbLine
 10
-941.6861654167297
 20
1059.383317309071
 30
0.0
 11
-949.5178211925958
 21
1002.456340677938
 31
0.0
  0
LINE
  5
D57
330
C67
100
AcDbEntity
  8
JIAJU
 62
     9
100
AcDbLine
 10
-991.1878842264123
 20
1063.714717704923
 30
0.0
 11
-1000.083623667466
 21
1002.456340677938
 31
0.0
  0
LINE
  5
D58
330
C67
100
AcDbEntity
  8
JIAJU
 62
     9
100
AcDbLine
 10
1047.664159247317
 20
900.9778171180915
 30
0.0
 11
1115.629366372566
 21
885.5085299900638
 31
0.0
  0
LINE
  5
D59
330
C67
100
AcDbEntity
  8
JIAJU
 62
     9
100
AcDbLine
 10
1043.951530336591
 20
759.8979185105017
 30
0.0
 11
1104.59113587845
 21
752.4726606890508
 31
0.0
  0
LINE
  5
D5A
330
C67
100
AcDbEntity
  8
JIAJU
 62
     9
100
AcDbLine
 10
1043.332758851466
 20
813.1122662309099
 30
0.0
 11
1100.259735482599
 21
781.3505511399307
 31
0.0
  0
LINE
  5
D5B
330
C67
100
AcDbEntity
  8
JIAJU
 62
     9
100
AcDbLine
 10
1048.282930732443
 20
675.7187613498644
 30
0.0
 11
1102.635165185027
 21
650.1333463604642
 31
0.0
  0
LINE
  5
D5C
330
C67
100
AcDbEntity
  8
JIAJU
 62
     9
100
AcDbLine
 10
1047.664159247317
 20
726.2422390303509
 30
0.0
 11
1115.629366372566
 21
710.7729519023232
 31
0.0
  0
LINE
  5
D5D
330
C67
100
AcDbEntity
  8
JIAJU
 62
     9
100
AcDbLine
 10
1048.282930732443
 20
850.4543394376051
 30
0.0
 11
1102.635165185027
 21
824.8689244482047
 31
0.0
  0
LINE
  5
D5E
330
C67
100
AcDbEntity
  8
JIAJU
 62
     9
100
AcDbLine
 10
901.0153172736318
 20
1050.720516517376
 30
0.0
 11
919.9098865995765
 21
1002.456340677938
 31
0.0
  0
LINE
  5
D5F
330
C67
100
AcDbEntity
  8
JIAJU
 62
     9
100
AcDbLine
 10
855.2262273746892
 20
1050.720516517376
 30
0.0
 11
868.0317987614399
 21
1002.456340677938
 31
0.0
  0
LINE
  5
D60
330
C67
100
AcDbEntity
  8
JIAJU
 62
     9
100
AcDbLine
 10
802.011879654281
 20
1059.383317309071
 30
0.0
 11
804.9352359013719
 21
1002.456340677938
 31
0.0
  0
LINE
  5
D61
330
C67
100
AcDbEntity
  8
JIAJU
 62
     9
100
AcDbLine
 10
748.797531933873
 20
1055.051916913227
 30
0.0
 11
759.6012398035964
 21
1002.456340677938
 31
0.0
  0
LINE
  5
D62
330
C67
100
AcDbEntity
  8
JIAJU
 62
     9
100
AcDbLine
 10
714.1463287670922
 20
1050.720516517376
 30
0.0
 11
725.1315434914722
 21
1002.456340677938
 31
0.0
  0
LINE
  5
D63
330
C67
100
AcDbEntity
  8
JIAJU
 62
     9
100
AcDbLine
 10
1051.995559643168
 20
965.9488230558018
 30
0.0
 11
1115.629366372566
 21
980.7993386987035
 31
0.0
  0
LINE
  5
D64
330
C67
100
AcDbEntity
  8
JIAJU
 62
     9
100
AcDbLine
 10
1043.332758851466
 20
931.297619889021
 30
0.0
 11
1111.297965976715
 21
938.722877710472
 31
0.0
  0
LINE
  5
D65
330
C67
100
AcDbEntity
  8
JIAJU
 62
     9
100
AcDbLine
 10
1011.775413110299
 20
1071.139975526373
 30
0.0
 11
1019.20067093175
 21
1003.174768401124
 31
0.0
  0
LINE
  5
D66
330
C67
100
AcDbEntity
  8
JIAJU
 62
     9
100
AcDbLine
 10
1048.282930732443
 20
988.8433680052731
 30
0.0
 11
1095.928335086763
 21
1026.588428597661
 31
0.0
  0
LINE
  5
D67
330
C67
100
AcDbEntity
  8
JIAJU
 62
     9
100
AcDbLine
 10
1039.62012994074
 20
1003.693883648182
 30
0.0
 11
1074.271333107521
 21
1057.527002853709
 31
0.0
  0
LINE
  5
D68
330
C67
100
AcDbEntity
  8
JIAJU
 62
     9
100
AcDbLine
 10
990.7371826161833
 20
1070.521204041248
 30
0.0
 11
1006.206469744211
 21
998.2245965201546
 31
0.0
  0
LINE
  5
D69
330
C67
100
AcDbEntity
  8
JIAJU
 62
     9
100
AcDbLine
 10
981.4556103393696
 20
1058.764545823953
 30
0.0
 11
992.5934970715461
 21
1000.080910975517
 31
0.0
  0
LINE
  5
D6A
330
C67
100
AcDbEntity
  8
JIAJU
 62
     9
100
AcDbLine
 10
958.561065389891
 20
1063.095946219797
 30
0.0
 11
958.561065389891
 21
1002.456340677938
 31
0.0
  0
LINE
  5
D6B
330
C67
100
AcDbEntity
  8
JIAJU
 62
     9
100
AcDbLine
 10
683.8265259961627
 20
1059.383317309071
 30
0.0
 11
675.994870220311
 21
1002.456340677938
 31
0.0
  0
LINE
  5
D6C
330
C67
100
AcDbEntity
  8
JIAJU
 62
     9
100
AcDbLine
 10
1047.664159247317
 20
603.158434814155
 30
0.0
 11
1115.629366372566
 21
587.6891476861273
 31
0.0
  0
LINE
  5
D6D
330
C67
100
AcDbEntity
  8
JIAJU
 62
     9
100
AcDbLine
 10
1043.332758851466
 20
690.0284620147139
 30
0.0
 11
1100.259735482599
 21
658.2667469237349
 31
0.0
  0
LINE
  5
D6E
330
C67
100
AcDbEntity
  8
JIAJU
 62
     9
100
AcDbLine
 10
1043.951530336591
 20
636.8141142943059
 30
0.0
 11
1104.59113587845
 21
629.388856472855
 31
0.0
  0
LINE
  5
D6F
330
C67
100
AcDbEntity
  8
JIAJU
 62
     9
100
AcDbLine
 10
208.5054698561815
 20
331.4732212327598
 30
0.0
 11
208.5054698561815
 21
-81.22253811790702
 31
0.0
  0
ENDBLK
  5
D70
330
C67
100
AcDbEntity
  8
0
100
AcDbBlockEnd
  0
BLOCK
  5
D72
330
D71
100
AcDbEntity
  8
0
100
AcDbBlockBegin
  2
_C11UFW
 70
     2
 10
0.0
 20
0.0
 30
0.0
  3
_C11UFW
  1

  0
ATTDEF
  5
D73
330
D71
100
AcDbEntity
  8
0
100
AcDbText
 10
0.0
 20
0.0
 30
0.0
 40
0.5
  1
500
 41
0.8
  7
DIM_FONT
100
AcDbAttributeDefinition
280
     0
  3
XSIZE
  2
XSIZE
 70
     9
280
     0
  0
ATTDEF
  5
D74
330
D71
100
AcDbEntity
  8
0
100
AcDbText
 10
0.0
 20
0.0
 30
0.0
 40
0.5
  1
0
 41
0.8
  7
DIM_FONT
100
AcDbAttributeDefinition
280
     0
  3
YSIZE
  2
YSIZE
 70
     9
280
     0
  0
LWPOLYLINE
  5
D75
330
D71
100
AcDbEntity
  8
BATH
 48
5.0
100
AcDbPolyline
 90
        4
 70
     1
 43
0.0
 10
-400.0
 20
175.0
 10
400.0
 20
175.0
 10
400.0
 20
-175.0
 10
-400.0
 20
-175.0
  0
LINE
  5
D76
330
D71
100
AcDbEntity
  8
BATH
 48
5.0
100
AcDbLine
 10
-400.0
 20
175.0
 30
0.0
 11
400.0
 21
-175.0
 31
0.0
  0
LINE
  5
D77
330
D71
100
AcDbEntity
  8
BATH
 48
5.0
100
AcDbLine
 10
400.0
 20
175.0
 30
0.0
 11
-400.0
 21
-175.0
 31
0.0
  0
ENDBLK
  5
D78
330
D71
100
AcDbEntity
  8
0
100
AcDbBlockEnd
  0
BLOCK
  5
D7A
330
D79
100
AcDbEntity
  8
0
100
AcDbBlockBegin
  2
A$C763B1DAD
 70
     0
 10
0.0
 20
0.0
 30
0.0
  3
A$C763B1DAD
  1

  0
LINE
  5
D7B
330
D79
100
AcDbEntity
  8
JIAJU
 62
     8
100
AcDbLine
 10
-0.0000630783906672
 20
596.5898198348914
 30
0.0
 11
2187.130468909585
 21
596.5898198348914
 31
0.0
  0
LINE
  5
D7C
330
D79
100
AcDbEntity
  8
JIAJU
 62
     8
100
AcDbLine
 10
1376.444241451187
 20
46.18641682965971
 30
0.0
 11
1279.204439537469
 21
572.3073215291661
 31
0.0
  0
LINE
  5
D7D
330
D79
100
AcDbEntity
  8
JIAJU
 62
     8
100
AcDbLine
 10
-0.0000630783906672
 20
280.9172736022774
 30
0.0
 11
2187.130468909585
 21
280.9172736022774
 31
0.0
  0
LINE
  5
D7E
330
D79
100
AcDbEntity
  8
JIAJU
 62
     8
100
AcDbLine
 10
241.979986004415
 20
46.18641682965971
 30
0.0
 11
128.5335604597348
 21
564.2131611154436
 31
0.0
  0
LINE
  5
D7F
330
D79
100
AcDbEntity
  8
JIAJU
 62
     8
100
AcDbLine
 10
493.1827875722083
 20
54.28057724338578
 30
0.0
 11
614.7325099003646
 21
564.2131611154436
 31
0.0
  0
LINE
  5
D80
330
D79
100
AcDbEntity
  8
JIAJU
 62
     8
100
AcDbLine
 10
444.562886615342
 20
54.28057724338578
 30
0.0
 11
493.1827875722083
 21
556.1189836371668
 31
0.0
  0
LINE
  5
D81
330
D79
100
AcDbEntity
  8
JIAJU
 62
     8
100
AcDbLine
 10
655.2491140737402
 20
46.18641682965971
 30
0.0
 11
736.2822622925159
 21
548.0248232234443
 31
0.0
  0
LINE
  5
D82
330
D79
100
AcDbEntity
  8
JIAJU
 62
     8
100
AcDbLine
 10
776.7988364018965
 20
46.18641682965971
 30
0.0
 11
849.728687837196
 21
564.2131611154436
 31
0.0
  0
LINE
  5
D83
330
D79
100
AcDbEntity
  8
JIAJU
 62
     8
100
AcDbLine
 10
995.5883907077659
 20
62.37475472166261
 30
0.0
 11
922.658539272481
 21
572.3073215291661
 31
0.0
  0
LINE
  5
D84
330
D79
100
AcDbEntity
  8
JIAJU
 62
     8
100
AcDbLine
 10
331.1164610706619
 20
54.28057724338578
 30
0.0
 11
371.6330351800571
 21
564.2131611154436
 31
0.0
  0
LINE
  5
D85
330
D79
100
AcDbEntity
  8
JIAJU
 62
     8
100
AcDbLine
 10
1092.828192621484
 20
46.18641682965971
 30
0.0
 11
1149.551390361827
 21
556.1189836371668
 31
0.0
  0
LINE
  5
D86
330
D79
100
AcDbEntity
  8
JIAJU
 62
     8
100
AcDbLine
 10
1198.171291318693
 20
46.18641682965971
 30
0.0
 11
1206.274618166164
 21
588.4956594211689
 31
0.0
  0
LINE
  5
D87
330
D79
100
AcDbEntity
  8
JIAJU
 62
     8
100
AcDbLine
 10
2047.557355171521
 20
46.18641682965971
 30
0.0
 11
1974.627503736235
 21
556.1189836371668
 31
0.0
  0
LINE
  5
D88
330
D79
100
AcDbEntity
  8
JIAJU
 62
     8
100
AcDbLine
 10
1796.354553603742
 20
46.18641682965971
 30
0.0
 11
1804.457880451213
 21
588.4956594211689
 31
0.0
  0
LINE
  5
D89
330
D79
100
AcDbEntity
  8
JIAJU
 62
     8
100
AcDbLine
 10
1691.011454906533
 20
46.18641682965971
 30
0.0
 11
1747.734652646875
 21
556.1189836371668
 31
0.0
  0
LINE
  5
D8A
330
D79
100
AcDbEntity
  8
JIAJU
 62
     8
100
AcDbLine
 10
1974.627503736235
 20
46.18641682965971
 30
0.0
 11
1877.387701822517
 21
572.3073215291661
 31
0.0
  0
LINE
  5
D8B
330
D79
100
AcDbEntity
  8
JIAJU
 62
     8
100
AcDbLine
 10
2187.130468909585
 20
0.0000086582876975
 30
0.0
 11
2187.130468909585
 21
596.5898198348914
 31
0.0
  0
LINE
  5
D8C
330
D79
100
AcDbEntity
  8
JIAJU
 62
     8
100
AcDbLine
 10
1449.374092886472
 20
46.18641682965971
 30
0.0
 11
1376.444241451187
 21
556.1189836371668
 31
0.0
  0
ENDBLK
  5
D8D
330
D79
100
AcDbEntity
  8
0
100
AcDbBlockEnd
  0
BLOCK
  5
D8F
330
D8E
100
AcDbEntity
  8
0
100
AcDbBlockBegin
  2
A$C4A404C99
 70
     2
 10
0.0
 20
0.0
 30
0.0
  3
A$C4A404C99
  1

  0
LINE
  5
D90
330
D8E
100
AcDbEntity
  8
8
 62
     8
100
AcDbLine
 10
561.576060441439
 20
37.72972992775613
 30
0.0
 11
94.87170591915491
 21
37.72972992775613
 31
0.0
  0
LINE
  5
D91
330
D8E
100
AcDbEntity
  8
8
 62
     8
100
AcDbLine
 10
561.576060441439
 20
652.2702180469932
 30
0.0
 11
94.87170591915491
 21
652.2702180469932
 31
0.0
  0
LINE
  5
D92
330
D8E
100
AcDbEntity
  8
8
 62
     8
100
AcDbLine
 10
50.00006167043466
 20
-0.0000260126253124
 30
0.0
 11
705.8352451842511
 21
-0.0000260126253124
 31
0.0
  0
LINE
  5
D93
330
D8E
100
AcDbEntity
  8
8
 62
     8
100
AcDbLine
 10
705.8352451842511
 20
689.9999739873747
 30
0.0
 11
50.00006167043466
 21
689.9999739873747
 31
0.0
  0
ARC
  5
D94
330
D8E
100
AcDbEntity
  8
8
 62
     8
100
AcDbCircle
 10
94.87170591915491
 20
77.72972992775613
 30
0.0
 40
40.0
100
AcDbArc
 50
180.0
 51
270.0
  0
LINE
  5
D95
330
D8E
100
AcDbEntity
  8
8
 62
     8
100
AcDbLine
 10
54.87170591915492
 20
612.2702180469932
 30
0.0
 11
54.87170591915492
 21
77.72972992775613
 31
0.0
  0
ARC
  5
D96
330
D8E
100
AcDbEntity
  8
8
 62
     8
100
AcDbCircle
 10
94.87170591915491
 20
612.2702180469932
 30
0.0
 40
40.0
100
AcDbArc
 50
90.0
 51
180.0
  0
ARC
  5
D97
330
D8E
100
AcDbEntity
  8
8
 62
     8
100
AcDbCircle
 10
50.00006167043466
 20
49.99997398737469
 30
0.0
 40
50.0
100
AcDbArc
 50
180.0
 51
270.0
  0
LINE
  5
D98
330
D8E
100
AcDbEntity
  8
8
 62
     8
100
AcDbLine
 10
0.0000616704346612
 20
639.9999739873747
 30
0.0
 11
0.0000616704346612
 21
49.99997398737469
 31
0.0
  0
ARC
  5
D99
330
D8E
100
AcDbEntity
  8
8
 62
     8
100
AcDbCircle
 10
50.00006167043466
 20
639.9999739873747
 30
0.0
 40
50.0
100
AcDbArc
 50
90.0
 51
180.0
  0
LWPOLYLINE
  5
D9A
330
D8E
100
AcDbEntity
  8
8
 62
     8
100
AcDbPolyline
 90
       16
 70
     1
 43
0.0
 10
611.4012079235399
 20
428.3095694090298
 42
-0.1851580092270577
 10
598.66246983374
 20
433.1943971122673
 42
-0.102041767147919
 10
584.3151429832214
 20
452.6636558826139
 42
-0.0608615383846834
 10
576.28628750809
 20
477.7173217084782
 42
-0.0471731328896009
 10
573.0957275332184
 20
511.4596217464714
 42
-0.0471731328896349
 10
576.28628750809
 20
545.2019217842316
 42
-0.0608615383847268
 10
584.3151429832214
 20
570.2555876103287
 42
-0.1020417671479031
 10
598.66246983374
 20
589.7248463804426
 42
-0.1851580092270727
 10
611.4012079235399
 20
594.609674083913
 42
-0.1851580092270577
 10
624.1399460138055
 20
589.7248463804426
 42
-0.1020417671479417
 10
638.487272864324
 20
570.2555876103287
 42
-0.0608615383846845
 10
646.5161283394555
 20
545.2019217842316
 42
-0.0471731328896248
 10
649.706688314327
 20
511.4596217464714
 42
-0.0471731328895818
 10
646.5161283394555
 20
477.7173217084782
 42
-0.0608615383846819
 10
638.487272864324
 20
452.6636558826139
 42
-0.102041767147903
 10
624.1399460138055
 20
433.1943971122673
 42
-0.1851580092271371
  0
LINE
  5
D9B
330
D8E
100
AcDbEntity
  8
8
 62
     8
100
AcDbLine
 10
670.0000616704346
 20
42.56467387886369
 30
0.0
 11
670.0000616704346
 21
-0.0000260126253124
 31
0.0
  0
LINE
  5
D9C
330
D8E
100
AcDbEntity
  8
8
 62
     8
100
AcDbLine
 10
670.0000616704346
 20
689.9999739873747
 30
0.0
 11
670.0000616704346
 21
125.7212005643232
 31
0.0
  0
LINE
  5
D9D
330
D8E
100
AcDbEntity
  8
8
 62
     8
100
AcDbLine
 10
640.2177362685324
 20
125.7212005643232
 30
0.0
 11
670.8397112108068
 21
125.7212005643232
 31
0.0
  0
LINE
  5
D9E
330
D8E
100
AcDbEntity
  8
8
 62
     8
100
AcDbLine
 10
640.2177362685324
 20
42.56467387886369
 30
0.0
 11
640.2177362685324
 21
125.7212005643232
 31
0.0
  0
LINE
  5
D9F
330
D8E
100
AcDbEntity
  8
8
 62
     8
100
AcDbLine
 10
670.8397112108068
 20
42.56467387886369
 30
0.0
 11
640.2177362685324
 21
42.56467387886369
 31
0.0
  0
CIRCLE
  5
DA0
330
D8E
100
AcDbEntity
  8
8
 62
     8
100
AcDbCircle
 10
670.8397112108068
 20
86.33126687110053
 30
0.0
 40
17.49659003333545
  0
LINE
  5
DA1
330
D8E
100
AcDbEntity
  8
8
 62
     8
100
AcDbLine
 10
705.8352451842511
 20
689.9999739873747
 30
0.0
 11
705.8352451842511
 21
-0.0000260126253124
 31
0.0
  0
LINE
  5
DA2
330
D8E
100
AcDbEntity
  8
8
 62
     8
100
AcDbLine
 10
609.506658578408
 20
478.4771217593515
 30
0.0
 11
592.886407783837
 21
478.4771217593515
 31
0.0
  0
LINE
  5
DA3
330
D8E
100
AcDbEntity
  8
8
 62
     8
100
AcDbLine
 10
592.886407783837
 20
478.4771217593515
 30
0.0
 11
592.886407783837
 21
543.1455312908219
 31
0.0
  0
LINE
  5
DA4
330
D8E
100
AcDbEntity
  8
8
 62
     8
100
AcDbLine
 10
592.886407783837
 20
543.1455312908219
 30
0.0
 11
609.506658578408
 21
543.1455312908219
 31
0.0
  0
LINE
  5
DA5
330
D8E
100
AcDbEntity
  8
8
 62
     8
100
AcDbLine
 10
609.506658578408
 20
543.1455312908219
 30
0.0
 11
609.506658578408
 21
478.4771217593515
 31
0.0
  0
LWPOLYLINE
  5
DA6
330
D8E
100
AcDbEntity
  8
8
 62
     8
100
AcDbPolyline
 90
        4
 70
     0
 43
0.0
 10
598.165572105092
 20
543.1455312908219
 42
-0.0087359414318704
 10
598.9334396874765
 20
546.3532779553498
 42
-0.0762761895456294
 10
603.867822223925
 20
557.873357845383
 42
-0.2590339714204861
 10
607.2906251392559
 20
559.7741422817635
 42
-0.2590339714206403
  0
LWPOLYLINE
  5
DA7
330
D8E
100
AcDbEntity
  8
8
 62
     8
100
AcDbPolyline
 90
       11
 70
     0
 43
0.0
 10
607.2906251392559
 20
559.7741422817635
 42
-0.2590339714206403
 10
610.7134280541213
 20
557.873357845383
 42
-0.0762761895455676
 10
615.6478105910355
 20
546.3532779553498
 42
-0.0365148199121137
 10
618.105238120188
 20
532.8049874900898
 42
-0.026614996038891
 10
619.1094701486872
 20
513.9524452801851
 42
-0.026614996038891
 10
618.105238120188
 20
495.0999030702806
 42
-0.0365148199121137
 10
615.6478105910355
 20
481.5516126050206
 42
-0.0762761895455752
 10
610.7134280541213
 20
470.0315327149874
 42
-0.2590339714203898
 10
607.2906251392559
 20
468.1307482786069
 42
-0.2590339714202164
 10
603.867822223925
 20
470.0315327149874
 42
-0.056762457430155
 10
599.8552065744298
 20
478.4771217593515
 42
-0.0365148199120382
  0
LINE
  5
DA8
330
D8E
100
AcDbEntity
  8
8
 62
     8
100
AcDbLine
 10
617.8064716035732
 20
559.7741422817635
 30
0.0
 11
607.2906251392559
 21
559.7741422817635
 31
0.0
  0
LINE
  5
DA9
330
D8E
100
AcDbEntity
  8
8
 62
     8
100
AcDbLine
 10
618.9827752915443
 20
468.0122874506341
 30
0.0
 11
607.2717880673008
 21
468.1307922794076
 31
0.0
  0
LWPOLYLINE
  5
DAA
330
D8E
100
AcDbEntity
  8
8
 62
     8
100
AcDbPolyline
 90
       10
 70
     0
 43
0.0
 10
617.8064716035732
 20
559.7741422817635
 42
-0.2590339714206403
 10
621.2292745184385
 20
557.873357845383
 42
-0.0762761895455676
 10
626.1636570553528
 20
546.3532779553498
 42
-0.0365148199121137
 10
628.6210845845053
 20
532.8049874900898
 42
-0.026614996038891
 10
629.6253166130045
 20
513.9524452801851
 42
-0.026614996038891
 10
628.6210845845053
 20
495.0999030702806
 42
-0.0365148199121137
 10
626.1636570553528
 20
481.5516126050206
 42
-0.0762761895455752
 10
621.2292745184385
 20
470.0315327149874
 42
-0.2590339714203898
 10
617.8064716035732
 20
468.1307482786069
 42
-0.0784621676306809
 10
616.564115790301
 20
468.3269117825257
 42
-0.056762457430155
  0
LINE
  5
DAB
330
D8E
100
AcDbEntity
  8
8
 62
     8
100
AcDbLine
 10
561.1693254086421
 20
-0.0000260126253124
 30
0.0
 11
561.1693254086421
 21
689.9999739873747
 31
0.0
  0
ATTDEF
  5
DAC
330
D8E
100
AcDbEntity
  8
8
 62
     8
100
AcDbText
 10
705.8352451842511
 20
344.9999739873747
 30
0.0
 40
0.5
  1
690
 50
90.0
 41
0.8000000000465661
 51
-180.0
 71
     4
100
AcDbAttributeDefinition
280
     0
  3
XSIZE
  2
XSIZE
 70
     9
280
     0
  0
ATTDEF
  5
DAD
330
D8E
100
AcDbEntity
  8
8
 62
     8
100
AcDbText
 10
705.8352451842511
 20
344.9999739873747
 30
0.0
 40
0.5
  1
705
 50
90.0
 41
0.8000000000465661
 51
-180.0
 71
     4
100
AcDbAttributeDefinition
280
     0
  3
YSIZE
  2
YSIZE
 70
     9
280
     0
  0
ENDBLK
  5
DAE
330
D8E
100
AcDbEntity
  8
0
100
AcDbBlockEnd
  0
BLOCK
  5
DB0
330
DAF
100
AcDbEntity
  8
0
100
AcDbBlockBegin
  2
A$C0E797408
 70
     0
 10
0.0
 20
0.0
 30
0.0
  3
A$C0E797408
  1

  0
LINE
  5
DB1
330
DAF
100
AcDbEntity
  8
JJ
 62
     8
100
AcDbLine
 10
1417.354516447318
 20
88.95999589737039
 30
0.0013060615832345
 11
1417.354516447318
 21
636.9014954351587
 31
0.0013060615832345
  0
CIRCLE
  5
DB2
330
DAF
100
AcDbEntity
  8
JJ
 62
     8
100
AcDbCircle
 10
1278.331492902507
 20
361.9576773756417
 30
0.0000014925717643
 40
62.39038169984961
  0
LINE
  5
DB3
330
DAF
100
AcDbEntity
  8
JJ
 62
     8
100
AcDbLine
 10
368.814950880158
 20
57.80219904903788
 30
0.0000000000000001
 11
1386.277168381057
 21
57.88264783110935
 31
0.0013060615832345
  0
LINE
  5
DB4
330
DAF
100
AcDbEntity
  8
JJ
 62
     8
100
AcDbLine
 10
383.5440165056207
 20
676.1843179656425
 30
0.0
 11
1386.277168381057
 21
676.1843179656425
 31
0.0013060615832345
  0
LINE
  5
DB5
330
DAF
100
AcDbEntity
  8
JJ
 62
     8
100
AcDbLine
 10
0.000027379282983
 20
-0.0000330473994836
 30
0.0013060615832398
 11
1500.00002736345
 21
-0.000033047166653
 31
0.0013060615832345
  0
ARC
  5
DB6
330
DAF
100
AcDbEntity
  8
JJ
 62
     8
100
AcDbCircle
 10
1386.277168381057
 20
88.95999589737039
 30
0.0013060615832345
 40
31.07734806629668
100
AcDbArc
 50
270.0
 51
0.0
  0
LINE
  5
DB7
330
DAF
100
AcDbEntity
  8
JJ
 62
     8
100
AcDbLine
 10
1417.078079442523
 20
647.8009641662938
 30
0.0013060615832345
 11
1417.078079442523
 21
639.1772730312077
 31
0.0013060615832345
  0
ARC
  5
DB8
330
DAF
100
AcDbEntity
  8
JJ
 62
     8
100
AcDbCircle
 10
1366.780219702079
 20
628.8255948681617
 30
0.0013060615832345
 40
51.21503354688027
100
AcDbArc
 50
9.072616511456502
 51
67.62369454528155
  0
ARC
  5
DB9
330
DAF
100
AcDbEntity
  8
JJ
 62
     8
100
AcDbCircle
 10
1386.000731376262
 20
647.8009641662938
 30
0.0013060615832345
 40
31.07734806629668
100
AcDbArc
 50
79.82404487741462
 51
90.0
  0
ARC
  5
DBA
330
DAF
100
AcDbEntity
  8
JJ
 62
     8
100
AcDbCircle
 10
378.286431151937
 20
368.3263980987249
 30
0.0000000000000001
 40
310.6686130492004
100
AcDbArc
 50
89.51750316827334
 51
268.2529295667694
  0
ENDBLK
  5
DBB
330
DAF
100
AcDbEntity
  8
0
100
AcDbBlockEnd
  0
BLOCK
  5
DBD
330
DBC
100
AcDbEntity
  8
0
100
AcDbBlockBegin
  2
A$C46B32834
 70
     0
 10
0.0
 20
0.0
 30
0.0
  3
A$C46B32834
  1

  0
LINE
  5
DBE
330
DBC
100
AcDbEntity
  8
0
100
AcDbLine
 10
30.00009947294894
 20
500.0000022414606
 30
0.0
 11
30.00009947294894
 21
100.0000022414606
 31
0.0
  0
LINE
  5
DBF
330
DBC
100
AcDbEntity
  8
0
100
AcDbLine
 10
0.0000994729489321
 20
500.0000022414533
 30
0.0
 11
0.0000994729489321
 21
100.0000022414533
 31
0.0
  0
ARC
  5
DC0
330
DBC
100
AcDbEntity
  8
0
100
AcDbCircle
 10
100.0000994729489
 20
500.0000022414606
 30
0.0
 40
70.0
100
AcDbArc
 50
90.00000000000104
 51
180.000000000001
  0
ARC
  5
DC1
330
DBC
100
AcDbEntity
  8
0
100
AcDbCircle
 10
100.0000994729635
 20
100.0000022414606
 30
0.0
 40
70.0
100
AcDbArc
 50
180.000000000001
 51
270.000000000001
  0
ARC
  5
DC2
330
DBC
100
AcDbEntity
  8
0
100
AcDbCircle
 10
100.0000994729489
 20
500.0000022414606
 30
0.0
 40
100.0
100
AcDbArc
 50
90.00000000000104
 51
180.000000000001
  0
ARC
  5
DC3
330
DBC
100
AcDbEntity
  8
0
100
AcDbCircle
 10
100.0000994729635
 20
100.0000022414606
 30
0.0
 40
100.0
100
AcDbArc
 50
180.000000000001
 51
270.000000000001
  0
LINE
  5
DC4
330
DBC
100
AcDbEntity
  8
0
100
AcDbLine
 10
100.0000994729489
 20
30.00000224146061
 30
0.0
 11
520.0000994729489
 21
30.00000224146061
 31
0.0
  0
LINE
  5
DC5
330
DBC
100
AcDbEntity
  8
0
100
AcDbLine
 10
100.0000994729489
 20
0.0000022414606065
 30
0.0
 11
550.0000994729489
 21
0.0000022414606065
 31
0.0
  0
LINE
  5
DC6
330
DBC
100
AcDbEntity
  8
0
100
AcDbLine
 10
520.0000994729489
 20
30.00000224146061
 30
0.0
 11
520.0000994729489
 21
570.0000022414606
 31
0.0
  0
LINE
  5
DC7
330
DBC
100
AcDbEntity
  8
0
100
AcDbLine
 10
520.0000994729489
 20
570.0000022414606
 30
0.0
 11
100.0000994729489
 21
570.0000022414606
 31
0.0
  0
LINE
  5
DC8
330
DBC
100
AcDbEntity
  8
0
100
AcDbLine
 10
550.0000994729489
 20
600.0000022414606
 30
0.0
 11
100.0000994729489
 21
600.0000022414606
 31
0.0
  0
LINE
  5
DC9
330
DBC
100
AcDbEntity
  8
0
100
AcDbLine
 10
550.0000994729489
 20
0.0000022414606065
 30
0.0
 11
550.0000994729489
 21
600.0000022414606
 31
0.0
  0
ENDBLK
  5
DCA
330
DBC
100
AcDbEntity
  8
0
100
AcDbBlockEnd
  0
BLOCK
  5
DCC
330
DCB
100
AcDbEntity
  8
0
 62
     5
100
AcDbBlockBegin
  2
A$C0D310AA6
 70
     0
 10
0.0
 20
0.0
 30
0.0
  3
A$C0D310AA6
  1

  0
LINE
  5
DCD
330
DCB
100
AcDbEntity
  8
PUB_DIM
100
AcDbLine
 10
1839.999876959453
 20
1440.442433433731
 30
0.0
 11
1839.999876959453
 21
-0.0000621743456577
 31
0.0
  0
LINE
  5
DCE
330
DCB
100
AcDbEntity
  8
PUB_DIM
100
AcDbLine
 10
519.9998769594531
 20
1440.442433433731
 30
0.0
 11
519.9998769594531
 21
-0.0000621743456577
 31
0.0
  0
LINE
  5
DCF
330
DCB
100
AcDbEntity
  8
PUB_DIM
100
AcDbLine
 10
519.9998769594531
 20
3588.88743305637
 30
0.0
 11
519.9998769594531
 21
39.99993782565434
 31
0.0
  0
LINE
  5
DD0
330
DCB
100
AcDbEntity
  8
STAIR
 62
     2
100
AcDbLine
 10
1319.999876959453
 20
480.4424334337308
 30
0.0
 11
1319.999876959453
 21
3000.442433433731
 31
0.0
  0
LINE
  5
DD1
330
DCB
100
AcDbEntity
  8
STAIR
 62
     2
100
AcDbLine
 10
1259.999876959453
 20
540.4424334337309
 30
0.0
 11
1259.999876959453
 21
2940.442433433731
 31
0.0
  0
LINE
  5
DD2
330
DCB
100
AcDbEntity
  8
STAIR
 62
     2
100
AcDbLine
 10
1039.999876959453
 20
3000.442433433731
 30
0.0
 11
1039.999876959453
 21
480.4424334337308
 31
0.0
  0
LINE
  5
DD3
330
DCB
100
AcDbEntity
  8
STAIR
 62
     2
100
AcDbLine
 10
1099.999876959453
 20
2940.442433433731
 30
0.0
 11
1099.999876959453
 21
540.4424334337309
 31
0.0
  0
LWPOLYLINE
  5
DD4
330
DCB
100
AcDbEntity
  8
阳台
100
AcDbPolyline
 90
        6
 70
     0
 43
0.0
 10
793.7326027332164
 20
759.1779394642144
 10
1673.637523010169
 20
1501.498086765467
 10
1513.13147467481
 20
1691.753008685526
 10
2138.212937959353
 20
1560.242857012869
 10
1973.998423703786
 20
1754.893587697836
 10
2736.829433108098
 20
2398.445878653023
  0
LINE
  5
DD5
330
DCB
100
AcDbEntity
  8
STAIR
 62
     2
100
AcDbLine
 10
-0.0001230405468959
 20
540.4424334337309
 30
0.0
 11
1039.999876959453
 21
540.4424334337309
 31
0.0
  0
LINE
  5
DD6
330
DCB
100
AcDbEntity
  8
STAIR
 62
     2
100
AcDbLine
 10
-0.0001230405468959
 20
840.4424334337308
 30
0.0
 11
1039.999876959453
 21
840.4424334337308
 31
0.0
  0
LINE
  5
DD7
330
DCB
100
AcDbEntity
  8
STAIR
 62
     2
100
AcDbLine
 10
2359.999876959453
 20
840.4424334337308
 30
0.0
 11
1319.999876959453
 21
840.4424334337308
 31
0.0
  0
LINE
  5
DD8
330
DCB
100
AcDbEntity
  8
STAIR
 62
     2
100
AcDbLine
 10
2359.999876959453
 20
540.4424334337309
 30
0.0
 11
1319.999876959453
 21
540.4424334337309
 31
0.0
  0
LINE
  5
DD9
330
DCB
100
AcDbEntity
  8
STAIR
 62
     2
100
AcDbLine
 10
1039.999876959453
 20
480.4424334337308
 30
0.0
 11
1319.999876959453
 21
480.4424334337308
 31
0.0
  0
LINE
  5
DDA
330
DCB
100
AcDbEntity
  8
STAIR
 62
     2
100
AcDbLine
 10
1099.999876959453
 20
540.4424334337309
 30
0.0
 11
1259.999876959453
 21
540.4424334337309
 31
0.0
  0
LINE
  5
DDB
330
DCB
100
AcDbEntity
  8
PUB_DIM
100
AcDbLine
 10
1839.999876959453
 20
2040.442433433731
 30
0.0
 11
1839.999876959453
 21
3588.88743305637
 31
0.0
  0
INSERT
  5
DDC
330
DCB
100
AcDbEntity
  8
PUB_DIM
100
AcDbBlockReference
  2
_ARROW
 10
1839.999876959453
 20
2040.442433433731
 30
0.0
 41
400.0
 42
400.0
 43
400.0
 50
270.0
  0
LINE
  5
DDD
330
DCB
100
AcDbEntity
  8
STAIR
 62
     2
100
AcDbLine
 10
-0.0001230405468959
 20
1740.442433433731
 30
0.0
 11
1039.999876959453
 21
1740.442433433731
 31
0.0
  0
LINE
  5
DDE
330
DCB
100
AcDbEntity
  8
STAIR
 62
     2
100
AcDbLine
 10
-0.0001230405468959
 20
2040.442433433731
 30
0.0
 11
1039.999876959453
 21
2040.442433433731
 31
0.0
  0
LINE
  5
DDF
330
DCB
100
AcDbEntity
  8
STAIR
 62
     2
100
AcDbLine
 10
-0.0001230405468959
 20
1140.442433433731
 30
0.0
 11
1039.999876959453
 21
1140.442433433731
 31
0.0
  0
LINE
  5
DE0
330
DCB
100
AcDbEntity
  8
STAIR
 62
     2
100
AcDbLine
 10
-0.0001230405468959
 20
1440.442433433731
 30
0.0
 11
1039.999876959453
 21
1440.442433433731
 31
0.0
  0
LINE
  5
DE1
330
DCB
100
AcDbEntity
  8
STAIR
 62
     2
100
AcDbLine
 10
2359.999876959453
 20
1740.442433433731
 30
0.0
 11
1319.999876959453
 21
1740.442433433731
 31
0.0
  0
LINE
  5
DE2
330
DCB
100
AcDbEntity
  8
STAIR
 62
     2
100
AcDbLine
 10
2359.999876959453
 20
2040.442433433731
 30
0.0
 11
1319.999876959453
 21
2040.442433433731
 31
0.0
  0
LINE
  5
DE3
330
DCB
100
AcDbEntity
  8
STAIR
 62
     2
100
AcDbLine
 10
2359.999876959453
 20
1140.442433433731
 30
0.0
 11
1319.999876959453
 21
1140.442433433731
 31
0.0
  0
LINE
  5
DE4
330
DCB
100
AcDbEntity
  8
STAIR
 62
     2
100
AcDbLine
 10
2359.999876959453
 20
1440.442433433731
 30
0.0
 11
1319.999876959453
 21
1440.442433433731
 31
0.0
  0
INSERT
  5
DE5
330
DCB
100
AcDbEntity
  8
PUB_DIM
100
AcDbBlockReference
  2
_ARROW
 10
1839.999876959453
 20
1440.442433433731
 30
0.0
 41
400.0
 42
400.0
 43
400.0
 50
90.0
  0
LINE
  5
DE6
330
DCB
100
AcDbEntity
  8
PUB_DIM
100
AcDbLine
 10
1839.999876959453
 20
3588.88743305637
 30
0.0
 11
519.9998769594531
 21
3588.88743305637
 31
0.0
  0
LINE
  5
DE7
330
DCB
100
AcDbEntity
  8
STAIR
 62
     2
100
AcDbLine
 10
-0.0001230405468959
 20
2340.442433433731
 30
0.0
 11
1039.999876959453
 21
2340.442433433731
 31
0.0
  0
LINE
  5
DE8
330
DCB
100
AcDbEntity
  8
STAIR
 62
     2
100
AcDbLine
 10
-0.0001230405468959
 20
2640.442433433731
 30
0.0
 11
1039.999876959453
 21
2640.442433433731
 31
0.0
  0
LINE
  5
DE9
330
DCB
100
AcDbEntity
  8
STAIR
 62
     2
100
AcDbLine
 10
-0.0001230405468959
 20
2940.442433433731
 30
0.0
 11
1039.999876959453
 21
2940.442433433731
 31
0.0
  0
LINE
  5
DEA
330
DCB
100
AcDbEntity
  8
STAIR
 62
     2
100
AcDbLine
 10
2359.999876959453
 20
2340.442433433731
 30
0.0
 11
1319.999876959453
 21
2340.442433433731
 31
0.0
  0
LINE
  5
DEB
330
DCB
100
AcDbEntity
  8
STAIR
 62
     2
100
AcDbLine
 10
2359.999876959453
 20
2640.442433433731
 30
0.0
 11
1319.999876959453
 21
2640.442433433731
 31
0.0
  0
LINE
  5
DEC
330
DCB
100
AcDbEntity
  8
STAIR
 62
     2
100
AcDbLine
 10
2359.999876959453
 20
2940.442433433731
 30
0.0
 11
1319.999876959453
 21
2940.442433433731
 31
0.0
  0
LINE
  5
DED
330
DCB
100
AcDbEntity
  8
STAIR
 62
     2
100
AcDbLine
 10
1319.999876959453
 20
3000.442433433731
 30
0.0
 11
1039.999876959453
 21
3000.442433433731
 31
0.0
  0
LINE
  5
DEE
330
DCB
100
AcDbEntity
  8
STAIR
 62
     2
100
AcDbLine
 10
1259.999876959453
 20
2940.442433433731
 30
0.0
 11
1099.999876959453
 21
2940.442433433731
 31
0.0
  0
ENDBLK
  5
DEF
330
DCB
100
AcDbEntity
  8
0
 62
     5
100
AcDbBlockEnd
  0
BLOCK
  5
13DA
330
13D9
100
AcDbEntity
  8
0
100
AcDbBlockBegin
  2
*D50
 70
     1
 10
0.0
 20
0.0
 30
0.0
  3
*D50
  1

  0
LINE
  5
1483
330
13D9
100
AcDbEntity
  8
AXIS
 62
     0
440
 16777216
370
    -2
100
AcDbLine
 10
17410.57489387753
 20
497.598552843941
 30
0.0
 11
13512.57489387753
 21
497.598552843941
 31
0.0
  0
INSERT
  5
1484
330
13D9
100
AcDbEntity
  8
AXIS
 62
     0
440
 16777216
370
    -2
100
AcDbBlockReference
  2
_DIMX
 10
17411.57489387753
 20
497.598552843941
 30
0.0
  0
INSERT
  5
1485
330
13D9
100
AcDbEntity
  8
AXIS
 62
     0
440
 16777216
370
    -2
100
AcDbBlockReference
  2
_DIMX
 10
13511.57489387753
 20
497.598552843941
 30
0.0
 50
180.0
  0
MTEXT
  5
1486
330
13D9
100
AcDbEntity
  8
AXIS
 62
     7
440
 16777216
100
AcDbMText
 10
15461.57489387753
 20
797.598552843941
 30
0.0
 40
300.0
 41
0.0
 46
0.0
 71
     5
 72
     1
  1
\A1;3900
  7
DIM_FONT
 73
     1
 44
1.0
  0
POINT
  5
1487
330
13D9
100
AcDbEntity
  8
DEFPOINTS
 62
     0
440
 16777216
100
AcDbPoint
 10
17411.57489387753
 20
1333.445018177859
 30
0.0
  0
POINT
  5
1488
330
13D9
100
AcDbEntity
  8
DEFPOINTS
 62
     0
440
 16777216
100
AcDbPoint
 10
13511.57489387753
 20
1333.445018177859
 30
0.0
  0
POINT
  5
1489
330
13D9
100
AcDbEntity
  8
DEFPOINTS
 62
     0
440
 16777216
100
AcDbPoint
 10
13511.57489387753
 20
497.598552843941
 30
0.0
  0
ENDBLK
  5
13DB
330
13D9
100
AcDbEntity
  8
0
100
AcDbBlockEnd
  0
BLOCK
  5
13E4
330
13E3
100
AcDbEntity
  8
0
100
AcDbBlockBegin
  2
*D51
 70
     1
 10
0.0
 20
0.0
 30
0.0
  3
*D51
  1

  0
LINE
  5
148A
330
13E3
100
AcDbEntity
  8
AXIS
 62
     0
440
 16777216
370
    -2
100
AcDbLine
 10
24010.57489387749
 20
-302.4014471560546
 30
0.0
 11
3012.574893877507
 21
-302.4014471554951
 31
0.0
  0
MTEXT
  5
148B
330
13E3
100
AcDbEntity
  8
AXIS
 62
     7
440
 16777216
100
AcDbMText
 10
13432.39898122659
 20
-2.401447155775258
 30
0.0
 40
300.0
 41
0.0
 46
0.0
 71
     5
 72
     1
  1
\A1;21000
  7
DIM_FONT
 73
     1
 44
1.0
  0
INSERT
  5
148C
330
13E3
100
AcDbEntity
  8
AXIS
 62
     0
440
 16777216
370
    -2
100
AcDbBlockReference
  2
_DIMX
 10
24011.57489387749
 20
-302.4014471560546
 30
0.0
 50
359.9999999999984
  0
INSERT
  5
148D
330
13E3
100
AcDbEntity
  8
AXIS
 62
     0
440
 16777216
370
    -2
100
AcDbBlockReference
  2
_DIMX
 10
3011.574893877507
 20
-302.4014471554951
 30
0.0
 50
179.9999999999984
  0
POINT
  5
148E
330
13E3
100
AcDbEntity
  8
DEFPOINTS
 62
     0
440
 16777216
100
AcDbPoint
 10
24011.57489387754
 20
1333.445018177859
 30
0.0
  0
POINT
  5
148F
330
13E3
100
AcDbEntity
  8
DEFPOINTS
 62
     0
440
 16777216
100
AcDbPoint
 10
3011.574893877551
 20
1333.445018178422
 30
0.0
  0
POINT
  5
1490
330
13E3
100
AcDbEntity
  8
DEFPOINTS
 62
     0
440
 16777216
100
AcDbPoint
 10
3011.574893877507
 20
-302.4014471554951
 30
0.0
  0
ENDBLK
  5
13E5
330
13E3
100
AcDbEntity
  8
0
100
AcDbBlockEnd
  0
BLOCK
  5
13EE
330
13ED
100
AcDbEntity
  8
0
100
AcDbBlockBegin
  2
*D52
 70
     1
 10
0.0
 20
0.0
 30
0.0
  3
*D52
  1

  0
LINE
  5
1491
330
13ED
100
AcDbEntity
  8
AXIS
 62
     0
440
 16777216
370
    -2
100
AcDbLine
 10
3012.57489387755
 20
497.5985528443266
 30
0.0
 11
6310.57489387755
 21
497.5985528443266
 31
0.0
  0
INSERT
  5
1492
330
13ED
100
AcDbEntity
  8
AXIS
 62
     0
440
 16777216
370
    -2
100
AcDbBlockReference
  2
_DIMX
 10
3011.574893877551
 20
497.5985528443266
 30
0.0
 50
180.0
  0
INSERT
  5
1493
330
13ED
100
AcDbEntity
  8
AXIS
 62
     0
440
 16777216
370
    -2
100
AcDbBlockReference
  2
_DIMX
 10
6311.57489387755
 20
497.5985528443266
 30
0.0
  0
MTEXT
  5
1494
330
13ED
100
AcDbEntity
  8
AXIS
 62
     7
440
 16777216
100
AcDbMText
 10
4661.57489387755
 20
797.5985528443266
 30
0.0
 40
300.0
 41
0.0
 46
0.0
 71
     5
 72
     1
  1
\A1;3300
  7
DIM_FONT
 73
     1
 44
1.0
  0
POINT
  5
1495
330
13ED
100
AcDbEntity
  8
DEFPOINTS
 62
     0
440
 16777216
100
AcDbPoint
 10
3011.574893877551
 20
1333.445018178422
 30
0.0
  0
POINT
  5
1496
330
13ED
100
AcDbEntity
  8
DEFPOINTS
 62
     0
440
 16777216
100
AcDbPoint
 10
6311.57489387755
 20
1333.445018178244
 30
0.0
  0
POINT
  5
1497
330
13ED
100
AcDbEntity
  8
DEFPOINTS
 62
     0
440
 16777216
100
AcDbPoint
 10
6311.57489387755
 20
497.5985528443266
 30
0.0
  0
ENDBLK
  5
13EF
330
13ED
100
AcDbEntity
  8
0
100
AcDbBlockEnd
  0
BLOCK
  5
13F8
330
13F7
100
AcDbEntity
  8
0
100
AcDbBlockBegin
  2
*D53
 70
     1
 10
0.0
 20
0.0
 30
0.0
  3
*D53
  1

  0
LINE
  5
1498
330
13F7
100
AcDbEntity
  8
AXIS
 62
     0
440
 16777216
370
    -2
100
AcDbLine
 10
1399.792969689007
 20
8798.738729664728
 30
0.0
 11
1399.792969689006
 21
4000.73872966472
 31
0.0
  0
INSERT
  5
1499
330
13F7
100
AcDbEntity
  8
AXIS
 62
     0
440
 16777216
370
    -2
100
AcDbBlockReference
  2
_DIMX
 10
1399.792969689007
 20
8799.73872966473
 30
0.0
 50
90.0
  0
INSERT
  5
149A
330
13F7
100
AcDbEntity
  8
AXIS
 62
     0
440
 16777216
370
    -2
100
AcDbBlockReference
  2
_DIMX
 10
1399.792969689006
 20
3999.738729664721
 30
0.0
 50
270.0
  0
MTEXT
  5
149B
330
13F7
100
AcDbEntity
  8
AXIS
 62
     7
440
 16777216
100
AcDbMText
 10
1099.792969689005
 20
6399.738729664725
 30
0.0
 40
300.0
 41
0.0
 46
0.0
 71
     5
 72
     1
  1
\A1;4800
  7
DIM_FONT
 11
0.0000000000000001
 21
1.0
 31
0.0
 73
     1
 44
1.0
  0
POINT
  5
149C
330
13F7
100
AcDbEntity
  8
DEFPOINTS
 62
     0
440
 16777216
100
AcDbPoint
 10
2200.235974159674
 20
8799.73872966473
 30
0.0
  0
POINT
  5
149D
330
13F7
100
AcDbEntity
  8
DEFPOINTS
 62
     0
440
 16777216
100
AcDbPoint
 10
2200.235974159412
 20
3999.738729664721
 30
0.0
  0
POINT
  5
149E
330
13F7
100
AcDbEntity
  8
DEFPOINTS
 62
     0
440
 16777216
100
AcDbPoint
 10
1399.792969689006
 20
3999.738729664721
 30
0.0
  0
ENDBLK
  5
13F9
330
13F7
100
AcDbEntity
  8
0
100
AcDbBlockEnd
  0
BLOCK
  5
1402
330
1401
100
AcDbEntity
  8
0
100
AcDbBlockBegin
  2
*D54
 70
     1
 10
0.0
 20
0.0
 30
0.0
  3
*D54
  1

  0
LINE
  5
149F
330
1401
100
AcDbEntity
  8
AXIS
 62
     0
440
 16777216
370
    -2
100
AcDbLine
 10
599.7929696889213
 20
14198.73872966473
 30
0.0
 11
599.7929696889187
 21
2500.738729664729
 31
0.0
  0
INSERT
  5
14A0
330
1401
100
AcDbEntity
  8
AXIS
 62
     0
440
 16777216
370
    -2
100
AcDbBlockReference
  2
_DIMX
 10
599.7929696889213
 20
14199.73872966473
 30
0.0
 50
90.0
  0
INSERT
  5
14A1
330
1401
100
AcDbEntity
  8
AXIS
 62
     0
440
 16777216
370
    -2
100
AcDbBlockReference
  2
_DIMX
 10
599.7929696889187
 20
2499.738729664729
 30
0.0
 50
270.0
  0
MTEXT
  5
14A2
330
1401
100
AcDbEntity
  8
AXIS
 62
     7
440
 16777216
100
AcDbMText
 10
299.7929696889186
 20
8349.738729664728
 30
0.0
 40
300.0
 41
0.0
 46
0.0
 71
     5
 72
     1
  1
\A1;11700
  7
DIM_FONT
 11
0.0000000000000001
 21
1.0
 31
0.0
 73
     1
 44
1.0
  0
POINT
  5
14A3
330
1401
100
AcDbEntity
  8
DEFPOINTS
 62
     0
440
 16777216
100
AcDbPoint
 10
2200.235974159965
 20
14199.73872966473
 30
0.0
  0
POINT
  5
14A4
330
1401
100
AcDbEntity
  8
DEFPOINTS
 62
     0
440
 16777216
100
AcDbPoint
 10
2200.235974159324
 20
2499.738729664728
 30
0.0
  0
POINT
  5
14A5
330
1401
100
AcDbEntity
  8
DEFPOINTS
 62
     0
440
 16777216
100
AcDbPoint
 10
599.7929696889187
 20
2499.738729664729
 30
0.0
  0
ENDBLK
  5
1403
330
1401
100
AcDbEntity
  8
0
100
AcDbBlockEnd
  0
BLOCK
  5
140C
330
140B
100
AcDbEntity
  8
0
100
AcDbBlockBegin
  2
*D55
 70
     1
 10
0.0
 20
0.0
 30
0.0
  3
*D55
  1

  0
LINE
  5
14A6
330
140B
100
AcDbEntity
  8
AXIS
 62
     0
440
 16777216
370
    -2
100
AcDbLine
 10
1399.792969688919
 20
3998.738729664721
 30
0.0
 11
1399.792969688919
 21
2500.738729664728
 31
0.0
  0
INSERT
  5
14A7
330
140B
100
AcDbEntity
  8
AXIS
 62
     0
440
 16777216
370
    -2
100
AcDbBlockReference
  2
_DIMX
 10
1399.792969688919
 20
3999.738729664721
 30
0.0
 50
90.0
  0
INSERT
  5
14A8
330
140B
100
AcDbEntity
  8
AXIS
 62
     0
440
 16777216
370
    -2
100
AcDbBlockReference
  2
_DIMX
 10
1399.792969688919
 20
2499.738729664728
 30
0.0
 50
270.0
  0
MTEXT
  5
14A9
330
140B
100
AcDbEntity
  8
AXIS
 62
     7
440
 16777216
100
AcDbMText
 10
1099.792969688918
 20
3249.738729664725
 30
0.0
 40
300.0
 41
0.0
 46
0.0
 71
     5
 72
     1
  1
\A1;1500
  7
DIM_FONT
 11
0.0000000000000001
 21
1.0
 31
0.0
 73
     1
 44
1.0
  0
POINT
  5
14AA
330
140B
100
AcDbEntity
  8
DEFPOINTS
 62
     0
440
 16777216
100
AcDbPoint
 10
2200.235974159412
 20
3999.738729664721
 30
0.0
  0
POINT
  5
14AB
330
140B
100
AcDbEntity
  8
DEFPOINTS
 62
     0
440
 16777216
100
AcDbPoint
 10
2200.235974159324
 20
2499.738729664728
 30
0.0
  0
POINT
  5
14AC
330
140B
100
AcDbEntity
  8
DEFPOINTS
 62
     0
440
 16777216
100
AcDbPoint
 10
1399.792969688919
 20
2499.738729664728
 30
0.0
  0
ENDBLK
  5
140D
330
140B
100
AcDbEntity
  8
0
100
AcDbBlockEnd
  0
BLOCK
  5
1416
330
1415
100
AcDbEntity
  8
0
100
AcDbBlockBegin
  2
*D56
 70
     1
 10
0.0
 20
0.0
 30
0.0
  3
*D56
  1

  0
LINE
  5
14AD
330
1415
100
AcDbEntity
  8
AXIS
 62
     0
440
 16777216
370
    -2
100
AcDbLine
 10
1399.792969689385
 20
14198.73872966473
 30
0.0
 11
1399.792969689384
 21
10900.73872966473
 31
0.0
  0
INSERT
  5
14AE
330
1415
100
AcDbEntity
  8
AXIS
 62
     0
440
 16777216
370
    -2
100
AcDbBlockReference
  2
_DIMX
 10
1399.792969689385
 20
14199.73872966473
 30
0.0
 50
90.0
  0
INSERT
  5
14AF
330
1415
100
AcDbEntity
  8
AXIS
 62
     0
440
 16777216
370
    -2
100
AcDbBlockReference
  2
_DIMX
 10
1399.792969689384
 20
10899.73872966473
 30
0.0
 50
270.0
  0
MTEXT
  5
14B0
330
1415
100
AcDbEntity
  8
AXIS
 62
     7
440
 16777216
100
AcDbMText
 10
1099.792969689382
 20
12549.73872966473
 30
0.0
 40
300.0
 41
0.0
 46
0.0
 71
     5
 72
     1
  1
\A1;3300
  7
DIM_FONT
 11
0.0000000000000001
 21
1.0
 31
0.0
 73
     1
 44
1.0
  0
POINT
  5
14B1
330
1415
100
AcDbEntity
  8
DEFPOINTS
 62
     0
440
 16777216
100
AcDbPoint
 10
2200.235974159965
 20
14199.73872966473
 30
0.0
  0
POINT
  5
14B2
330
1415
100
AcDbEntity
  8
DEFPOINTS
 62
     0
440
 16777216
100
AcDbPoint
 10
2200.23597415979
 20
10899.73872966473
 30
0.0
  0
POINT
  5
14B3
330
1415
100
AcDbEntity
  8
DEFPOINTS
 62
     0
440
 16777216
100
AcDbPoint
 10
1399.792969689384
 20
10899.73872966473
 30
0.0
  0
ENDBLK
  5
1417
330
1415
100
AcDbEntity
  8
0
100
AcDbBlockEnd
  0
BLOCK
  5
1420
330
141F
100
AcDbEntity
  8
0
100
AcDbBlockBegin
  2
*D57
 70
     1
 10
0.0
 20
0.0
 30
0.0
  3
*D57
  1

  0
LINE
  5
14B4
330
141F
100
AcDbEntity
  8
AXIS
 62
     0
440
 16777216
370
    -2
100
AcDbLine
 10
1399.792969689268
 20
10898.73872966473
 30
0.0
 11
1399.792969689268
 21
8800.738729664727
 31
0.0
  0
INSERT
  5
14B5
330
141F
100
AcDbEntity
  8
AXIS
 62
     0
440
 16777216
370
    -2
100
AcDbBlockReference
  2
_DIMX
 10
1399.792969689268
 20
10899.73872966473
 30
0.0
 50
90.0
  0
INSERT
  5
14B6
330
141F
100
AcDbEntity
  8
AXIS
 62
     0
440
 16777216
370
    -2
100
AcDbBlockReference
  2
_DIMX
 10
1399.792969689268
 20
8799.73872966473
 30
0.0
 50
270.0
  0
MTEXT
  5
14B7
330
141F
100
AcDbEntity
  8
AXIS
 62
     7
440
 16777216
100
AcDbMText
 10
1099.792969689266
 20
9849.738729664728
 30
0.0
 40
300.0
 41
0.0
 46
0.0
 71
     5
 72
     1
  1
\A1;2100
  7
DIM_FONT
 11
0.0000000000000001
 21
1.0
 31
0.0
 73
     1
 44
1.0
  0
POINT
  5
14B8
330
141F
100
AcDbEntity
  8
DEFPOINTS
 62
     0
440
 16777216
100
AcDbPoint
 10
2200.23597415979
 20
10899.73872966473
 30
0.0
  0
POINT
  5
14B9
330
141F
100
AcDbEntity
  8
DEFPOINTS
 62
     0
440
 16777216
100
AcDbPoint
 10
2200.235974159674
 20
8799.73872966473
 30
0.0
  0
POINT
  5
14BA
330
141F
100
AcDbEntity
  8
DEFPOINTS
 62
     0
440
 16777216
100
AcDbPoint
 10
1399.792969689268
 20
8799.73872966473
 30
0.0
  0
ENDBLK
  5
1421
330
141F
100
AcDbEntity
  8
0
100
AcDbBlockEnd
  0
BLOCK
  5
142A
330
1429
100
AcDbEntity
  8
0
100
AcDbBlockBegin
  2
*D58
 70
     1
 10
0.0
 20
0.0
 30
0.0
  3
*D58
  1

  0
LINE
  5
14BB
330
1429
100
AcDbEntity
  8
AXIS
 62
     0
440
 16777216
370
    -2
100
AcDbLine
 10
9612.57489387755
 20
497.598552843941
 30
0.0
 11
13510.57489387753
 21
497.598552843941
 31
0.0
  0
INSERT
  5
14BC
330
1429
100
AcDbEntity
  8
AXIS
 62
     0
440
 16777216
370
    -2
100
AcDbBlockReference
  2
_DIMX
 10
9611.574893877552
 20
497.598552843941
 30
0.0
 50
180.0
  0
INSERT
  5
14BD
330
1429
100
AcDbEntity
  8
AXIS
 62
     0
440
 16777216
370
    -2
100
AcDbBlockReference
  2
_DIMX
 10
13511.57489387753
 20
497.598552843941
 30
0.0
  0
MTEXT
  5
14BE
330
1429
100
AcDbEntity
  8
AXIS
 62
     7
440
 16777216
100
AcDbMText
 10
11561.57489387754
 20
797.598552843941
 30
0.0
 40
300.0
 41
0.0
 46
0.0
 71
     5
 72
     1
  1
\A1;3900
  7
DIM_FONT
 73
     1
 44
1.0
  0
POINT
  5
14BF
330
1429
100
AcDbEntity
  8
DEFPOINTS
 62
     0
440
 16777216
100
AcDbPoint
 10
9611.574893877552
 20
1333.44501817807
 30
0.0
  0
POINT
  5
14C0
330
1429
100
AcDbEntity
  8
DEFPOINTS
 62
     0
440
 16777216
100
AcDbPoint
 10
13511.57489387753
 20
1333.445018177859
 30
0.0
  0
POINT
  5
14C1
330
1429
100
AcDbEntity
  8
DEFPOINTS
 62
     0
440
 16777216
100
AcDbPoint
 10
13511.57489387753
 20
497.598552843941
 30
0.0
  0
ENDBLK
  5
142B
330
1429
100
AcDbEntity
  8
0
100
AcDbBlockEnd
  0
BLOCK
  5
1434
330
1433
100
AcDbEntity
  8
0
100
AcDbBlockBegin
  2
*D59
 70
     1
 10
0.0
 20
0.0
 30
0.0
  3
*D59
  1

  0
LINE
  5
14C2
330
1433
100
AcDbEntity
  8
AXIS
 62
     0
440
 16777216
370
    -2
100
AcDbLine
 10
6312.574893877551
 20
497.5985528441519
 30
0.0
 11
9610.574893877551
 21
497.5985528441519
 31
0.0
  0
INSERT
  5
14C3
330
1433
100
AcDbEntity
  8
AXIS
 62
     0
440
 16777216
370
    -2
100
AcDbBlockReference
  2
_DIMX
 10
6311.57489387755
 20
497.5985528441519
 30
0.0
 50
180.0
  0
INSERT
  5
14C4
330
1433
100
AcDbEntity
  8
AXIS
 62
     0
440
 16777216
370
    -2
100
AcDbBlockReference
  2
_DIMX
 10
9611.574893877552
 20
497.5985528441519
 30
0.0
  0
MTEXT
  5
14C5
330
1433
100
AcDbEntity
  8
AXIS
 62
     7
440
 16777216
100
AcDbMText
 10
7961.574893877551
 20
797.598552844152
 30
0.0
 40
300.0
 41
0.0
 46
0.0
 71
     5
 72
     1
  1
\A1;3300
  7
DIM_FONT
 73
     1
 44
1.0
  0
POINT
  5
14C6
330
1433
100
AcDbEntity
  8
DEFPOINTS
 62
     0
440
 16777216
100
AcDbPoint
 10
6311.57489387755
 20
1333.445018178244
 30
0.0
  0
POINT
  5
14C7
330
1433
100
AcDbEntity
  8
DEFPOINTS
 62
     0
440
 16777216
100
AcDbPoint
 10
9611.574893877552
 20
1333.44501817807
 30
0.0
  0
POINT
  5
14C8
330
1433
100
AcDbEntity
  8
DEFPOINTS
 62
     0
440
 16777216
100
AcDbPoint
 10
9611.574893877552
 20
497.5985528441519
 30
0.0
  0
ENDBLK
  5
1435
330
1433
100
AcDbEntity
  8
0
100
AcDbBlockEnd
  0
BLOCK
  5
143E
330
143D
100
AcDbEntity
  8
0
100
AcDbBlockBegin
  2
*D60
 70
     1
 10
0.0
 20
0.0
 30
0.0
  3
*D60
  1

  0
LINE
  5
14C9
330
143D
100
AcDbEntity
  8
AXIS
 62
     0
440
 16777216
370
    -2
100
AcDbLine
 10
25716.18994119069
 20
14198.73872966409
 30
0.0
 11
25716.18994119069
 21
10900.73872966408
 31
0.0
  0
INSERT
  5
14CA
330
143D
100
AcDbEntity
  8
AXIS
 62
     0
440
 16777216
370
    -2
100
AcDbBlockReference
  2
_DIMX
 10
25716.18994119069
 20
14199.73872966409
 30
0.0
 50
90.0
  0
INSERT
  5
14CB
330
143D
100
AcDbEntity
  8
AXIS
 62
     0
440
 16777216
370
    -2
100
AcDbBlockReference
  2
_DIMX
 10
25716.18994119069
 20
10899.73872966408
 30
0.0
 50
270.0
  0
MTEXT
  5
14CC
330
143D
100
AcDbEntity
  8
AXIS
 62
     7
440
 16777216
100
AcDbMText
 10
25416.18994119069
 20
12549.73872966409
 30
0.0
 40
300.0
 41
0.0
 46
0.0
 71
     5
 72
     1
  1
\A1;3300
  7
DIM_FONT
 11
0.0000000000000001
 21
1.0
 31
0.0
 73
     1
 44
1.0
  0
POINT
  5
14CD
330
143D
100
AcDbEntity
  8
DEFPOINTS
 62
     0
440
 16777216
100
AcDbPoint
 10
24915.74693672026
 20
14199.73872966409
 30
0.0
  0
POINT
  5
14CE
330
143D
100
AcDbEntity
  8
DEFPOINTS
 62
     0
440
 16777216
100
AcDbPoint
 10
24915.74693672026
 20
10899.73872966408
 30
0.0
  0
POINT
  5
14CF
330
143D
100
AcDbEntity
  8
DEFPOINTS
 62
     0
440
 16777216
100
AcDbPoint
 10
25716.18994119069
 20
10899.73872966408
 30
0.0
  0
ENDBLK
  5
143F
330
143D
100
AcDbEntity
  8
0
100
AcDbBlockEnd
  0
BLOCK
  5
1448
330
1447
100
AcDbEntity
  8
0
100
AcDbBlockBegin
  2
*D61
 70
     1
 10
0.0
 20
0.0
 30
0.0
  3
*D61
  1

  0
LINE
  5
14D0
330
1447
100
AcDbEntity
  8
AXIS
 62
     0
440
 16777216
370
    -2
100
AcDbLine
 10
25716.18994119069
 20
10898.73872966408
 30
0.0
 11
25716.18994119069
 21
8800.738729664081
 31
0.0
  0
INSERT
  5
14D1
330
1447
100
AcDbEntity
  8
AXIS
 62
     0
440
 16777216
370
    -2
100
AcDbBlockReference
  2
_DIMX
 10
25716.18994119069
 20
10899.73872966408
 30
0.0
 50
90.0
  0
INSERT
  5
14D2
330
1447
100
AcDbEntity
  8
AXIS
 62
     0
440
 16777216
370
    -2
100
AcDbBlockReference
  2
_DIMX
 10
25716.18994119069
 20
8799.738729664081
 30
0.0
 50
270.0
  0
MTEXT
  5
14D3
330
1447
100
AcDbEntity
  8
AXIS
 62
     7
440
 16777216
100
AcDbMText
 10
25416.18994119069
 20
9849.738729664085
 30
0.0
 40
300.0
 41
0.0
 46
0.0
 71
     5
 72
     1
  1
\A1;2100
  7
DIM_FONT
 11
0.0000000000000001
 21
1.0
 31
0.0
 73
     1
 44
1.0
  0
POINT
  5
14D4
330
1447
100
AcDbEntity
  8
DEFPOINTS
 62
     0
440
 16777216
100
AcDbPoint
 10
24915.74693672026
 20
10899.73872966408
 30
0.0
  0
POINT
  5
14D5
330
1447
100
AcDbEntity
  8
DEFPOINTS
 62
     0
440
 16777216
100
AcDbPoint
 10
24915.74693672026
 20
8799.738729664081
 30
0.0
  0
POINT
  5
14D6
330
1447
100
AcDbEntity
  8
DEFPOINTS
 62
     0
440
 16777216
100
AcDbPoint
 10
25716.18994119069
 20
8799.738729664081
 30
0.0
  0
ENDBLK
  5
1449
330
1447
100
AcDbEntity
  8
0
100
AcDbBlockEnd
  0
BLOCK
  5
1452
330
1451
100
AcDbEntity
  8
0
100
AcDbBlockBegin
  2
*D62
 70
     1
 10
0.0
 20
0.0
 30
0.0
  3
*D62
  1

  0
LINE
  5
14D7
330
1451
100
AcDbEntity
  8
AXIS
 62
     0
440
 16777216
370
    -2
100
AcDbLine
 10
25716.18994119069
 20
3998.73872966408
 30
0.0
 11
25716.18994119069
 21
2500.738729664087
 31
0.0
  0
INSERT
  5
14D8
330
1451
100
AcDbEntity
  8
AXIS
 62
     0
440
 16777216
370
    -2
100
AcDbBlockReference
  2
_DIMX
 10
25716.18994119069
 20
3999.73872966408
 30
0.0
 50
90.0
  0
INSERT
  5
14D9
330
1451
100
AcDbEntity
  8
AXIS
 62
     0
440
 16777216
370
    -2
100
AcDbBlockReference
  2
_DIMX
 10
25716.18994119069
 20
2499.738729664088
 30
0.0
 50
270.0
  0
MTEXT
  5
14DA
330
1451
100
AcDbEntity
  8
AXIS
 62
     7
440
 16777216
100
AcDbMText
 10
25416.18994119069
 20
3249.738729664088
 30
0.0
 40
300.0
 41
0.0
 46
0.0
 71
     5
 72
     1
  1
\A1;1500
  7
DIM_FONT
 11
0.0000000000000001
 21
1.0
 31
0.0
 73
     1
 44
1.0
  0
POINT
  5
14DB
330
1451
100
AcDbEntity
  8
DEFPOINTS
 62
     0
440
 16777216
100
AcDbPoint
 10
24915.74693672026
 20
3999.73872966408
 30
0.0
  0
POINT
  5
14DC
330
1451
100
AcDbEntity
  8
DEFPOINTS
 62
     0
440
 16777216
100
AcDbPoint
 10
24915.74693672026
 20
2499.738729664088
 30
0.0
  0
POINT
  5
14DD
330
1451
100
AcDbEntity
  8
DEFPOINTS
 62
     0
440
 16777216
100
AcDbPoint
 10
25716.18994119069
 20
2499.738729664088
 30
0.0
  0
ENDBLK
  5
1453
330
1451
100
AcDbEntity
  8
0
100
AcDbBlockEnd
  0
BLOCK
  5
145C
330
145B
100
AcDbEntity
  8
0
100
AcDbBlockBegin
  2
*D63
 70
     1
 10
0.0
 20
0.0
 30
0.0
  3
*D63
  1

  0
LINE
  5
14DE
330
145B
100
AcDbEntity
  8
AXIS
 62
     0
440
 16777216
370
    -2
100
AcDbLine
 10
25716.1899411907
 20
8798.73872966408
 30
0.0
 11
25716.18994119069
 21
4000.73872966408
 31
0.0
  0
INSERT
  5
14DF
330
145B
100
AcDbEntity
  8
AXIS
 62
     0
440
 16777216
370
    -2
100
AcDbBlockReference
  2
_DIMX
 10
25716.1899411907
 20
8799.738729664081
 30
0.0
 50
90.0
  0
INSERT
  5
14E0
330
145B
100
AcDbEntity
  8
AXIS
 62
     0
440
 16777216
370
    -2
100
AcDbBlockReference
  2
_DIMX
 10
25716.18994119069
 20
3999.73872966408
 30
0.0
 50
270.0
  0
MTEXT
  5
14E1
330
145B
100
AcDbEntity
  8
AXIS
 62
     7
440
 16777216
100
AcDbMText
 10
25416.18994119069
 20
6399.738729664084
 30
0.0
 40
300.0
 41
0.0
 46
0.0
 71
     5
 72
     1
  1
\A1;4800
  7
DIM_FONT
 11
0.0000000000000001
 21
1.0
 31
0.0
 73
     1
 44
1.0
  0
POINT
  5
14E2
330
145B
100
AcDbEntity
  8
DEFPOINTS
 62
     0
440
 16777216
100
AcDbPoint
 10
24915.74693672026
 20
8799.738729664081
 30
0.0
  0
POINT
  5
14E3
330
145B
100
AcDbEntity
  8
DEFPOINTS
 62
     0
440
 16777216
100
AcDbPoint
 10
24915.74693672026
 20
3999.73872966408
 30
0.0
  0
POINT
  5
14E4
330
145B
100
AcDbEntity
  8
DEFPOINTS
 62
     0
440
 16777216
100
AcDbPoint
 10
25716.18994119069
 20
3999.73872966408
 30
0.0
  0
ENDBLK
  5
145D
330
145B
100
AcDbEntity
  8
0
100
AcDbBlockEnd
  0
BLOCK
  5
1466
330
1465
100
AcDbEntity
  8
0
100
AcDbBlockBegin
  2
*D64
 70
     1
 10
0.0
 20
0.0
 30
0.0
  3
*D64
  1

  0
LINE
  5
14E5
330
1465
100
AcDbEntity
  8
AXIS
 62
     0
440
 16777216
370
    -2
100
AcDbLine
 10
26516.1899411907
 20
14198.73872966409
 30
0.0
 11
26516.18994119069
 21
2500.738729664087
 31
0.0
  0
INSERT
  5
14E6
330
1465
100
AcDbEntity
  8
AXIS
 62
     0
440
 16777216
370
    -2
100
AcDbBlockReference
  2
_DIMX
 10
26516.1899411907
 20
14199.73872966409
 30
0.0
 50
90.0
  0
INSERT
  5
14E7
330
1465
100
AcDbEntity
  8
AXIS
 62
     0
440
 16777216
370
    -2
100
AcDbBlockReference
  2
_DIMX
 10
26516.18994119069
 20
2499.738729664088
 30
0.0
 50
270.0
  0
MTEXT
  5
14E8
330
1465
100
AcDbEntity
  8
AXIS
 62
     7
440
 16777216
100
AcDbMText
 10
26216.18994119069
 20
8349.738729664093
 30
0.0
 40
300.0
 41
0.0
 46
0.0
 71
     5
 72
     1
  1
\A1;11700
  7
DIM_FONT
 11
0.0000000000000001
 21
1.0
 31
0.0
 73
     1
 44
1.0
  0
POINT
  5
14E9
330
1465
100
AcDbEntity
  8
DEFPOINTS
 62
     0
440
 16777216
100
AcDbPoint
 10
24915.74693672026
 20
14199.73872966409
 30
0.0
  0
POINT
  5
14EA
330
1465
100
AcDbEntity
  8
DEFPOINTS
 62
     0
440
 16777216
100
AcDbPoint
 10
24915.74693672026
 20
2499.738729664088
 30
0.0
  0
POINT
  5
14EB
330
1465
100
AcDbEntity
  8
DEFPOINTS
 62
     0
440
 16777216
100
AcDbPoint
 10
26516.18994119069
 20
2499.738729664088
 30
0.0
  0
ENDBLK
  5
1467
330
1465
100
AcDbEntity
  8
0
100
AcDbBlockEnd
  0
BLOCK
  5
1470
330
146F
100
AcDbEntity
  8
0
100
AcDbBlockBegin
  2
*D65
 70
     1
 10
0.0
 20
0.0
 30
0.0
  3
*D65
  1

  0
LINE
  5
14EC
330
146F
100
AcDbEntity
  8
AXIS
 62
     0
440
 16777216
370
    -2
100
AcDbLine
 10
20710.57489387754
 20
497.598552843941
 30
0.0
 11
17412.57489387753
 21
497.598552843941
 31
0.0
  0
INSERT
  5
14ED
330
146F
100
AcDbEntity
  8
AXIS
 62
     0
440
 16777216
370
    -2
100
AcDbBlockReference
  2
_DIMX
 10
20711.57489387754
 20
497.598552843941
 30
0.0
  0
INSERT
  5
14EE
330
146F
100
AcDbEntity
  8
AXIS
 62
     0
440
 16777216
370
    -2
100
AcDbBlockReference
  2
_DIMX
 10
17411.57489387753
 20
497.598552843941
 30
0.0
 50
180.0
  0
MTEXT
  5
14EF
330
146F
100
AcDbEntity
  8
AXIS
 62
     7
440
 16777216
100
AcDbMText
 10
19061.57489387753
 20
797.598552843941
 30
0.0
 40
300.0
 41
0.0
 46
0.0
 71
     5
 72
     1
  1
\A1;3300
  7
DIM_FONT
 73
     1
 44
1.0
  0
POINT
  5
14F0
330
146F
100
AcDbEntity
  8
DEFPOINTS
 62
     0
440
 16777216
100
AcDbPoint
 10
20711.57489387754
 20
1333.445018177859
 30
0.0
  0
POINT
  5
14F1
330
146F
100
AcDbEntity
  8
DEFPOINTS
 62
     0
440
 16777216
100
AcDbPoint
 10
17411.57489387753
 20
1333.445018177859
 30
0.0
  0
POINT
  5
14F2
330
146F
100
AcDbEntity
  8
DEFPOINTS
 62
     0
440
 16777216
100
AcDbPoint
 10
17411.57489387753
 20
497.598552843941
 30
0.0
  0
ENDBLK
  5
1471
330
146F
100
AcDbEntity
  8
0
100
AcDbBlockEnd
  0
BLOCK
  5
147A
330
1479
100
AcDbEntity
  8
0
100
AcDbBlockBegin
  2
*D66
 70
     1
 10
0.0
 20
0.0
 30
0.0
  3
*D66
  1

  0
LINE
  5
14F3
330
1479
100
AcDbEntity
  8
AXIS
 62
     0
440
 16777216
370
    -2
100
AcDbLine
 10
24010.57489387754
 20
497.598552843941
 30
0.0
 11
20712.57489387754
 21
497.598552843941
 31
0.0
  0
INSERT
  5
14F4
330
1479
100
AcDbEntity
  8
AXIS
 62
     0
440
 16777216
370
    -2
100
AcDbBlockReference
  2
_DIMX
 10
24011.57489387754
 20
497.598552843941
 30
0.0
  0
INSERT
  5
14F5
330
1479
100
AcDbEntity
  8
AXIS
 62
     0
440
 16777216
370
    -2
100
AcDbBlockReference
  2
_DIMX
 10
20711.57489387754
 20
497.598552843941
 30
0.0
 50
180.0
  0
MTEXT
  5
14F6
330
1479
100
AcDbEntity
  8
AXIS
 62
     7
440
 16777216
100
AcDbMText
 10
22361.57489387754
 20
797.598552843941
 30
0.0
 40
300.0
 41
0.0
 46
0.0
 71
     5
 72
     1
  1
\A1;3300
  7
DIM_FONT
 73
     1
 44
1.0
  0
POINT
  5
14F7
330
1479
100
AcDbEntity
  8
DEFPOINTS
 62
     0
440
 16777216
100
AcDbPoint
 10
24011.57489387754
 20
1333.445018177859
 30
0.0
  0
POINT
  5
14F8
330
1479
100
AcDbEntity
  8
DEFPOINTS
 62
     0
440
 16777216
100
AcDbPoint
 10
20711.57489387754
 20
1333.445018177859
 30
0.0
  0
POINT
  5
14F9
330
1479
100
AcDbEntity
  8
DEFPOINTS
 62
     0
440
 16777216
100
AcDbPoint
 10
20711.57489387754
 20
497.598552843941
 30
0.0
  0
ENDBLK
  5
147B
330
1479
100
AcDbEntity
  8
0
100
AcDbBlockEnd
  0
ENDSEC
  0
SECTION
  2
ENTITIES
  0
INSERT
  5
114C
330
1F
100
AcDbEntity
  8
0
100
AcDbBlockReference
  2
A$C0E797408
 10
15851.57489387753
 20
7979.738729664088
 30
0.0
 41
-1.0
  0
LINE
  5
114D
330
1F
100
AcDbEntity
  8
0
 62
     8
100
AcDbLine
 10
14351.57486651411
 20
7979.738696616921
 30
0.0013060615832345
 11
14351.57489387753
 21
8059.738729664088
 31
0.0
  0
LINE
  5
114E
330
1F
100
AcDbEntity
  8
0
 62
     8
100
AcDbLine
 10
12671.57492124136
 20
7979.738696616966
 30
0.0013060615832345
 11
12671.57489387788
 21
8059.738729664131
 31
0.0
  0
INSERT
  5
114F
330
1F
100
AcDbEntity
  8
0
100
AcDbBlockReference
  2
A$C0E797408
 10
11171.57489387788
 20
7979.738729664211
 30
0.0
  0
LWPOLYLINE
  5
1150
330
1F
100
AcDbEntity
  8
ZT
100
AcDbPolyline
 90
        2
 70
     0
 43
74.64959999999999
 10
27558.17319684503
 20
13223.41212761784
 10
38539.72310869307
 20
13223.41212761784
  0
LINE
  5
1151
330
1F
100
AcDbEntity
  8
ZT
100
AcDbLine
 10
27558.17319684503
 20
13111.43772761783
 30
0.0
 11
38539.72310869307
 21
13111.43772761783
 31
0.0
  0
LINE
  5
1152
330
1F
100
AcDbEntity
  8
ZT
100
AcDbLine
 10
27558.17319684503
 20
13111.43772761783
 30
0.0
 11
36698.43104631598
 21
13111.43772761783
 31
0.0
  0
LINE
  5
1153
330
1F
100
AcDbEntity
  8
ZT
100
AcDbLine
 10
28817.21844632608
 20
11193.16894007486
 30
0.0
 11
38539.72310869307
 21
11193.16894007486
 31
0.0
  0
LINE
  5
1154
330
1F
100
AcDbEntity
  8
ZT
100
AcDbLine
 10
28817.21844632608
 20
10233.03179721776
 30
0.0
 11
38539.72310869307
 21
10233.03179721776
 31
0.0
  0
LINE
  5
1155
330
1F
100
AcDbEntity
  8
ZT
100
AcDbLine
 10
27558.17319684503
 20
12153.16894007486
 30
0.0
 11
38539.72310869307
 21
12153.16894007486
 31
0.0
  0
TEXT
  5
1156
330
1F
100
AcDbEntity
  8
ZT
100
AcDbText
 10
26622.83790819933
 20
6176.587673019538
 30
0.0
 40
383.9122285714286
  1
（总建筑面积和户内建筑面积包括阳台面积，其中阳台面积按全部计）
 41
0.8
  7
-宋体
100
AcDbText
1001
AcadStringInfo
1000
MIFCodePage
1070
     5
  0
LWPOLYLINE
  5
1157
330
1F
100
AcDbEntity
  8
ZT
100
AcDbPolyline
 90
        2
 70
     0
 43
74.64959999999999
 10
27558.17319684503
 20
7240.783111503501
 10
38539.72310869307
 20
7240.783111503501
  0
LINE
  5
1158
330
1F
100
AcDbEntity
  8
ZT
100
AcDbLine
 10
27558.17319684503
 20
7352.757511503508
 30
0.0
 11
38539.72310869307
 21
7352.757511503508
 31
0.0
  0
LINE
  5
1159
330
1F
100
AcDbEntity
  8
ZT
100
AcDbLine
 10
27558.17319684503
 20
7352.757511503508
 30
0.0
 11
38539.72310869307
 21
7352.757511503508
 31
0.0
  0
LINE
  5
115A
330
1F
100
AcDbEntity
  8
ZT
100
AcDbLine
 10
27558.17319684503
 20
7352.757511503508
 30
0.0
 11
38539.72310869307
 21
7352.757511503508
 31
0.0
  0
LINE
  5
115B
330
1F
100
AcDbEntity
  8
ZT
100
AcDbLine
 10
28817.21844632608
 20
8312.757511503507
 30
0.0
 11
38539.72310869307
 21
8312.757511503507
 31
0.0
  0
LINE
  5
115C
330
1F
100
AcDbEntity
  8
ZT
100
AcDbLine
 10
28817.21844632608
 20
9272.894654360607
 30
0.0
 11
38539.72310869307
 21
9272.894654360607
 31
0.0
  0
LINE
  5
115D
330
1F
100
AcDbEntity
  8
WALL
100
AcDbLine
 10
16311.57489387753
 20
14079.73872966409
 30
0.0
 11
14931.57489387753
 21
14079.73872966409
 31
0.0
  0
LINE
  5
115E
330
1F
100
AcDbEntity
  8
WALL
100
AcDbLine
 10
14111.57489387753
 20
14319.73872966409
 30
0.0
 11
16311.57489387753
 21
14319.73872966409
 31
0.0
  0
LWPOLYLINE
  5
115F
330
1F
100
AcDbEntity
  8
PUB_WALL
100
AcDbPolyline
 90
        8
 70
     1
 43
50.0
 10
14716.57489387753
 20
10064.73872966409
 10
14906.57489387753
 20
10064.73872966409
 10
14906.57489387753
 20
14104.73872966409
 10
16286.57489387753
 20
14104.73872966409
 10
16286.57489387753
 20
14294.73872966409
 10
14136.57489387759
 20
14294.73872966407
 10
14136.57489387753
 20
14104.7387296641
 10
14716.57489387753
 20
14104.73872966409
  0
LWPOLYLINE
  5
1160
330
1F
100
AcDbEntity
  8
WINDOW
100
AcDbPolyline
 90
        4
 70
     0
 43
0.0
 10
19061.57489387753
 20
14319.73872966409
 10
19061.57489387753
 20
15749.73872966409
 10
14761.57489387753
 20
15749.73872966409
 10
14761.57489387753
 20
14319.73872966409
  0
LWPOLYLINE
  5
1161
330
1F
100
AcDbEntity
  8
WINDOW
100
AcDbPolyline
 90
        4
 70
     0
 43
0.0
 10
19001.57489387753
 20
14319.73872966409
 10
19001.57489387753
 20
15689.73872966409
 10
14821.57489387753
 20
15689.73872966409
 10
14821.57489387753
 20
14319.73872966409
  0
LWPOLYLINE
  5
1162
330
1F
100
AcDbEntity
  8
LVTRY
100
AcDbPolyline
 90
        4
 70
     0
 43
0.0
 10
18931.57489387753
 20
14319.73872966409
 10
18931.57489387753
 20
15619.73872966409
 10
14891.57489387753
 20
15619.73872966409
 10
14891.57489387753
 20
14319.73872966409
  0
LWPOLYLINE
  5
1163
330
1F
100
AcDbEntity
  8
LVTRY
100
AcDbPolyline
 90
        4
 70
     0
 43
0.0
 10
19131.57489387753
 20
14319.73872966409
 10
19131.57489387753
 20
15819.73872966409
 10
14691.57489387753
 20
15819.73872966409
 10
14691.57489387753
 20
14319.73872966409
  0
LINE
  5
1164
330
1F
100
AcDbEntity
  8
WALL
100
AcDbLine
 10
14931.57489387753
 20
8919.738729664087
 30
0.0
 11
15971.57489387753
 21
8919.738729664087
 31
0.0
  0
LINE
  5
1165
330
1F
100
AcDbEntity
  8
WALL
100
AcDbLine
 10
14351.57489387753
 20
8679.738729664087
 30
0.0
 11
15851.57489387753
 21
8679.738729664087
 31
0.0
  0
LINE
  5
1166
330
1F
100
AcDbEntity
  8
WALL
100
AcDbLine
 10
13631.57489387753
 20
6639.738729664088
 30
0.0
 11
15971.57489387753
 21
6639.738729664088
 31
0.0
  0
LINE
  5
1167
330
1F
100
AcDbEntity
  8
WALL
100
AcDbLine
 10
13631.57489387753
 20
6759.738729664089
 30
0.0
 11
15971.57489387753
 21
6759.738729664089
 31
0.0
  0
LWPOLYLINE
  5
1168
330
1F
100
AcDbEntity
  8
PUB_WALL
100
AcDbPolyline
 90
       18
 70
     0
 43
50.0
 10
13606.57489387753
 20
8919.738729664087
 10
13606.57489387753
 20
8154.738729664066
 10
14256.57489387753
 20
8154.73872966408
 10
14256.57489387753
 20
8894.738729664089
 10
14716.57489387753
 20
8894.738729664089
 10
14716.57489387753
 20
9014.738729664088
 10
14906.57489387753
 20
9014.738729664095
 10
14906.57489387753
 20
8894.738729664075
 10
15946.57489387753
 20
8894.738729664082
 10
15946.57489387753
 20
7754.738729664096
 10
16246.57489387753
 20
7754.73872966408
 10
16246.57489387753
 20
7684.738729664089
 10
15946.57489387753
 20
7684.73872966411
 10
15946.57489387753
 20
7584.738729664088
 10
15876.57489387753
 20
7584.738729664096
 10
15876.57489387753
 20
8704.738729664088
 10
14326.57489387759
 20
8704.738729664088
 10
14326.57489387753
 20
8179.738729664087
  0
LWPOLYLINE
  5
1169
330
1F
100
AcDbEntity
  8
PUB_WALL
100
AcDbPolyline
 90
        5
 70
     0
 43
50.0
 10
15971.57489387753
 20
6734.738729664089
 10
13606.57489387753
 20
6734.738729664089
 10
13606.57489387753
 20
8084.738729664072
 10
14326.57489387753
 20
8084.73872966408
 10
14326.57489387753
 20
8559.738729664081
  0
MTEXT
  5
116A
330
1F
100
AcDbEntity
  8
PUB_TEXT
 48
5.0
100
AcDbMText
 10
16191.20275469326
 20
5303.318900835838
 30
0.0
 40
300.0
 41
1336.4886
 46
0.0
 71
     3
 72
     5
  1
\fTxt|b0|i0|c134|p2;主卧室
 73
     1
 44
1.0
  0
MTEXT
  5
116B
330
1F
100
AcDbEntity
  8
PUB_TEXT
 48
5.0
100
AcDbMText
 10
16207.86122550913
 20
4823.034448588507
 30
0.0
 40
300.0
 41
1336.4886
 46
0.0
 71
     3
 72
     5
  1
\fTxt|b0|i0|c134|p2;16.06m
 73
     1
 44
1.0
  0
LINE
  5
116C
330
1F
100
AcDbEntity
  8
WINDOW
100
AcDbLine
 10
16361.57489387754
 20
2619.738729664088
 30
0.0
 11
14561.57489387753
 21
2619.738729664088
 31
0.0
  0
INSERT
  5
116D
330
1F
100
AcDbEntity
  8
WINDOW
100
AcDbBlockReference
 66
     1
  2
_DBLK
 10
14811.57489387753
 20
9539.738729664088
 30
0.0
 41
1000.0
 42
1000.0
 43
1000.0
 50
90.0
1001
WTHICK
1040
240.0
  0
ATTRIB
  5
116E
330
116D
100
AcDbEntity
  8
WINDOW_TEXT
100
AcDbText
 10
14391.57489387753
 20
9539.738729664088
 30
0.0
 40
300.0
  1

 50
270.0
 41
0.8
 51
0.0000000000000127
  7
SIMPLEX
 71
     2
 72
     4
 11
14391.57489387753
 21
9539.738729664088
 31
0.0
100
AcDbAttribute
280
     0
  2
A
 70
     9
280
     0
  0
SEQEND
  5
116F
330
116D
100
AcDbEntity
  8
WINDOW
  0
LINE
  5
1170
330
1F
100
AcDbEntity
  8
WINDOW
100
AcDbLine
 10
16426.76603754678
 20
1923.586832559631
 30
0.0
 11
14496.38375020835
 21
1923.586832559631
 31
0.0
  0
LINE
  5
1171
330
1F
100
AcDbEntity
  8
WINDOW
100
AcDbLine
 10
16361.57489387759
 20
1967.047595005766
 30
0.0
 11
14561.57489387753
 21
1967.047595005766
 31
0.0
  0
DIMENSION
  5
1172
330
1F
100
AcDbEntity
  8
AXIS
100
AcDbDimension
280
     0
  2
*D50
 10
13511.57489387753
 20
497.598552843941
 30
0.0
 11
15461.57489387753
 21
797.598552843941
 31
0.0
 70
    32
 71
     5
 42
3900.0
 73
     0
 74
     0
 75
     0
  3
AXIS
100
AcDbAlignedDimension
 13
17411.57489387753
 23
1333.445018177859
 33
0.0
 14
13511.57489387753
 24
1333.445018177859
 34
0.0
100
AcDbRotatedDimension
  0
LINE
  5
1173
330
1F
100
AcDbEntity
  8
WINDOW
100
AcDbLine
 10
16491.95718121597
 20
1880.126070113525
 30
0.0
 11
14431.19260653916
 21
1880.126070113525
 31
0.0
  0
DIMENSION
  5
1174
330
1F
100
AcDbEntity
  8
AXIS
100
AcDbDimension
280
     0
  2
*D51
 10
3011.574893877507
 20
-302.4014471554951
 30
0.0
 11
13432.39898122659
 21
-2.401447155775258
 31
0.0
 70
   161
 71
     5
 42
20999.99999999999
 73
     0
 74
     0
 75
     0
  3
AXIS
100
AcDbAlignedDimension
 13
24011.57489387754
 23
1333.445018177859
 33
0.0
 14
3011.574893877551
 24
1333.445018178422
 34
0.0
  0
LWPOLYLINE
  5
1175
330
1F
100
AcDbEntity
  8
PUB_WALL
100
AcDbPolyline
 90
       17
 70
     0
 43
50.0
 10
15851.57489387753
 20
6734.738729664089
 10
15946.57489387753
 20
6734.738729664096
 10
15946.57489387753
 20
6664.738729664088
 10
13606.57489387759
 20
6664.738729664088
 10
13606.57489387759
 20
2594.738729664084
 10
14536.57489387753
 20
2594.738729664092
 10
14536.57489387759
 20
2404.738729664088
 10
12486.57489387759
 20
2404.73872966415
 10
12486.57489387759
 20
2594.738729664146
 10
13416.57489387759
 20
2594.738729664088
 10
13416.57489387783
 20
6664.738729664096
 10
11076.57489387783
 20
6664.738729664219
 10
11076.57489387783
 20
6734.738729664212
 10
13416.57489387783
 20
6734.738729664096
 10
13416.57489387794
 20
8084.73872966408
 10
12696.57489387794
 20
8084.738729664131
 10
12696.57489387794
 20
8559.738729664124
  0
INSERT
  5
1176
330
1F
100
AcDbEntity
  8
0
 62
     5
100
AcDbBlockReference
  2
A$C0D310AA6
 10
12331.574893878
 20
10039.73872966414
 30
0.0
  0
INSERT
  5
1177
330
1F
100
AcDbEntity
  8
LVTRY
 48
5.0
100
AcDbBlockReference
  2
A$C05DF5B67
 10
14559.47821144618
 20
7227.802479169056
 30
0.0
 41
-1.0
 50
180.0
  0
LINE
  5
1178
330
1F
100
AcDbEntity
  8
AXIS
100
AcDbLine
 10
3011.574893877551
 20
-702.4014471554951
 30
0.0
 11
3011.574893877551
 21
1333.445018178422
 31
0.0
  0
LINE
  5
1179
330
1F
100
AcDbEntity
  8
AXIS
100
AcDbLine
 10
3011.574893877434
 20
-702.4014471554951
 30
0.0
 11
3011.574893877551
 21
1333.445018178422
 31
0.0
  0
LINE
  5
117A
330
1F
100
AcDbEntity
  8
WALL
100
AcDbLine
 10
5781.574893878249
 20
14319.7387296645
 30
0.0
 11
4591.574893878249
 21
14319.73872966457
 31
0.0
  0
LWPOLYLINE
  5
117B
330
1F
100
AcDbEntity
  8
PUB_WALL
100
AcDbPolyline
 90
        8
 70
     1
 43
50.0
 10
5146.57489387822
 20
13294.73872966453
 10
5076.574893878191
 20
13294.73872966453
 10
5076.57489387822
 20
14104.73872966455
 10
4616.574893878249
 20
14104.73872966456
 10
4616.574893878249
 20
14294.73872966455
 10
5756.574893878249
 20
14294.7387296645
 10
5756.574893878278
 20
14104.7387296645
 10
5146.57489387822
 20
14104.73872966455
  0
INSERT
  5
117C
330
1F
100
AcDbEntity
  8
FURNETR
 48
5.0
100
AcDbBlockReference
  2
A$C0B1B081E
 10
5151.574975413037
 20
5673.188802323849
 30
0.0
 41
-1.0
  0
LINE
  5
117D
330
1F
100
AcDbEntity
  8
JIAJU
 62
     8
100
AcDbLine
 10
3131.5748938779
 20
8083.148918488507
 30
0.0
 11
5018.705425866297
 21
8083.148918488275
 31
0.0
  0
LINE
  5
117E
330
1F
100
AcDbEntity
  8
JIAJU
 62
     8
100
AcDbLine
 10
3131.574893877929
 20
8398.821464721121
 30
0.0
 11
5018.705425866356
 21
8398.821464720887
 31
0.0
  0
LINE
  5
117F
330
1F
100
AcDbEntity
  8
WALL
100
AcDbLine
 10
5171.5748938779
 20
8679.73872966454
 30
0.0
 11
3131.574893877958
 21
8679.738729664641
 31
0.0
  0
LINE
  5
1180
330
1F
100
AcDbEntity
  8
WALL
100
AcDbLine
 10
5051.574893877958
 20
8919.738729664539
 30
0.0
 11
3131.574893877958
 21
8919.738729664656
 31
0.0
  0
LINE
  5
1181
330
1F
100
AcDbEntity
  8
WALL
100
AcDbLine
 10
5051.574893878075
 20
10959.73872966454
 30
0.0
 11
3131.574893878074
 21
10959.73872966464
 31
0.0
  0
LINE
  5
1182
330
1F
100
AcDbEntity
  8
WALL
100
AcDbLine
 10
5051.574893878075
 20
10839.73872966454
 30
0.0
 11
3131.574893878074
 21
10839.73872966464
 31
0.0
  0
INSERT
  5
1183
330
1F
100
AcDbEntity
  8
WINDOW
100
AcDbBlockReference
 66
     1
  2
_DBLK
 10
5111.574893878017
 20
9849.73872966454
 30
0.0
 41
800.0
 42
-800.0
 43
800.0
 50
89.99999999999689
1001
WTHICK
1040
240.0
  0
ATTRIB
  5
1184
330
1183
100
AcDbEntity
  8
WINDOW_TEXT
100
AcDbText
 10
4691.574893878016
 20
9849.738729664561
 30
0.0
 40
300.0
  1

 50
89.99999999999692
 41
0.8
  7
SIMPLEX
 72
     4
 11
4691.574893878016
 21
9849.738729664561
 31
0.0
100
AcDbAttribute
280
     0
  2
A
 70
     9
280
     0
  0
SEQEND
  5
1185
330
1183
100
AcDbEntity
  8
WINDOW
  0
INSERT
  5
1186
330
1F
100
AcDbEntity
  8
LVTRY
 48
5.0
100
AcDbBlockReference
  2
A$C05DF5B67
 10
4739.703135605872
 20
10371.67498015959
 30
0.0
 41
-1.0
  0
LINE
  5
1187
330
1F
100
AcDbEntity
  8
LVTRY
 48
5.0
100
AcDbLine
 10
5051.574893878191
 20
13479.73872966454
 30
0.0
 11
3751.574893878191
 21
13479.73872966462
 31
0.0
  0
LINE
  5
1188
330
1F
100
AcDbEntity
  8
WALL
100
AcDbLine
 10
5051.57489387822
 20
14079.73872966454
 30
0.0
 11
4591.574893878219
 21
14079.73872966457
 31
0.0
  0
INSERT
  5
1189
330
1F
100
AcDbEntity
  8
LVTRY
100
AcDbBlockReference
 66
     1
  2
M_E25ESP
 10
4488.534596562735
 20
14049.45917692749
 30
0.0
 50
270.0
  0
ATTRIB
  5
118A
330
1189
100
AcDbEntity
  8
0
100
AcDbText
 10
4488.534596562735
 20
14049.45917692749
 30
0.0
 40
0.5
  1
450
 50
269.9999999999969
 41
0.8
  7
DIM_FONT
100
AcDbAttribute
280
     0
  2
XSIZE
 70
     9
280
     0
  0
ATTRIB
  5
118B
330
1189
100
AcDbEntity
  8
0
100
AcDbText
 10
4488.534596562735
 20
14049.45917692749
 30
0.0
 40
0.5
  1
675
 50
269.9999999999969
 41
0.8
  7
DIM_FONT
100
AcDbAttribute
280
     0
  2
YSIZE
 70
     9
280
     0
  0
SEQEND
  5
118C
330
1189
100
AcDbEntity
  8
LVTRY
  0
LINE
  5
118D
330
1F
100
AcDbEntity
  8
WINDOW
100
AcDbLine
 10
3911.574893877638
 20
3467.047595006305
 30
0.0
 11
5411.574893877666
 21
3467.047595006224
 31
0.0
  0
LINE
  5
118E
330
1F
100
AcDbEntity
  8
WINDOW
100
AcDbLine
 10
3846.38375020845
 20
3423.586832560169
 30
0.0
 11
5476.766037546855
 21
3423.586832560082
 31
0.0
  0
LINE
  5
118F
330
1F
100
AcDbEntity
  8
WINDOW
100
AcDbLine
 10
3781.192606539262
 20
3380.126070114071
 30
0.0
 11
5541.957181216043
 21
3380.126070113976
 31
0.0
  0
LINE
  5
1190
330
1F
100
AcDbEntity
  8
WINDOW
100
AcDbLine
 10
3911.574893877696
 20
4119.738729664627
 30
0.0
 11
5411.574893877696
 21
4119.738729664546
 31
0.0
  0
DIMENSION
  5
1191
330
1F
100
AcDbEntity
  8
AXIS
100
AcDbDimension
280
     0
  2
*D52
 10
6311.57489387755
 20
497.5985528443266
 30
0.0
 11
4661.57489387755
 21
797.5985528443266
 31
0.0
 70
    33
 71
     5
 42
3300.0
 73
     0
 74
     0
 75
     0
  3
AXIS
100
AcDbAlignedDimension
 13
3011.574893877551
 23
1333.445018178422
 33
0.0
 14
6311.57489387755
 24
1333.445018178244
 34
0.0
  0
INSERT
  5
1192
330
1F
100
AcDbEntity
  8
BATH
  6
DASH
100
AcDbBlockReference
 66
     1
  2
_C11UFW
 10
-4672.643267335894
 20
3810.603294660533
 30
0.0
 43
-1.0
 50
180.0
210
0.0
220
0.0
230
-1.0
  0
ATTRIB
  5
1193
330
1192
100
AcDbEntity
  8
0
100
AcDbText
 10
4673.671838764451
 20
3810.603294660533
 30
0.0
 40
0.5
  1
500
 50
359.9999999999969
 41
0.7999999999883585
  7
DIM_FONT
 71
     6
100
AcDbAttribute
280
     0
  2
XSIZE
 70
     9
280
     0
  0
ATTRIB
  5
1194
330
1192
100
AcDbEntity
  8
0
100
AcDbText
 10
4672.909934002556
 20
3810.603294660533
 30
0.0
 40
0.5
  1
0
 50
359.9999999999969
 41
0.7999999999883585
  7
DIM_FONT
 71
     6
100
AcDbAttribute
280
     0
  2
YSIZE
 70
     9
280
     0
  0
SEQEND
  5
1195
330
1192
100
AcDbEntity
  8
BATH
  0
LWPOLYLINE
  5
1196
330
1F
100
AcDbEntity
  8
PUB_WALL
100
AcDbPolyline
 90
       22
 70
     1
 43
50.0
 10
3106.574893877958
 20
8894.738729664648
 10
3106.574893878104
 20
10864.73872966465
 10
5076.574893878046
 20
10864.73872966454
 10
5076.574893878016
 20
10274.73872966455
 10
5146.574893878017
 20
10274.73872966454
 10
5146.574893878074
 20
11744.73872966452
 10
5076.574893878103
 20
11744.73872966453
 10
5076.574893878074
 20
10934.73872966454
 10
3106.574893878045
 20
10934.73872966463
 10
3106.574893878278
 20
14104.73872966463
 10
3566.574893878249
 20
14104.73872966462
 10
3566.574893878249
 20
14294.73872966459
 10
2916.574893878249
 20
14294.73872966462
 10
2916.574893877784
 20
3904.738729664649
 10
3886.574893877725
 20
3904.738729664611
 10
3886.574893877696
 20
4094.738729664626
 10
3106.574893877667
 20
4094.738729664691
 10
3106.574893877987
 20
8704.738729664656
 10
5146.574893877871
 20
8704.738729664532
 10
5146.574893877929
 20
9424.738729664532
 10
5076.574893878016
 20
9424.738729664539
 10
5076.574893878016
 20
8894.738729664524
  0
DIMENSION
  5
1197
330
1F
100
AcDbEntity
  8
AXIS
100
AcDbDimension
280
     0
  2
*D53
 10
1399.792969689006
 20
3999.738729664721
 30
0.0
 11
1099.792969689005
 21
6399.738729664725
 31
0.0
 70
    32
 71
     5
 42
4800.000000000007
 73
     0
 74
     0
 75
     0
  3
AXIS
100
AcDbAlignedDimension
 13
2200.235974159674
 23
8799.73872966473
 33
0.0
 14
2200.235974159412
 24
3999.738729664721
 34
0.0
 50
270.0
100
AcDbRotatedDimension
  0
LINE
  5
1198
330
1F
100
AcDbEntity
  8
WALL
100
AcDbLine
 10
3131.574893877667
 20
4119.738729664685
 30
0.0
 11
3131.574893877958
 21
8679.738729664656
 31
0.0
  0
LINE
  5
1199
330
1F
100
AcDbEntity
  8
WALL
100
AcDbLine
 10
2891.574893877725
 20
3879.738729664655
 30
0.0
 11
2891.574893878249
 21
14319.73872966463
 31
0.0
  0
DIMENSION
  5
119A
330
1F
100
AcDbEntity
  8
AXIS
100
AcDbDimension
280
     0
  2
*D54
 10
599.7929696889187
 20
2499.738729664729
 30
0.0
 11
299.7929696889186
 21
8349.738729664728
 31
0.0
 70
    33
 71
     5
 42
11700.0
 73
     0
 74
     0
 75
     0
  3
AXIS
100
AcDbAlignedDimension
 13
2200.235974159965
 23
14199.73872966473
 33
0.0
 14
2200.235974159324
 24
2499.738729664728
 34
0.0
  0
LINE
  5
119B
330
1F
100
AcDbEntity
  8
WALL
100
AcDbLine
 10
3911.574893877696
 20
4119.738729664627
 30
0.0
 11
3911.574893877696
 21
3879.738729664627
 31
0.0
  0
DIMENSION
  5
119C
330
1F
100
AcDbEntity
  8
AXIS
100
AcDbDimension
280
     0
  2
*D55
 10
1399.792969688919
 20
2499.738729664728
 30
0.0
 11
1099.792969688918
 21
3249.738729664725
 31
0.0
 70
    32
 71
     5
 42
1499.999999999993
 73
     0
 74
     0
 75
     0
  3
AXIS
100
AcDbAlignedDimension
 13
2200.235974159412
 23
3999.738729664721
 33
0.0
 14
2200.235974159324
 24
2499.738729664728
 34
0.0
 50
270.0
100
AcDbRotatedDimension
  0
LINE
  5
119D
330
1F
100
AcDbEntity
  8
AXIS
100
AcDbLine
 10
199.7929696889187
 20
2499.738729664838
 30
0.0
 11
2200.235974159324
 21
2499.738729664728
 31
0.0
  0
LINE
  5
119E
330
1F
100
AcDbEntity
  8
AXIS
100
AcDbLine
 10
1145.229775952437
 20
3999.738729664779
 30
0.0
 11
2200.235974159412
 21
3999.738729664721
 31
0.0
  0
LINE
  5
119F
330
1F
100
AcDbEntity
  8
WALL
100
AcDbLine
 10
3911.574893877696
 20
3879.738729664604
 30
0.0
 11
2891.574893877725
 21
3879.738729664655
 31
0.0
  0
LINE
  5
11A0
330
1F
100
AcDbEntity
  8
WINDOW
100
AcDbLine
 10
3846.38375020848
 20
3879.738729664627
 30
0.0
 11
3846.38375020845
 21
3423.586832560169
 31
0.0
  0
LINE
  5
11A1
330
1F
100
AcDbEntity
  8
WINDOW
100
AcDbLine
 10
3911.574893877667
 20
3879.738729664627
 30
0.0
 11
3911.574893877638
 21
3467.047595006305
 31
0.0
  0
LINE
  5
11A2
330
1F
100
AcDbEntity
  8
WINDOW
100
AcDbLine
 10
3781.192606539291
 20
3879.738729664634
 30
0.0
 11
3781.192606539262
 21
3380.126070114071
 31
0.0
  0
INSERT
  5
11A3
330
1F
100
AcDbEntity
  8
FURNETR
 48
5.0
100
AcDbBlockReference
  2
A$C49232555
 10
3151.574857833941
 20
5313.188864252188
 30
0.0
 41
0.8000000000029103
 42
0.8000000000029103
  0
LINE
  5
11A4
330
1F
100
AcDbEntity
  8
WALL
100
AcDbLine
 10
3911.574893877667
 20
4119.738729664641
 30
0.0
 11
3131.574893877667
 21
4119.738729664685
 31
0.0
  0
LWPOLYLINE
  5
11A5
330
1F
100
AcDbEntity
  8
FURNETR
100
AcDbPolyline
 90
        4
 70
     1
 43
0.0
 10
3151.5748938779
 20
4141.509343270802
 10
3651.5748938779
 20
4141.50934327075
 10
3651.574893878017
 20
5241.509343270751
 10
3151.574893878017
 20
5241.509343270802
  0
CIRCLE
  5
11A6
330
1F
100
AcDbEntity
  8
FURNETR
 48
5.0
100
AcDbCircle
 10
3913.956070035143
 20
4660.951006667811
 30
0.0
 40
150.0
  0
INSERT
  5
11A7
330
1F
100
AcDbEntity
  8
FURNETR
 48
5.0
100
AcDbBlockReference
  2
A$C49232555
 10
3151.574857834145
 20
7173.188864252188
 30
0.0
 41
0.8000000000029103
 42
0.8000000000029103
  0
INSERT
  5
11A8
330
1F
100
AcDbEntity
  8
LVTRY
 48
5.0
100
AcDbBlockReference
  2
A$C3786725B
 10
3611.574912232871
 20
12280.37823454122
 30
0.0
 41
-1.200000000000727
 42
1.200000000000727
 43
1.199999999999999
 50
90.0
  0
DIMENSION
  5
11A9
330
1F
100
AcDbEntity
  8
AXIS
100
AcDbDimension
280
     0
  2
*D56
 10
1399.792969689384
 20
10899.73872966473
 30
0.0
 11
1099.792969689382
 21
12549.73872966473
 31
0.0
 70
    33
 71
     5
 42
3300.0
 73
     0
 74
     0
 75
     0
  3
AXIS
100
AcDbAlignedDimension
 13
2200.235974159965
 23
14199.73872966473
 33
0.0
 14
2200.23597415979
 24
10899.73872966473
 34
0.0
  0
LINE
  5
11AA
330
1F
100
AcDbEntity
  8
LVTRY
 48
5.0
100
AcDbLine
 10
3751.574893878191
 20
13479.73872966462
 30
0.0
 11
3751.574893878075
 21
10959.73872966461
 31
0.0
  0
LINE
  5
11AB
330
1F
100
AcDbEntity
  8
WALL
100
AcDbLine
 10
3131.574893878074
 20
10959.73872966464
 30
0.0
 11
3131.574893878249
 21
14079.73872966464
 31
0.0
  0
LINE
  5
11AC
330
1F
100
AcDbEntity
  8
AXIS
100
AcDbLine
 10
1145.229775952815
 20
10899.73872966478
 30
0.0
 11
2200.23597415979
 21
10899.73872966473
 31
0.0
  0
LINE
  5
11AD
330
1F
100
AcDbEntity
  8
AXIS
100
AcDbLine
 10
1145.229775952699
 20
8799.738729664779
 30
0.0
 11
2200.235974159674
 21
8799.73872966473
 31
0.0
  0
DIMENSION
  5
11AE
330
1F
100
AcDbEntity
  8
AXIS
100
AcDbDimension
280
     0
  2
*D57
 10
1399.792969689268
 20
8799.73872966473
 30
0.0
 11
1099.792969689266
 21
9849.738729664728
 31
0.0
 70
    32
 71
     5
 42
2100.0
 73
     0
 74
     0
 75
     0
  3
AXIS
100
AcDbAlignedDimension
 13
2200.23597415979
 23
10899.73872966473
 33
0.0
 14
2200.235974159674
 24
8799.73872966473
 34
0.0
 50
270.0
100
AcDbRotatedDimension
  0
LINE
  5
11AF
330
1F
100
AcDbEntity
  8
WALL
100
AcDbLine
 10
3131.574893877958
 20
8919.738729664656
 30
0.0
 11
3131.574893878074
 21
10839.73872966464
 31
0.0
  0
LWPOLYLINE
  5
11B0
330
1F
100
AcDbEntity
  8
LVTRY
100
AcDbPolyline
 90
        3
 70
     0
 43
0.0
 10
3131.574893877958
 20
8919.738729664656
 10
3370.620098705811
 20
9069.300418436549
 10
3481.574893878016
 20
9419.738729664635
  0
LWPOLYLINE
  5
11B1
330
1F
100
AcDbEntity
  8
PUB_WALL
100
AcDbPolyline
 90
        3
 70
     0
 43
50.0
 10
3456.574893877958
 20
8919.738729664635
 10
3456.574893878016
 20
9394.738729664627
 10
3131.574893877987
 20
9394.738729664656
  0
LINE
  5
11B2
330
1F
100
AcDbEntity
  8
WALL
100
AcDbLine
 10
3481.574893878016
 20
9419.738729664635
 30
0.0
 11
3131.574893877987
 21
9419.738729664656
 31
0.0
  0
LINE
  5
11B3
330
1F
100
AcDbEntity
  8
JIAJU
 62
     8
100
AcDbLine
 10
3324.757744528993
 20
8625.458161079988
 30
0.0
 11
3446.307466857077
 21
8115.525577207918
 31
0.0
  0
LINE
  5
11B4
330
1F
100
AcDbEntity
  8
JIAJU
 62
     8
100
AcDbLine
 10
3276.137843572127
 20
8625.458161079988
 30
0.0
 11
3324.757744528935
 21
8123.619754686203
 31
0.0
  0
LINE
  5
11B5
330
1F
100
AcDbEntity
  8
JIAJU
 62
     8
100
AcDbLine
 10
3162.691418027447
 20
8625.458161080002
 30
0.0
 11
3203.20799213677
 21
8115.525577207939
 31
0.0
  0
INSERT
  5
11B6
330
1F
100
AcDbEntity
  8
LVTRY
 48
5.0
100
AcDbBlockReference
 66
     1
  2
A$C7E780FB7
 10
4597.241707671608
 20
8918.287975607723
 30
0.0
 50
90.0
  0
ATTRIB
  5
11B7
330
11B6
100
AcDbEntity
  8
0
100
AcDbText
 10
4355.991676578095
 20
8919.738729664597
 30
0.0
 40
0.5
  1
480
 50
89.99999999999692
 41
0.8000000000029103
 71
     6
100
AcDbAttribute
280
     0
  2
YSIZE
 70
     9
280
     0
  0
ATTRIB
  5
11B8
330
11B6
100
AcDbEntity
  8
0
100
AcDbText
 10
4355.991676578095
 20
8919.738729664597
 30
0.0
 40
0.5
  1
720
 50
89.99999999999692
 41
0.8000000000029103
 71
     6
100
AcDbAttribute
280
     0
  2
XSIZE
 70
     9
280
     0
  0
SEQEND
  5
11B9
330
11B6
100
AcDbEntity
  8
WALL
 48
5.0
  0
LINE
  5
11BA
330
1F
100
AcDbEntity
  8
WALL
100
AcDbLine
 10
3481.574893877958
 20
8919.738729664635
 30
0.0
 11
3481.574893878016
 21
9419.738729664635
 31
0.0
  0
LINE
  5
11BB
330
1F
100
AcDbEntity
  8
JIAJU
 62
     8
100
AcDbLine
 10
3486.82407103054
 20
8633.552321493692
 30
0.0
 11
3567.857219249243
 21
8131.713915099892
 31
0.0
  0
LINE
  5
11BC
330
1F
100
AcDbEntity
  8
JIAJU
 62
     8
100
AcDbLine
 10
3608.373793358682
 20
8633.552321493677
 30
0.0
 11
3681.303644793923
 21
8115.525577207888
 31
0.0
  0
LINE
  5
11BD
330
1F
100
AcDbEntity
  8
JIAJU
 62
     8
100
AcDbLine
 10
3827.16334766458
 20
8617.363983601645
 30
0.0
 11
3754.233496229222
 21
8107.431416794154
 31
0.0
  0
LINE
  5
11BE
330
1F
100
AcDbEntity
  8
JIAJU
 62
     8
100
AcDbLine
 10
3924.403149578284
 20
8633.55232149364
 30
0.0
 11
3981.126347318582
 21
8123.61975468613
 31
0.0
  0
LINE
  5
11BF
330
1F
100
AcDbEntity
  8
JIAJU
 62
     8
100
AcDbLine
 10
4280.949049843271
 20
8633.552321493596
 30
0.0
 11
4208.019198407942
 21
8123.619754686101
 31
0.0
  0
LINE
  5
11C0
330
1F
100
AcDbEntity
  8
JIAJU
 62
     8
100
AcDbLine
 10
4627.929510560527
 20
8633.55232149356
 30
0.0
 11
4636.032837407954
 21
8091.243078902051
 31
0.0
  0
LINE
  5
11C1
330
1F
100
AcDbEntity
  8
JIAJU
 62
     8
100
AcDbLine
 10
4522.586411863332
 20
8633.552321493574
 30
0.0
 11
4579.309609603602
 21
8123.619754686057
 31
0.0
  0
LINE
  5
11C2
330
1F
100
AcDbEntity
  8
JIAJU
 62
     8
100
AcDbLine
 10
4029.746248275507
 20
8633.552321493626
 30
0.0
 11
4037.849575122876
 21
8091.243078902117
 31
0.0
  0
LINE
  5
11C3
330
1F
100
AcDbEntity
  8
JIAJU
 62
     8
100
AcDbLine
 10
4208.019198408001
 20
8633.552321493604
 30
0.0
 11
4110.77939649421
 21
8107.431416794112
 31
0.0
  0
LWPOLYLINE
  5
11C4
330
1F
100
AcDbEntity
  8
LVTRY
100
AcDbPolyline
 90
        3
 70
     0
 43
0.0
 10
3131.574893878074
 20
10959.73872966464
 10
3370.620098705899
 20
11109.30041843654
 10
3481.574893878133
 20
11459.73872966463
  0
LWPOLYLINE
  5
11C5
330
1F
100
AcDbEntity
  8
PUB_WALL
100
AcDbPolyline
 90
        3
 70
     0
 43
50.0
 10
3456.574893878074
 20
10959.73872966462
 10
3456.574893878133
 20
11434.73872966462
 10
3131.574893878104
 20
11434.73872966464
  0
LINE
  5
11C6
330
1F
100
AcDbEntity
  8
WALL
100
AcDbLine
 10
3481.574893878133
 20
11459.73872966463
 30
0.0
 11
3131.574893878104
 21
11459.73872966464
 31
0.0
  0
LINE
  5
11C7
330
1F
100
AcDbEntity
  8
WALL
100
AcDbLine
 10
3481.574893878074
 20
10959.73872966462
 30
0.0
 11
3481.574893878133
 21
11459.73872966463
 31
0.0
  0
INSERT
  5
11C8
330
1F
100
AcDbEntity
  8
0
100
AcDbBlockReference
  2
A$C4AEA3397
 10
3595.547113716282
 20
10839.7387832198
 30
0.0
 50
180.0
  0
LINE
  5
11C9
330
1F
100
AcDbEntity
  8
AXIS
100
AcDbLine
 10
199.7929696895589
 20
14199.73872966484
 30
0.0
 11
2200.235974159965
 21
14199.73872966473
 31
0.0
  0
LINE
  5
11CA
330
1F
100
AcDbEntity
  8
WALL
100
AcDbLine
 10
4591.574893878249
 20
14079.73872966457
 30
0.0
 11
4591.574893878249
 21
14319.73872966455
 31
0.0
  0
LINE
  5
11CB
330
1F
100
AcDbEntity
  8
WALL
100
AcDbLine
 10
3591.574893878249
 20
14079.73872966462
 30
0.0
 11
3591.574893878249
 21
14319.7387296646
 31
0.0
  0
INSERT
  5
11CC
330
1F
100
AcDbEntity
  8
WINDOW
100
AcDbBlockReference
 66
     1
  2
_WBLK
 10
4091.574893878249
 20
14199.73872966459
 30
0.0
 41
-1000.0
 42
239.9999999999855
 43
1000.0
 50
359.9999999999968
1001
WTHICK
1040
239.9999999999855
  0
ATTRIB
  5
11CD
330
11CC
100
AcDbEntity
  8
WINDOW_TEXT
100
AcDbText
 10
4091.574893878249
 20
14619.73872966458
 30
0.0
 40
300.0
  1

 50
359.9999999999969
 41
0.8
  7
SIMPLEX
 72
     4
 11
4091.574893878249
 21
14619.73872966458
 31
0.0
100
AcDbAttribute
280
     0
  2
A
 70
     9
280
     0
  0
SEQEND
  5
11CE
330
11CC
100
AcDbEntity
  8
WINDOW
  0
LINE
  5
11CF
330
1F
100
AcDbEntity
  8
WALL
100
AcDbLine
 10
3591.574893878249
 20
14079.73872966462
 30
0.0
 11
3131.574893878249
 21
14079.73872966464
 31
0.0
  0
LINE
  5
11D0
330
1F
100
AcDbEntity
  8
WALL
100
AcDbLine
 10
3591.574893878249
 20
14319.7387296646
 30
0.0
 11
2891.574893878249
 21
14319.73872966463
 31
0.0
  0
LINE
  5
11D1
330
1F
100
AcDbEntity
  8
WALL
100
AcDbLine
 10
14351.57489387753
 20
8059.738729664081
 30
0.0
 11
14351.57489387753
 21
8559.738729664081
 31
0.0
  0
LINE
  5
11D2
330
1F
100
AcDbEntity
  8
WALL
100
AcDbLine
 10
12671.57489387794
 20
8059.738729664124
 30
0.0
 11
12671.57489387794
 21
8559.738729664124
 31
0.0
  0
LINE
  5
11D3
330
1F
100
AcDbEntity
  8
WALL
100
AcDbLine
 10
11171.57489387788
 20
7559.738729664212
 30
0.0
 11
11171.57489387794
 21
8679.738729664212
 31
0.0
  0
LWPOLYLINE
  5
11D4
330
1F
100
AcDbEntity
  8
PUB_WALL
100
AcDbPolyline
 90
       19
 70
     0
 43
50.0
 10
12696.57489387794
 20
8179.738729664132
 10
12696.57489387794
 20
8704.738729664118
 10
11146.57489387794
 20
8704.738729664219
 10
11146.57489387788
 20
7584.738729664206
 10
11076.57489387788
 20
7584.73872966422
 10
11076.57489387788
 20
7684.738729664227
 10
10776.57489387788
 20
7684.738729664227
 10
10776.57489387788
 20
7754.738729664234
 10
11076.57489387788
 20
7754.73872966422
 10
11076.57489387794
 20
8894.738729664219
 10
12116.57489387794
 20
8894.73872966416
 10
12116.57489387794
 20
9014.738729664154
 10
12306.57489387794
 20
9014.738729664154
 10
12306.57489387794
 20
8894.738729664153
 10
12766.57489387794
 20
8894.738729664117
 10
12766.57489387794
 20
8154.738729664117
 10
13416.57489387794
 20
8154.73872966408
 10
13416.57489387794
 20
8894.738729664089
 10
13631.57489387794
 20
8894.738729664082
  0
LINE
  5
11D5
330
1F
100
AcDbEntity
  8
WALL
100
AcDbLine
 10
11051.57489387788
 20
7779.738729664227
 30
0.0
 11
11051.57489387794
 21
8919.738729664219
 31
0.0
  0
INSERT
  5
11D6
330
1F
100
AcDbEntity
  8
WINDOW
100
AcDbBlockReference
 66
     1
  2
_DBLK
 10
9611.574893877929
 20
8229.738729664292
 30
0.0
 41
-900.0
 42
-900.0
 43
900.0
 50
89.99999999999728
1001
WTHICK
1040
240.0
  0
ATTRIB
  5
11D7
330
11D6
100
AcDbEntity
  8
WINDOW_TEXT
100
AcDbText
 10
9191.574893877929
 20
8229.738729664321
 30
0.0
 40
300.0
  1

 50
269.9999999999969
 41
0.8
  7
SIMPLEX
 71
     2
 72
     4
 11
9191.574893877929
 21
8229.738729664321
 31
0.0
100
AcDbAttribute
280
     0
  2
A
 70
     9
280
     0
  0
SEQEND
  5
11D8
330
11D6
100
AcDbEntity
  8
WINDOW
  0
INSERT
  5
11D9
330
1F
100
AcDbEntity
  8
WINDOW
100
AcDbBlockReference
 66
     1
  2
_DBLK
 10
5621.574893877929
 20
8799.738729664516
 30
0.0
 41
-900.0
 42
900.0
 43
900.0
 50
359.9999999999969
1001
WTHICK
1040
239.9999999999927
  0
ATTRIB
  5
11DA
330
11D9
100
AcDbEntity
  8
WINDOW_TEXT
100
AcDbText
 10
5621.574893877959
 20
9219.738729664511
 30
0.0
 40
300.0
  1

 50
359.9999999999969
 41
0.8
  7
SIMPLEX
 72
     4
 11
5621.574893877959
 21
9219.738729664511
 31
0.0
100
AcDbAttribute
280
     0
  2
A
 70
     9
280
     0
  0
SEQEND
  5
11DB
330
11D9
100
AcDbEntity
  8
WINDOW
  0
LINE
  5
11DC
330
1F
100
AcDbEntity
  8
WALL
100
AcDbLine
 10
6191.574893877696
 20
4119.738729664488
 30
0.0
 11
6191.574893877958
 21
8679.738729664482
 31
0.0
  0
LINE
  5
11DD
330
1F
100
AcDbEntity
  8
WALL
100
AcDbLine
 10
6431.574893877696
 20
4119.738729664466
 30
0.0
 11
6431.574893877957
 21
8679.738729664467
 31
0.0
  0
LWPOLYLINE
  5
11DE
330
1F
100
AcDbEntity
  8
PUB_WALL
100
AcDbPolyline
 90
       12
 70
     1
 43
50.0
 10
5436.574893877696
 20
4094.738729664539
 10
5436.574893877696
 20
3904.738729664517
 10
7306.5748938779
 20
3904.73872966443
 10
7306.574893877813
 20
4094.738729664408
 10
6406.574893877724
 20
4094.738729664459
 10
6406.574893877929
 20
8704.738729664475
 10
9706.574893877943
 20
8704.738729664292
 10
9706.574893877943
 20
8894.738729664299
 10
6096.5748938779
 20
8894.73872966448
 10
6096.5748938779
 20
8704.738729664482
 10
6216.574893877929
 20
8704.738729664496
 10
6216.574893877696
 20
4094.738729664487
  0
LINE
  5
11DF
330
1F
100
AcDbEntity
  8
WALL
100
AcDbLine
 10
9851.574893877886
 20
7659.738729664285
 30
0.0
 11
9731.574893877885
 21
7659.738729664292
 31
0.0
  0
LINE
  5
11E0
330
1F
100
AcDbEntity
  8
WALL
100
AcDbLine
 10
9851.574893877886
 20
7779.738729664285
 30
0.0
 11
9731.574893877885
 21
7779.738729664292
 31
0.0
  0
LINE
  5
11E1
330
1F
100
AcDbEntity
  8
WALL
100
AcDbLine
 10
10661.57489387759
 20
2619.73872966424
 30
0.0
 11
9731.574893877594
 21
2619.738729664291
 31
0.0
  0
LINE
  5
11E2
330
1F
100
AcDbEntity
  8
WALL
100
AcDbLine
 10
10661.57489387759
 20
2379.738729664241
 30
0.0
 11
9491.57489387761
 21
2379.738729664302
 31
0.0
  0
DIMENSION
  5
11E3
330
1F
100
AcDbEntity
  8
AXIS
100
AcDbDimension
280
     0
  2
*D58
 10
13511.57489387753
 20
497.598552843941
 30
0.0
 11
11561.57489387754
 21
797.598552843941
 31
0.0
 70
    32
 71
     5
 42
3899.999999999986
 73
     0
 74
     0
 75
     0
  3
AXIS
100
AcDbAlignedDimension
 13
9611.574893877552
 23
1333.44501817807
 33
0.0
 14
13511.57489387753
 24
1333.445018177859
 34
0.0
100
AcDbRotatedDimension
  0
LWPOLYLINE
  5
11E4
330
1F
100
AcDbEntity
  8
FURNETR
100
AcDbPolyline
 90
        4
 70
     1
 43
0.0
 10
10387.54422412887
 20
3805.576924321373
 10
9787.54422412887
 20
3805.576924321409
 10
9787.544224128986
 20
5305.576924321409
 10
10387.54422412898
 20
5305.576924321372
  0
LWPOLYLINE
  5
11E5
330
1F
100
AcDbEntity
  8
PUB_WALL
100
AcDbPolyline
 90
       12
 70
     0
 43
50.0
 10
8831.57489387784
 20
4094.738729664334
 10
9516.574893877667
 20
4094.738729664306
 10
9516.574893877812
 20
7754.738729664307
 10
9826.574893877886
 20
7754.738729664286
 10
9826.574893877886
 20
7684.738729664285
 10
9706.574893877885
 20
7684.738729664307
 10
9706.574893877711
 20
2594.738729664292
 10
10636.57489387759
 20
2594.738729664248
 10
10636.57489387759
 20
2404.738729664248
 10
9516.574893877637
 20
2404.738729664313
 10
9516.574893877725
 20
3904.738729664306
 10
8831.57489387784
 20
3904.738729664335
  0
INSERT
  5
11E6
330
1F
100
AcDbEntity
  8
FURNETR
 48
5.0
100
AcDbBlockReference
  2
A$C7C8A5B6C
 10
9862.572387089299
 20
4290.537519202312
 30
0.0
  0
LINE
  5
11E7
330
1F
100
AcDbEntity
  8
WALL
100
AcDbLine
 10
8831.57489387784
 20
3879.738729664597
 30
0.0
 11
8831.57489387784
 21
4119.738729664597
 31
0.0
  0
LWPOLYLINE
  5
11E8
330
1F
100
AcDbEntity
  8
PUB_WALL
100
AcDbPolyline
 90
        2
 70
     0
 43
50.0
 10
8856.574893877841
 20
3879.738729664597
 10
8856.574893877841
 20
4119.738729664597
  0
LINE
  5
11E9
330
1F
100
AcDbEntity
  8
WALL
100
AcDbLine
 10
7331.574893877841
 20
3879.738729664423
 30
0.0
 11
7331.574893877841
 21
4119.738729664407
 31
0.0
  0
LWPOLYLINE
  5
11EA
330
1F
100
AcDbEntity
  8
WINDOW
100
AcDbPolyline
 90
        4
 70
     1
 43
0.0
 10
8047.568901719001
 20
4019.104766146716
 10
8052.257394039335
 20
4046.540290897835
 10
8820.57292743455
 20
4046.540290897747
 10
8820.467998986512
 20
4015.405559708633
  0
LINE
  5
11EB
330
1F
100
AcDbEntity
  8
WALL
100
AcDbLine
 10
9731.574893877594
 20
2619.738729664291
 30
0.0
 11
9731.574893877711
 21
4119.738729664292
 31
0.0
  0
LINE
  5
11EC
330
1F
100
AcDbEntity
  8
WALL
100
AcDbLine
 10
5411.574893877696
 20
4119.738729664546
 30
0.0
 11
5411.574893877696
 21
3879.738729664546
 31
0.0
  0
LWPOLYLINE
  5
11ED
330
1F
100
AcDbEntity
  8
LVTRY
100
AcDbPolyline
 90
        3
 70
     0
 43
0.0
 10
6391.574893877696
 20
3879.738729664467
 10
6391.574893877609
 20
2579.738729664477
 10
9491.57489387761
 20
2579.738729664303
  0
LWPOLYLINE
  5
11EE
330
1F
100
AcDbEntity
  8
WINDOW
100
AcDbPolyline
 90
        3
 70
     0
 43
0.0
 10
6261.574893877696
 20
3879.738729664481
 10
6261.574893877608
 20
2449.738729664477
 10
9491.57489387761
 20
2449.738729664302
  0
LWPOLYLINE
  5
11EF
330
1F
100
AcDbEntity
  8
WINDOW
100
AcDbPolyline
 90
        3
 70
     0
 43
0.0
 10
6321.574893877696
 20
3879.738729664474
 10
6321.574893877609
 20
2509.738729664473
 10
9491.57489387761
 20
2509.738729664303
  0
LWPOLYLINE
  5
11F0
330
1F
100
AcDbEntity
  8
LVTRY
100
AcDbPolyline
 90
        4
 70
     0
 43
0.0
 10
6191.574893877696
 20
3879.738729664481
 10
6191.574893877609
 20
2499.738729664481
 10
6191.574893877609
 20
2379.738729664481
 10
9491.57489387761
 20
2379.738729664302
  0
LINE
  5
11F1
330
1F
100
AcDbEntity
  8
WALL
100
AcDbLine
 10
7331.574893877841
 20
3879.738729664423
 30
0.0
 11
5411.574893877696
 21
3879.738729664524
 31
0.0
  0
DIMENSION
  5
11F2
330
1F
100
AcDbEntity
  8
AXIS
100
AcDbDimension
280
     0
  2
*D59
 10
9611.574893877552
 20
497.5985528441519
 30
0.0
 11
7961.574893877551
 21
797.598552844152
 31
0.0
 70
    33
 71
     5
 42
3300.0
 73
     0
 74
     0
 75
     0
  3
AXIS
100
AcDbAlignedDimension
 13
6311.57489387755
 23
1333.445018178244
 33
0.0
 14
9611.574893877552
 24
1333.44501817807
 34
0.0
  0
LINE
  5
11F3
330
1F
100
AcDbEntity
  8
AXIS
100
AcDbLine
 10
6311.574893877492
 20
165.8973716479518
 30
0.0
 11
6311.57489387755
 21
1333.445018178244
 31
0.0
  0
LINE
  5
11F4
330
1F
100
AcDbEntity
  8
WINDOW
100
AcDbLine
 10
5411.574893877666
 20
3467.047595006224
 30
0.0
 11
5411.574893877725
 21
3879.738729664546
 31
0.0
  0
LINE
  5
11F5
330
1F
100
AcDbEntity
  8
WINDOW
100
AcDbLine
 10
5476.766037546855
 20
3423.586832560082
 30
0.0
 11
5476.766037546884
 21
3879.738729664539
 31
0.0
  0
LINE
  5
11F6
330
1F
100
AcDbEntity
  8
WINDOW
100
AcDbLine
 10
5541.957181216043
 20
3380.126070113976
 30
0.0
 11
5541.957181216072
 21
3879.738729664539
 31
0.0
  0
INSERT
  5
11F7
330
1F
100
AcDbEntity
  8
BATH
  6
DASH
100
AcDbBlockReference
 66
     1
  2
_C11UFW
 10
6616.574893877667
 20
3229.738729664459
 30
0.0
 41
-1.0
 50
270.0
  0
ATTRIB
  5
11F8
330
11F7
100
AcDbEntity
  8
0
100
AcDbText
 10
6617.074893877667
 20
3229.738729664459
 30
0.0
 40
0.5
  1
500
 50
89.99999999999692
 41
0.7999999999883585
 51
-180.0
  7
DIM_FONT
100
AcDbAttribute
280
     0
  2
XSIZE
 70
     9
280
     0
  0
ATTRIB
  5
11F9
330
11F7
100
AcDbEntity
  8
0
100
AcDbText
 10
6617.074893877667
 20
3229.738729664459
 30
0.0
 40
0.5
  1
0
 50
89.99999999999692
 41
0.7999999999883585
 51
-180.0
  7
DIM_FONT
100
AcDbAttribute
280
     0
  2
YSIZE
 70
     9
280
     0
  0
SEQEND
  5
11FA
330
11F7
100
AcDbEntity
  8
BATH
  0
LINE
  5
11FB
330
1F
100
AcDbEntity
  8
AXIS
100
AcDbLine
 10
9611.574893877493
 20
165.8973716477771
 30
0.0
 11
9611.574893877552
 21
1333.44501817807
 31
0.0
  0
LWPOLYLINE
  5
11FC
330
1F
100
AcDbEntity
  8
WINDOW
100
AcDbPolyline
 90
        4
 70
     1
 43
0.0
 10
7339.855104425893
 20
3947.475558747501
 10
7344.543596746254
 20
3974.911083498628
 10
8116.859130141442
 20
3974.91108349854
 10
8116.754201693401
 20
3943.776352309433
  0
INSERT
  5
11FD
330
1F
100
AcDbEntity
  8
WALL
100
AcDbBlockReference
 66
     1
  2
A$C4A404C99
 10
8716.256684848952
 20
2934.949435219328
 30
0.0
  0
ATTRIB
  5
11FE
330
11FD
100
AcDbEntity
  8
8
 62
     8
100
AcDbText
 10
9422.09193003323
 20
3279.949409206667
 30
0.0
 40
0.5
  1
690
 50
89.99999999999692
 41
0.8000000000465661
 51
0.0000000000000127
 71
     4
100
AcDbAttribute
280
     0
  2
XSIZE
 70
     9
280
     0
  0
ATTRIB
  5
11FF
330
11FD
100
AcDbEntity
  8
8
 62
     8
100
AcDbText
 10
9422.09193003323
 20
3279.949409206667
 30
0.0
 40
0.5
  1
705
 50
89.99999999999692
 41
0.8000000000465661
 51
0.0000000000000127
 71
     4
100
AcDbAttribute
280
     0
  2
YSIZE
 70
     9
280
     0
  0
SEQEND
  5
1200
330
11FD
100
AcDbEntity
  8
WALL
  0
LINE
  5
1201
330
1F
100
AcDbEntity
  8
WALL
100
AcDbLine
 10
9491.57489387761
 20
2379.738729664302
 30
0.0
 11
9491.574893877695
 21
3879.738729664306
 31
0.0
  0
LINE
  5
1202
330
1F
100
AcDbEntity
  8
WALL
100
AcDbLine
 10
9491.574893877695
 20
3879.738729664306
 30
0.0
 11
8831.57489387784
 21
3879.738729664335
 31
0.0
  0
INSERT
  5
1203
330
1F
100
AcDbEntity
  8
FURNETR
 48
5.0
100
AcDbBlockReference
  2
A$C0B1B081E
 10
8451.574975413038
 20
5673.188802323675
 30
0.0
 41
-1.0
  0
LINE
  5
1204
330
1F
100
AcDbEntity
  8
WALL
100
AcDbLine
 10
7331.574893877841
 20
4119.738729664407
 30
0.0
 11
6431.574893877696
 21
4119.738729664459
 31
0.0
  0
CIRCLE
  5
1205
330
1F
100
AcDbEntity
  8
FURNETR
 48
5.0
100
AcDbCircle
 10
7213.956070035144
 20
4660.951006667637
 30
0.0
 40
150.0
  0
LINE
  5
1206
330
1F
100
AcDbEntity
  8
WALL
100
AcDbLine
 10
6191.574893877696
 20
4119.738729664488
 30
0.0
 11
5411.574893877696
 21
4119.738729664546
 31
0.0
  0
LWPOLYLINE
  5
1207
330
1F
100
AcDbEntity
  8
FURNETR
100
AcDbPolyline
 90
        4
 70
     1
 43
0.0
 10
6451.5748938779
 20
4141.509343270627
 10
6951.5748938779
 20
4141.509343270569
 10
6951.574893878016
 20
5241.509343270569
 10
6451.574893878016
 20
5241.509343270627
  0
INSERT
  5
1208
330
1F
100
AcDbEntity
  8
FURNETR
 48
5.0
100
AcDbBlockReference
  2
A$C49232555
 10
6451.574857833941
 20
5313.188864252006
 30
0.0
 41
0.8000000000029103
 42
0.8000000000029103
  0
INSERT
  5
1209
330
1F
100
AcDbEntity
  8
FURNETR
 48
5.0
100
AcDbBlockReference
  2
A$C49232555
 10
6451.574857834144
 20
7173.188864252006
 30
0.0
 41
0.8000000000029103
 42
0.8000000000029103
  0
LINE
  5
120A
330
1F
100
AcDbEntity
  8
WALL
100
AcDbLine
 10
9731.574893877711
 20
4119.738729664292
 30
0.0
 11
9731.574893877885
 21
7659.738729664292
 31
0.0
  0
LINE
  5
120B
330
1F
100
AcDbEntity
  8
WALL
100
AcDbLine
 10
9491.574893877695
 20
4119.738729664306
 30
0.0
 11
9491.574893877901
 21
7779.738729664306
 31
0.0
  0
LINE
  5
120C
330
1F
100
AcDbEntity
  8
LVTRY
100
AcDbLine
 10
7331.574893877841
 20
4119.738729664757
 30
0.0
 11
8831.57489387784
 21
4119.738729664597
 31
0.0
  0
LINE
  5
120D
330
1F
100
AcDbEntity
  8
WALL
100
AcDbLine
 10
9491.574893877695
 20
4119.738729664306
 30
0.0
 11
8831.57489387784
 21
4119.738729664335
 31
0.0
  0
LINE
  5
120E
330
1F
100
AcDbEntity
  8
WALL
100
AcDbLine
 10
9491.574893877901
 20
7779.738729664306
 30
0.0
 11
9731.574893877885
 21
7779.738729664292
 31
0.0
  0
INSERT
  5
120F
330
1F
100
AcDbEntity
  8
FURNETR
 48
5.0
100
AcDbBlockReference
  2
A$C0B1B081E
 10
11344.26429882021
 20
3805.57687675509
 30
0.0
  0
LINE
  5
1210
330
1F
100
AcDbEntity
  8
WALL
100
AcDbLine
 10
13391.57489387782
 20
6639.738729664095
 30
0.0
 11
13391.57489387759
 21
2619.738729664095
 31
0.0
  0
LINE
  5
1211
330
1F
100
AcDbEntity
  8
WALL
100
AcDbLine
 10
13631.57489387753
 20
6639.738729664088
 30
0.0
 11
13631.57489387753
 21
2619.738729664088
 31
0.0
  0
LINE
  5
1212
330
1F
100
AcDbEntity
  8
WINDOW
100
AcDbLine
 10
10661.57489387759
 20
2619.73872966424
 30
0.0
 11
12461.57489387759
 21
2619.738729664146
 31
0.0
  0
LINE
  5
1213
330
1F
100
AcDbEntity
  8
WINDOW
100
AcDbLine
 10
10596.38375020835
 20
1923.586832559787
 30
0.0
 11
12526.76603754678
 21
1923.586832559681
 31
0.0
  0
LINE
  5
1214
330
1F
100
AcDbEntity
  8
WINDOW
100
AcDbLine
 10
10531.19260653916
 20
1880.126070113685
 30
0.0
 11
12591.95718121597
 21
1880.126070113576
 31
0.0
  0
LINE
  5
1215
330
1F
100
AcDbEntity
  8
WINDOW
100
AcDbLine
 10
10661.57489387753
 20
1967.047595005918
 30
0.0
 11
12461.57489387759
 21
1967.047595005824
 31
0.0
  0
CIRCLE
  5
1216
330
1F
100
AcDbEntity
  8
FURNETR
 48
5.0
100
AcDbCircle
 10
12581.88320419796
 20
3058.193822474735
 30
0.0
 40
150.0
  0
LINE
  5
1217
330
1F
100
AcDbEntity
  8
WINDOW
100
AcDbLine
 10
10531.19260653922
 20
2379.738729664248
 30
0.0
 11
10531.19260653916
 21
1880.126070113685
 31
0.0
  0
LINE
  5
1218
330
1F
100
AcDbEntity
  8
WINDOW
100
AcDbLine
 10
10661.57489387759
 20
2379.738729664241
 30
0.0
 11
10661.57489387753
 21
1967.047595005918
 31
0.0
  0
LINE
  5
1219
330
1F
100
AcDbEntity
  8
WINDOW
100
AcDbLine
 10
10596.3837502084
 20
2379.738729664244
 30
0.0
 11
10596.38375020835
 21
1923.586832559787
 31
0.0
  0
LINE
  5
121A
330
1F
100
AcDbEntity
  8
WALL
100
AcDbLine
 10
10661.57489387759
 20
2619.73872966424
 30
0.0
 11
10661.57489387759
 21
2379.738729664241
 31
0.0
  0
INSERT
  5
121B
330
1F
100
AcDbEntity
  8
BATH
  6
DASH
100
AcDbBlockReference
 66
     1
  2
_C11UFW
 10
-11572.64326733582
 20
2310.60329466014
 30
0.0
 43
-1.0
 50
180.0
210
0.0
220
0.0
230
-1.0
  0
ATTRIB
  5
121C
330
121B
100
AcDbEntity
  8
0
100
AcDbText
 10
11573.67183876438
 20
2310.60329466014
 30
0.0
 40
0.5
  1
500
 50
359.9999999999969
 41
0.7999999999883585
  7
DIM_FONT
 71
     6
100
AcDbAttribute
280
     0
  2
XSIZE
 70
     9
280
     0
  0
ATTRIB
  5
121D
330
121B
100
AcDbEntity
  8
0
100
AcDbText
 10
11572.90993400248
 20
2310.60329466014
 30
0.0
 40
0.5
  1
0
 50
359.9999999999969
 41
0.7999999999883585
  7
DIM_FONT
 71
     6
100
AcDbAttribute
280
     0
  2
YSIZE
 70
     9
280
     0
  0
SEQEND
  5
121E
330
121B
100
AcDbEntity
  8
BATH
  0
LINE
  5
121F
330
1F
100
AcDbEntity
  8
WINDOW
100
AcDbLine
 10
14431.19260653916
 20
1880.126070113525
 30
0.0
 11
14431.19260653916
 21
2379.738729664088
 31
0.0
  0
LINE
  5
1220
330
1F
100
AcDbEntity
  8
WINDOW
100
AcDbLine
 10
14496.38375020835
 20
1923.586832559631
 30
0.0
 11
14496.38375020835
 21
2379.738729664088
 31
0.0
  0
LINE
  5
1221
330
1F
100
AcDbEntity
  8
WINDOW
100
AcDbLine
 10
14561.57489387753
 20
1967.047595005766
 30
0.0
 11
14561.57489387753
 21
2379.738729664088
 31
0.0
  0
LINE
  5
1222
330
1F
100
AcDbEntity
  8
WINDOW
100
AcDbLine
 10
12526.76603754678
 20
1923.586832559681
 30
0.0
 11
12526.76603754678
 21
2379.738729664139
 31
0.0
  0
LINE
  5
1223
330
1F
100
AcDbEntity
  8
WINDOW
100
AcDbLine
 10
12461.57489387759
 20
1967.047595005824
 30
0.0
 11
12461.57489387765
 21
2379.738729664146
 31
0.0
  0
LINE
  5
1224
330
1F
100
AcDbEntity
  8
WINDOW
100
AcDbLine
 10
12591.95718121597
 20
1880.126070113576
 30
0.0
 11
12591.95718121597
 21
2379.738729664139
 31
0.0
  0
LINE
  5
1225
330
1F
100
AcDbEntity
  8
AXIS
100
AcDbLine
 10
13511.57489387753
 20
165.8973716475661
 30
0.0
 11
13511.57489387753
 21
1333.445018177859
 31
0.0
  0
LINE
  5
1226
330
1F
100
AcDbEntity
  8
AXIS
100
AcDbLine
 10
13511.57489387748
 20
165.8973716475661
 30
0.0
 11
13511.57489387753
 21
1333.445018177859
 31
0.0
  0
LINE
  5
1227
330
1F
100
AcDbEntity
  8
WALL
100
AcDbLine
 10
13631.57489387753
 20
2619.738729664088
 30
0.0
 11
14561.57489387753
 21
2619.738729664088
 31
0.0
  0
LINE
  5
1228
330
1F
100
AcDbEntity
  8
WALL
100
AcDbLine
 10
13511.57489387753
 20
2379.738729664088
 30
0.0
 11
14561.57489387753
 21
2379.738729664088
 31
0.0
  0
LWPOLYLINE
  5
1229
330
1F
100
AcDbEntity
  8
FURNETR
100
AcDbPolyline
 90
        4
 70
     1
 43
0.0
 10
13344.26438035512
 20
2673.8974177017
 10
12844.26438035512
 20
2673.897417701729
 10
12844.26438035517
 20
3373.89741770173
 10
13344.26438035517
 20
3373.897417701701
  0
LINE
  5
122A
330
1F
100
AcDbEntity
  8
WALL
100
AcDbLine
 10
13391.57489387759
 20
2619.738729664095
 30
0.0
 11
12461.57489387759
 21
2619.738729664146
 31
0.0
  0
LINE
  5
122B
330
1F
100
AcDbEntity
  8
WALL
100
AcDbLine
 10
13511.57489387759
 20
2379.738729664088
 30
0.0
 11
12461.57489387759
 21
2379.738729664146
 31
0.0
  0
LINE
  5
122C
330
1F
100
AcDbEntity
  8
WALL
100
AcDbLine
 10
12461.57489387759
 20
2619.738729664146
 30
0.0
 11
12461.57489387759
 21
2379.738729664146
 31
0.0
  0
INSERT
  5
122D
330
1F
100
AcDbEntity
  8
FURNETR
 48
5.0
100
AcDbBlockReference
  2
A$C49232555
 10
13344.26441639922
 20
3445.57693868308
 30
0.0
 41
-0.8000000000029103
 42
0.8000000000029103
  0
LINE
  5
122E
330
1F
100
AcDbEntity
  8
WALL
100
AcDbLine
 10
14561.57489387753
 20
2619.738729664088
 30
0.0
 11
14561.57489387753
 21
2379.738729664088
 31
0.0
  0
INSERT
  5
122F
330
1F
100
AcDbEntity
  8
0
100
AcDbBlockReference
  2
A$C763B1DAD
 10
13391.57483079946
 20
6639.738738322383
 30
0.0
 50
180.0
  0
LINE
  5
1230
330
1F
100
AcDbEntity
  8
WALL
100
AcDbLine
 10
13391.57489387782
 20
6759.738729664096
 30
0.0
 11
11051.57489387782
 21
6759.73872966422
 31
0.0
  0
LINE
  5
1231
330
1F
100
AcDbEntity
  8
WALL
100
AcDbLine
 10
13391.57489387782
 20
6639.738729664095
 30
0.0
 11
11051.57489387782
 21
6639.73872966422
 31
0.0
  0
INSERT
  5
1232
330
1F
100
AcDbEntity
  8
LVTRY
 48
5.0
100
AcDbBlockReference
  2
A$C05DF5B67
 10
12463.67157630923
 20
7227.802479169106
 30
0.0
 50
180.0
  0
LINE
  5
1233
330
1F
100
AcDbEntity
  8
WALL
100
AcDbLine
 10
11171.57489387788
 20
7559.738729664212
 30
0.0
 11
11051.57489387788
 21
7559.73872966422
 31
0.0
  0
LINE
  5
1234
330
1F
100
AcDbEntity
  8
WALL
100
AcDbLine
 10
11171.57489387782
 20
6759.738729664213
 30
0.0
 11
11051.57489387782
 21
6759.73872966422
 31
0.0
  0
LWPOLYLINE
  5
1235
330
1F
100
AcDbEntity
  8
PUB_WALL
100
AcDbPolyline
 90
        2
 70
     0
 43
50.0
 10
11171.57489387782
 20
6734.738729664212
 10
11051.57489387782
 20
6734.738729664219
  0
INSERT
  5
1236
330
1F
100
AcDbEntity
  8
WINDOW
100
AcDbBlockReference
 66
     1
  2
_DBLK
 10
11111.57489387788
 20
7159.738729664219
 30
0.0
 41
-800.0
 42
800.0
 43
800.0
 50
89.99999999999689
1001
WTHICK
1040
240.0
  0
ATTRIB
  5
1237
330
1236
100
AcDbEntity
  8
WINDOW_TEXT
100
AcDbText
 10
10691.57489387788
 20
7159.738729664233
 30
0.0
 40
300.0
  1

 50
89.99999999999692
 41
0.8
 51
0.0000000000000127
  7
SIMPLEX
 72
     4
 11
10691.57489387788
 21
7159.738729664233
 31
0.0
100
AcDbAttribute
280
     0
  2
A
 70
     9
280
     0
  0
SEQEND
  5
1238
330
1236
100
AcDbEntity
  8
WINDOW
  0
INSERT
  5
1239
330
1F
100
AcDbEntity
  8
WINDOW
100
AcDbBlockReference
 66
     1
  2
_DBLK
 10
10301.57489387788
 20
7719.738729664263
 30
0.0
 41
-900.0
 42
-900.0
 43
900.0
 50
179.9999999999969
1001
WTHICK
1040
240.0
  0
ATTRIB
  5
123A
330
1239
100
AcDbEntity
  8
WINDOW_TEXT
100
AcDbText
 10
10301.57489387788
 20
7299.738729664262
 30
0.0
 40
300.0
  1

 50
359.9999999999969
 41
0.8
  7
SIMPLEX
 71
     2
 72
     4
 11
10301.57489387788
 21
7299.738729664262
 31
0.0
100
AcDbAttribute
280
     0
  2
A
 70
     9
280
     0
  0
SEQEND
  5
123B
330
1239
100
AcDbEntity
  8
WINDOW
  0
LINE
  5
123C
330
1F
100
AcDbEntity
  8
LVTRY
100
AcDbLine
 10
11051.57489387788
 20
7559.73872966422
 30
0.0
 11
11051.57489387782
 21
6759.73872966422
 31
0.0
  0
LINE
  5
123D
330
1F
100
AcDbEntity
  8
WALL
100
AcDbLine
 10
11051.57489387782
 20
6759.73872966422
 30
0.0
 11
11051.57489387782
 21
6639.73872966422
 31
0.0
  0
LINE
  5
123E
330
1F
100
AcDbEntity
  8
WALL
100
AcDbLine
 10
9851.574893877886
 20
7659.738729664285
 30
0.0
 11
9851.574893877886
 21
7779.738729664285
 31
0.0
  0
LINE
  5
123F
330
1F
100
AcDbEntity
  8
WALL
100
AcDbLine
 10
11051.57489387788
 20
7659.738729664226
 30
0.0
 11
10751.57489387788
 21
7659.738729664233
 31
0.0
  0
LINE
  5
1240
330
1F
100
AcDbEntity
  8
WALL
100
AcDbLine
 10
11051.57489387788
 20
7779.738729664227
 30
0.0
 11
10751.57489387788
 21
7779.738729664234
 31
0.0
  0
LINE
  5
1241
330
1F
100
AcDbEntity
  8
WALL
100
AcDbLine
 10
10751.57489387788
 20
7659.738729664233
 30
0.0
 11
10751.57489387788
 21
7779.738729664234
 31
0.0
  0
LINE
  5
1242
330
1F
100
AcDbEntity
  8
WALL
100
AcDbLine
 10
11051.57489387788
 20
7559.73872966422
 30
0.0
 11
11051.57489387788
 21
7659.738729664226
 31
0.0
  0
INSERT
  5
1243
330
1F
100
AcDbEntity
  8
FURNETR
 48
5.0
100
AcDbBlockReference
  2
A$C49232555
 10
13344.2644163994
 20
5305.57693868308
 30
0.0
 41
-0.8000000000029103
 42
0.8000000000029103
  0
LINE
  5
1244
330
1F
100
AcDbEntity
  8
WALL
100
AcDbLine
 10
13631.57489387753
 20
8059.738729664081
 30
0.0
 11
14351.57489387753
 21
8059.738729664081
 31
0.0
  0
INSERT
  5
1245
330
1F
100
AcDbEntity
  8
LVTRY
 48
5.0
100
AcDbBlockReference
 66
     1
  2
A$C7E780FB7
 10
13219.1700837066
 20
6758.287975607259
 30
0.0
 50
90.0
  0
ATTRIB
  5
1246
330
1245
100
AcDbEntity
  8
0
100
AcDbText
 10
12977.92005261306
 20
6759.738729664132
 30
0.0
 40
0.5
  1
480
 50
89.99999999999692
 41
0.8000000000029103
 71
     6
100
AcDbAttribute
280
     0
  2
YSIZE
 70
     9
280
     0
  0
ATTRIB
  5
1247
330
1245
100
AcDbEntity
  8
0
100
AcDbText
 10
12977.92005261306
 20
6759.738729664132
 30
0.0
 40
0.5
  1
720
 50
89.99999999999692
 41
0.8000000000029103
 71
     6
100
AcDbAttribute
280
     0
  2
XSIZE
 70
     9
280
     0
  0
SEQEND
  5
1248
330
1245
100
AcDbEntity
  8
WALL
 48
5.0
  0
LINE
  5
1249
330
1F
100
AcDbEntity
  8
WALL
100
AcDbLine
 10
13391.57489387782
 20
6759.738729664096
 30
0.0
 11
13391.57489387794
 21
8059.738729664081
 31
0.0
  0
LINE
  5
124A
330
1F
100
AcDbEntity
  8
WALL
100
AcDbLine
 10
13631.57489387753
 20
6759.738729664089
 30
0.0
 11
13631.57489387753
 21
8059.738729664074
 31
0.0
  0
LINE
  5
124B
330
1F
100
AcDbEntity
  8
WALL
100
AcDbLine
 10
13391.57489387788
 20
8059.738729664088
 30
0.0
 11
12671.57489387794
 21
8059.738729664124
 31
0.0
  0
INSERT
  5
124C
330
1F
100
AcDbEntity
  8
LVTRY
 48
5.0
100
AcDbBlockReference
 66
     1
  2
A$C7E780FB7
 10
13803.97970404882
 20
6758.287975607243
 30
0.0
 41
-1.0
 50
270.0
  0
ATTRIB
  5
124D
330
124C
100
AcDbEntity
  8
0
100
AcDbText
 10
14044.7297351423
 20
6759.738729664103
 30
0.0
 40
0.5
  1
480
 50
90.0
 41
0.8000000000029103
 71
     6
100
AcDbAttribute
280
     0
  2
YSIZE
 70
     9
280
     0
  0
ATTRIB
  5
124E
330
124C
100
AcDbEntity
  8
0
100
AcDbText
 10
14044.7297351423
 20
6759.738729664103
 30
0.0
 40
0.5
  1
720
 50
90.0
 41
0.8000000000029103
 71
     6
100
AcDbAttribute
280
     0
  2
XSIZE
 70
     9
280
     0
  0
SEQEND
  5
124F
330
124C
100
AcDbEntity
  8
WALL
 48
5.0
  0
MTEXT
  5
1250
330
1F
100
AcDbEntity
  8
PUB_TEXT
 48
5.0
100
AcDbMText
 10
14946.37251959029
 20
7841.965911275103
 30
0.0
 40
300.0
 41
1336.4886
 46
0.0
 71
     3
 72
     5
  1
\fTxt|b0|i0|c134|p2;3.82m
 73
     1
 44
1.0
  0
MTEXT
  5
1251
330
1F
100
AcDbEntity
  8
PUB_TEXT
 48
5.0
100
AcDbMText
 10
15012.20486696237
 20
7832.627211859224
 30
0.0
 40
100.0
 41
1336.4886
 46
0.0
 71
     3
 72
     5
  1
\fTxt|b0|i0|c134|p2;2
 73
     1
 44
1.0
  0
LWPOLYLINE
  5
1252
330
1F
100
AcDbEntity
  8
WINDOW
100
AcDbPolyline
 90
        4
 70
     1
 43
0.0
 10
9777.568901719394
 20
14219.10476614631
 10
9782.257394039756
 20
14246.54029089742
 10
10700.57292743497
 20
14246.54029089737
 10
10700.46799898693
 20
14215.40555970825
  0
LINE
  5
1253
330
1F
100
AcDbEntity
  8
LVTRY
100
AcDbLine
 10
8911.574893878249
 20
14319.73872966432
 30
0.0
 11
10711.57489387823
 21
14319.73872966422
 31
0.0
  0
LWPOLYLINE
  5
1254
330
1F
100
AcDbEntity
  8
LVTRY
100
AcDbPolyline
 90
        4
 70
     0
 43
0.0
 10
8091.574893878249
 20
14319.73872966438
 10
8091.574893878307
 20
15619.73872966438
 10
12131.57489387835
 20
15619.73872966416
 10
12131.57489387823
 20
14319.73872966416
  0
LWPOLYLINE
  5
1255
330
1F
100
AcDbEntity
  8
LVTRY
100
AcDbPolyline
 90
        4
 70
     0
 43
0.0
 10
7891.574893878249
 20
14319.73872966439
 10
7891.574893878336
 20
15819.73872966439
 10
12331.57489387835
 20
15819.73872966415
 10
12331.57489387823
 20
14319.73872966414
  0
LWPOLYLINE
  5
1256
330
1F
100
AcDbEntity
  8
WINDOW
100
AcDbPolyline
 90
        4
 70
     0
 43
0.0
 10
8021.57489387825
 20
14319.73872966438
 10
8021.574893878307
 20
15689.73872966438
 10
12201.57489387835
 20
15689.73872966416
 10
12201.57489387823
 20
14319.73872966416
  0
LWPOLYLINE
  5
1257
330
1F
100
AcDbEntity
  8
WINDOW
100
AcDbPolyline
 90
        4
 70
     0
 43
0.0
 10
7961.574893878249
 20
14319.73872966438
 10
7961.574893878307
 20
15749.73872966438
 10
12261.57489387829
 20
15749.73872966415
 10
12261.57489387823
 20
14319.73872966415
  0
LWPOLYLINE
  5
1258
330
1F
100
AcDbEntity
  8
WINDOW
100
AcDbPolyline
 90
        4
 70
     1
 43
0.0
 10
8919.8551044263
 20
14147.47555874706
 10
8924.543596746662
 20
14174.91108349817
 10
9846.859130141835
 20
14174.91108349812
 10
9846.754201693796
 20
14143.77635230902
  0
INSERT
  5
1259
330
1F
100
AcDbEntity
  8
FURNETR
 48
5.0
100
AcDbBlockReference
  2
A$C7A12193D
 10
7064.381532432076
 20
11878.50174449917
 30
0.0
 41
-1.199999999997089
 42
1.200000000000727
 43
1.199999999999999
  0
LWPOLYLINE
  5
125A
330
1F
100
AcDbEntity
  8
WINDOW
100
AcDbPolyline
 90
        4
 70
     1
 43
0.0
 10
5163.838064795011
 20
11784.89406325025
 10
5136.402540043899
 20
11789.58255557062
 10
5136.402540043985
 20
12548.96280300583
 10
5167.537271233101
 20
12548.85787455779
  0
INSERT
  5
125B
330
1F
100
AcDbEntity
  8
FURNETR
 48
5.0
100
AcDbBlockReference
  2
A$C7A12193D
 10
7800.34902191619
 20
11878.50174449914
 30
0.0
 41
-1.199999999997089
 42
1.200000000000727
 43
1.199999999999999
  0
INSERT
  5
125C
330
1F
100
AcDbEntity
  8
FURNETR
100
AcDbBlockReference
  2
A$C34093B97
 10
-8131.575159627013
 20
13956.60179805515
 30
0.0
 41
0.8000000000029103
 42
0.7999999999992724
 43
-0.8
 50
180.0
210
0.0
220
0.0
230
-1.0
  0
LINE
  5
125D
330
1F
100
AcDbEntity
  8
WALL
100
AcDbLine
 10
8131.574893878045
 20
10419.73872966438
 30
0.0
 11
8131.57489387825
 21
14079.73872966438
 31
0.0
  0
LINE
  5
125E
330
1F
100
AcDbEntity
  8
WALL
100
AcDbLine
 10
7891.574893878017
 20
10419.73872966439
 30
0.0
 11
7891.574893878249
 21
14079.73872966439
 31
0.0
  0
LWPOLYLINE
  5
125F
330
1F
100
AcDbEntity
  8
PUB_WALL
100
AcDbPolyline
 90
        8
 70
     1
 43
50.0
 10
8106.574893878017
 20
10444.73872966437
 10
8106.574893878221
 20
14104.73872966437
 10
8886.57489387822
 20
14104.73872966433
 10
8886.574893878249
 20
14294.73872966433
 10
7306.574893878249
 20
14294.73872966441
 10
7306.574893878249
 20
14104.73872966443
 10
7916.574893878278
 20
14104.73872966439
 10
7916.574893878046
 20
10444.73872966439
  0
LINE
  5
1260
330
1F
100
AcDbEntity
  8
WALL
100
AcDbLine
 10
9731.574893877944
 20
8919.738729664292
 30
0.0
 11
6071.574893877929
 21
8919.738729664489
 31
0.0
  0
LINE
  5
1261
330
1F
100
AcDbEntity
  8
JIAJU
 62
     8
100
AcDbLine
 10
6431.574893877929
 20
8083.148918488332
 30
0.0
 11
8318.705425866298
 21
8083.148918488099
 31
0.0
  0
LINE
  5
1262
330
1F
100
AcDbEntity
  8
JIAJU
 62
     8
100
AcDbLine
 10
6431.574893877957
 20
8398.821464720946
 30
0.0
 11
8318.705425866356
 21
8398.821464720713
 31
0.0
  0
LINE
  5
1263
330
1F
100
AcDbEntity
  8
WALL
100
AcDbLine
 10
9491.574893877958
 20
8679.738729664306
 30
0.0
 11
6431.574893877957
 21
8679.738729664467
 31
0.0
  0
LINE
  5
1264
330
1F
100
AcDbEntity
  8
JIAJU
 62
     8
100
AcDbLine
 10
7224.403149578283
 20
8633.552321493459
 30
0.0
 11
7281.126347318583
 21
8123.619754685947
 31
0.0
  0
LINE
  5
1265
330
1F
100
AcDbEntity
  8
LVTRY
100
AcDbLine
 10
5171.574893878016
 20
10249.73872966454
 30
0.0
 11
5171.574893877988
 21
9449.73872966454
 31
0.0
  0
LINE
  5
1266
330
1F
100
AcDbEntity
  8
WALL
100
AcDbLine
 10
5051.574893877987
 20
9449.73872966454
 30
0.0
 11
5051.574893877958
 21
8919.738729664539
 31
0.0
  0
LINE
  5
1267
330
1F
100
AcDbEntity
  8
WALL
100
AcDbLine
 10
5171.574893877958
 20
8919.738729664539
 30
0.0
 11
5171.574893877988
 21
9449.73872966454
 31
0.0
  0
LINE
  5
1268
330
1F
100
AcDbEntity
  8
JIAJU
 62
     8
100
AcDbLine
 10
4879.13231212832
 20
8633.55232149353
 30
0.0
 11
4806.202460692962
 21
8123.619754686028
 31
0.0
  0
LINE
  5
1269
330
1F
100
AcDbEntity
  8
JIAJU
 62
     8
100
AcDbLine
 10
4806.202460693021
 20
8633.55232149353
 30
0.0
 11
4708.96265877923
 21
8107.431416794041
 31
0.0
  0
LINE
  5
126A
330
1F
100
AcDbEntity
  8
JIAJU
 62
     8
100
AcDbLine
 10
5018.705425866385
 20
8679.738729664874
 30
0.0
 11
5018.705425866297
 21
8083.148918488275
 31
0.0
  0
LINE
  5
126B
330
1F
100
AcDbEntity
  8
WALL
100
AcDbLine
 10
5171.5748938779
 20
8679.73872966454
 30
0.0
 11
5171.574893877929
 21
8919.738729664539
 31
0.0
  0
LINE
  5
126C
330
1F
100
AcDbEntity
  8
WALL
100
AcDbLine
 10
5171.574893877988
 20
9449.73872966454
 30
0.0
 11
5051.574893877987
 21
9449.73872966454
 31
0.0
  0
LINE
  5
126D
330
1F
100
AcDbEntity
  8
JIAJU
 62
     8
100
AcDbLine
 10
6576.137843572126
 20
8625.458161079812
 30
0.0
 11
6624.757744528935
 21
8123.619754686028
 31
0.0
  0
LINE
  5
126E
330
1F
100
AcDbEntity
  8
JIAJU
 62
     8
100
AcDbLine
 10
6462.691418027446
 20
8625.458161079826
 30
0.0
 11
6503.207992136769
 21
8115.525577207758
 31
0.0
  0
LINE
  5
126F
330
1F
100
AcDbEntity
  8
WALL
100
AcDbLine
 10
6191.574893877929
 20
8679.738729664489
 30
0.0
 11
6071.5748938779
 21
8679.738729664496
 31
0.0
  0
LINE
  5
1270
330
1F
100
AcDbEntity
  8
WALL
100
AcDbLine
 10
6071.5748938779
 20
8679.738729664496
 30
0.0
 11
6071.574893877929
 21
8919.738729664489
 31
0.0
  0
LINE
  5
1271
330
1F
100
AcDbEntity
  8
JIAJU
 62
     8
100
AcDbLine
 10
6908.373793358681
 20
8633.552321493501
 30
0.0
 11
6981.303644793922
 21
8115.525577207707
 31
0.0
  0
LINE
  5
1272
330
1F
100
AcDbEntity
  8
JIAJU
 62
     8
100
AcDbLine
 10
7127.163347664581
 20
8617.363983601469
 30
0.0
 11
7054.233496229223
 21
8107.431416793982
 31
0.0
  0
LINE
  5
1273
330
1F
100
AcDbEntity
  8
JIAJU
 62
     8
100
AcDbLine
 10
6786.82407103054
 20
8633.552321493516
 30
0.0
 11
6867.857219249242
 21
8131.713915099718
 31
0.0
  0
LINE
  5
1274
330
1F
100
AcDbEntity
  8
JIAJU
 62
     8
100
AcDbLine
 10
6624.757744528993
 20
8625.458161079812
 30
0.0
 11
6746.307466857077
 21
8115.525577207737
 31
0.0
  0
LINE
  5
1275
330
1F
100
AcDbEntity
  8
WALL
100
AcDbLine
 10
5171.574893878074
 20
10959.73872966454
 30
0.0
 11
5171.574893878103
 21
11769.73872966452
 31
0.0
  0
LINE
  5
1276
330
1F
100
AcDbEntity
  8
WALL
100
AcDbLine
 10
5051.574893878075
 20
10959.73872966454
 30
0.0
 11
5051.574893878104
 21
11769.73872966454
 31
0.0
  0
LINE
  5
1277
330
1F
100
AcDbEntity
  8
WALL
100
AcDbLine
 10
5051.574893878075
 20
10839.73872966455
 30
0.0
 11
5051.574893878016
 21
10249.73872966455
 31
0.0
  0
LINE
  5
1278
330
1F
100
AcDbEntity
  8
WALL
100
AcDbLine
 10
5171.574893878016
 20
10249.73872966454
 30
0.0
 11
5051.574893878016
 21
10249.73872966455
 31
0.0
  0
LINE
  5
1279
330
1F
100
AcDbEntity
  8
WALL
100
AcDbLine
 10
5171.574893878016
 20
10249.73872966454
 30
0.0
 11
5171.574893878074
 21
10959.73872966454
 31
0.0
  0
LINE
  5
127A
330
1F
100
AcDbEntity
  8
WALL
100
AcDbLine
 10
5171.574893878103
 20
11769.73872966452
 30
0.0
 11
5051.574893878104
 21
11769.73872966454
 31
0.0
  0
LINE
  5
127B
330
1F
100
AcDbEntity
  8
JIAJU
 62
     8
100
AcDbLine
 10
7508.019198408002
 20
8633.55232149343
 30
0.0
 11
7410.77939649421
 21
8107.43141679393
 31
0.0
  0
LINE
  5
127C
330
1F
100
AcDbEntity
  8
JIAJU
 62
     8
100
AcDbLine
 10
7329.746248275508
 20
8633.552321493445
 30
0.0
 11
7337.849575122877
 21
8091.243078901936
 31
0.0
  0
LINE
  5
127D
330
1F
100
AcDbEntity
  8
JIAJU
 62
     8
100
AcDbLine
 10
7822.586411863333
 20
8633.552321493393
 30
0.0
 11
7879.309609603602
 21
8123.619754685881
 31
0.0
  0
LINE
  5
127E
330
1F
100
AcDbEntity
  8
JIAJU
 62
     8
100
AcDbLine
 10
7580.949049843273
 20
8633.552321493414
 30
0.0
 11
7508.019198407943
 21
8123.619754685925
 31
0.0
  0
LINE
  5
127F
330
1F
100
AcDbEntity
  8
JIAJU
 62
     8
100
AcDbLine
 10
8318.705425866385
 20
8679.738729664698
 30
0.0
 11
8318.705425866298
 21
8083.148918488099
 31
0.0
  0
LINE
  5
1280
330
1F
100
AcDbEntity
  8
JIAJU
 62
     8
100
AcDbLine
 10
8179.13231212832
 20
8633.552321493356
 30
0.0
 11
8106.202460692962
 21
8123.619754685853
 31
0.0
  0
LINE
  5
1281
330
1F
100
AcDbEntity
  8
JIAJU
 62
     8
100
AcDbLine
 10
7927.929510560527
 20
8633.552321493379
 30
0.0
 11
7936.032837407954
 21
8091.243078901868
 31
0.0
  0
LINE
  5
1282
330
1F
100
AcDbEntity
  8
JIAJU
 62
     8
100
AcDbLine
 10
8106.202460693021
 20
8633.552321493356
 30
0.0
 11
8008.96265877923
 21
8107.431416793865
 31
0.0
  0
LINE
  5
1283
330
1F
100
AcDbEntity
  8
WALL
100
AcDbLine
 10
9491.574893877958
 20
8679.738729664306
 30
0.0
 11
9491.574893877958
 21
8679.738729664306
 31
0.0
  0
LINE
  5
1284
330
1F
100
AcDbEntity
  8
WALL
100
AcDbLine
 10
9491.574893877958
 20
8679.738729664306
 30
0.0
 11
9731.574893877944
 21
8679.738729664292
 31
0.0
  0
LINE
  5
1285
330
1F
100
AcDbEntity
  8
WALL
100
AcDbLine
 10
9731.574893877944
 20
8679.738729664292
 30
0.0
 11
9731.574893877944
 21
8919.738729664292
 31
0.0
  0
LINE
  5
1286
330
1F
100
AcDbEntity
  8
WALL
100
AcDbLine
 10
7891.574893878045
 20
10419.73872966439
 30
0.0
 11
8131.574893878045
 21
10419.73872966438
 31
0.0
  0
INSERT
  5
1287
330
1F
100
AcDbEntity
  8
FURNETR
 48
5.0
100
AcDbBlockReference
  2
A$C7A12193D
 10
7800.349021916279
 20
13489.44104489543
 30
0.0
 41
1.199999999997089
 42
1.200000000000727
 43
1.199999999999999
 50
180.0
  0
LINE
  5
1288
330
1F
100
AcDbEntity
  8
WINDOW
100
AcDbLine
 10
7281.574893878249
 20
14079.73872966442
 30
0.0
 11
5781.574893878249
 21
14079.7387296645
 31
0.0
  0
LINE
  5
1289
330
1F
100
AcDbEntity
  8
WINDOW
100
AcDbLine
 10
7411.957181216684
 20
14819.35138921498
 30
0.0
 11
5651.192606539902
 21
14819.35138921507
 31
0.0
  0
LINE
  5
128A
330
1F
100
AcDbEntity
  8
WINDOW
100
AcDbLine
 10
7281.574893878307
 20
14732.42986432274
 30
0.0
 11
5781.574893878278
 21
14732.42986432282
 31
0.0
  0
LINE
  5
128B
330
1F
100
AcDbEntity
  8
WINDOW
100
AcDbLine
 10
7346.766037547495
 20
14775.89062676888
 30
0.0
 11
5716.383750209089
 21
14775.89062676897
 31
0.0
  0
LWPOLYLINE
  5
128C
330
1F
100
AcDbEntity
  8
FURNETR
100
AcDbPolyline
 90
        4
 70
     1
 43
0.0
 10
7891.57489387819
 20
13083.97139469727
 10
7891.574893878133
 20
12283.97139469727
 10
6391.574893878132
 20
12283.97139469734
 10
6391.574893878191
 20
13083.97139469734
  0
LINE
  5
128D
330
1F
100
AcDbEntity
  8
WALL
100
AcDbLine
 10
5781.574893878249
 20
14079.7387296645
 30
0.0
 11
5781.574893878249
 21
14319.7387296645
 31
0.0
  0
LWPOLYLINE
  5
128E
330
1F
100
AcDbEntity
  8
WINDOW
100
AcDbPolyline
 90
        4
 70
     1
 43
0.0
 10
5092.208857395803
 20
12479.67257458339
 10
5064.773332644661
 20
12484.36106690372
 10
5064.773332644778
 20
13252.67660029894
 10
5095.908063833893
 20
13252.5716718509
  0
LINE
  5
128F
330
1F
100
AcDbEntity
  8
WALL
100
AcDbLine
 10
5781.574893878249
 20
14079.7387296645
 30
0.0
 11
5171.57489387822
 21
14079.73872966454
 31
0.0
  0
INSERT
  5
1290
330
1F
100
AcDbEntity
  8
8
100
AcDbBlockReference
  2
A$C46B32834
 10
5801.57489611971
 20
13495.76448006752
 30
0.0
 50
90.0
  0
LINE
  5
1291
330
1F
100
AcDbEntity
  8
WALL
100
AcDbLine
 10
5171.57489387819
 20
13269.73872966452
 30
0.0
 11
5051.574893878191
 21
13269.73872966454
 31
0.0
  0
LINE
  5
1292
330
1F
100
AcDbEntity
  8
WALL
100
AcDbLine
 10
5171.57489387819
 20
13269.73872966454
 30
0.0
 11
5171.57489387822
 21
14079.73872966452
 31
0.0
  0
LINE
  5
1293
330
1F
100
AcDbEntity
  8
WALL
100
AcDbLine
 10
5051.574893878191
 20
13269.73872966454
 30
0.0
 11
5051.57489387822
 21
14079.73872966452
 31
0.0
  0
INSERT
  5
1294
330
1F
100
AcDbEntity
  8
FURNETR
 48
5.0
100
AcDbBlockReference
  2
A$C7A12193D
 10
7064.381532432162
 20
13489.44104489546
 30
0.0
 41
1.199999999997089
 42
1.200000000000727
 43
1.199999999999999
 50
180.0
  0
LINE
  5
1295
330
1F
100
AcDbEntity
  8
WINDOW
100
AcDbLine
 10
5781.574893878278
 20
14732.42986432282
 30
0.0
 11
5781.57489387822
 21
14319.7387296645
 31
0.0
  0
LINE
  5
1296
330
1F
100
AcDbEntity
  8
WINDOW
100
AcDbLine
 10
5716.383750209089
 20
14775.89062676897
 30
0.0
 11
5716.383750209061
 21
14319.73872966451
 31
0.0
  0
LINE
  5
1297
330
1F
100
AcDbEntity
  8
WINDOW
100
AcDbLine
 10
5651.192606539902
 20
14819.35138921507
 30
0.0
 11
5651.192606539873
 21
14319.73872966451
 31
0.0
  0
INSERT
  5
1298
330
1F
100
AcDbEntity
  8
BATH
  6
DASH
100
AcDbBlockReference
 66
     1
  2
_C11UFW
 10
-6520.506520420022
 20
14388.87416466851
 30
0.0
 43
-1.0
210
0.0
220
0.0
230
-1.0
  0
ATTRIB
  5
1299
330
1298
100
AcDbEntity
  8
0
100
AcDbText
 10
6519.477948991465
 20
14388.87416466851
 30
0.0
 40
0.5
  1
500
 50
179.9999999999969
 41
0.7999999999883585
  7
DIM_FONT
 71
     6
100
AcDbAttribute
280
     0
  2
XSIZE
 70
     9
280
     0
  0
ATTRIB
  5
129A
330
1298
100
AcDbEntity
  8
0
100
AcDbText
 10
6520.239853753359
 20
14388.87416466851
 30
0.0
 40
0.5
  1
0
 50
179.9999999999969
 41
0.7999999999883585
  7
DIM_FONT
 71
     6
100
AcDbAttribute
280
     0
  2
YSIZE
 70
     9
280
     0
  0
SEQEND
  5
129B
330
1298
100
AcDbEntity
  8
BATH
  0
LINE
  5
129C
330
1F
100
AcDbEntity
  8
WALL
100
AcDbLine
 10
8911.574893878249
 20
14079.73872966432
 30
0.0
 11
8911.574893878249
 21
14319.73872966432
 31
0.0
  0
LINE
  5
129D
330
1F
100
AcDbEntity
  8
WALL
100
AcDbLine
 10
7281.574893878249
 20
14079.73872966442
 30
0.0
 11
7281.574893878249
 21
14319.73872966442
 31
0.0
  0
LINE
  5
129E
330
1F
100
AcDbEntity
  8
WALL
100
AcDbLine
 10
8131.57489387825
 20
14079.73872966438
 30
0.0
 11
8911.574893878221
 21
14079.73872966432
 31
0.0
  0
LINE
  5
129F
330
1F
100
AcDbEntity
  8
WALL
100
AcDbLine
 10
7891.574893878249
 20
14079.73872966439
 30
0.0
 11
7281.574893878249
 21
14079.73872966442
 31
0.0
  0
LINE
  5
12A0
330
1F
100
AcDbEntity
  8
WALL
100
AcDbLine
 10
8911.574893878249
 20
14319.73872966432
 30
0.0
 11
7281.574893878249
 21
14319.73872966442
 31
0.0
  0
INSERT
  5
12A1
330
1F
100
AcDbEntity
  8
BATH
  6
DASH
100
AcDbBlockReference
 66
     1
  2
_C11UFW
 10
8295.171054534847
 20
15000.82651622364
 30
0.0
 50
90.0
  0
ATTRIB
  5
12A2
330
12A1
100
AcDbEntity
  8
0
100
AcDbText
 10
8295.171054534847
 20
15000.82651622364
 30
0.0
 40
0.5
  1
500
 50
89.99999999999692
 41
0.7999999999883585
 51
-180.0
  7
DIM_FONT
100
AcDbAttribute
280
     0
  2
XSIZE
 70
     9
280
     0
  0
ATTRIB
  5
12A3
330
12A1
100
AcDbEntity
  8
0
100
AcDbText
 10
8295.171054534847
 20
15000.82651622364
 30
0.0
 40
0.5
  1
0
 50
89.99999999999692
 41
0.7999999999883585
 51
-180.0
  7
DIM_FONT
100
AcDbAttribute
280
     0
  2
YSIZE
 70
     9
280
     0
  0
SEQEND
  5
12A4
330
12A1
100
AcDbEntity
  8
BATH
  0
LINE
  5
12A5
330
1F
100
AcDbEntity
  8
WINDOW
100
AcDbLine
 10
7281.574893878278
 20
14319.73872966442
 30
0.0
 11
7281.574893878307
 21
14732.42986432274
 31
0.0
  0
LINE
  5
12A6
330
1F
100
AcDbEntity
  8
WINDOW
100
AcDbLine
 10
7346.766037547467
 20
14319.73872966442
 30
0.0
 11
7346.766037547495
 21
14775.89062676888
 31
0.0
  0
LINE
  5
12A7
330
1F
100
AcDbEntity
  8
WINDOW
100
AcDbLine
 10
7411.957181216654
 20
14319.73872966441
 30
0.0
 11
7411.957181216684
 21
14819.35138921498
 31
0.0
  0
INSERT
  5
12A8
330
1F
100
AcDbEntity
  8
0
100
AcDbBlockReference
  2
KT
 10
11079.41465463255
 20
12209.30148734443
 30
0.0
 41
-1.02599999999802
 42
1.026000000001658
 43
1.026
  0
LINE
  5
12A9
330
1F
100
AcDbEntity
  8
WALL
100
AcDbLine
 10
12331.57489387823
 20
14079.73872966414
 30
0.0
 11
12331.574893878
 21
10039.73872966414
 31
0.0
  0
LINE
  5
12AA
330
1F
100
AcDbEntity
  8
WALL
100
AcDbLine
 10
12091.57489387823
 20
14079.73872966416
 30
0.0
 11
12091.574893878
 21
10039.73872966416
 31
0.0
  0
LINE
  5
12AB
330
1F
100
AcDbEntity
  8
WALL
100
AcDbLine
 10
14931.57489387753
 20
14079.73872966409
 30
0.0
 11
14931.57489387753
 21
10039.73872966409
 31
0.0
  0
LINE
  5
12AC
330
1F
100
AcDbEntity
  8
WALL
100
AcDbLine
 10
14691.57489387753
 20
14079.73872966409
 30
0.0
 11
14691.57489387753
 21
10039.73872966409
 31
0.0
  0
LWPOLYLINE
  5
12AD
330
1F
100
AcDbEntity
  8
PUB_WALL
100
AcDbPolyline
 90
        8
 70
     1
 43
50.0
 10
12116.574893878
 20
10064.73872966415
 10
12306.574893878
 20
10064.73872966414
 10
12306.57489387823
 20
14104.73872966415
 10
12886.57489387823
 20
14104.73872966412
 10
12886.57489387823
 20
14294.73872966411
 10
10736.57489387823
 20
14294.73872966422
 10
10736.57489387823
 20
14104.73872966421
 10
12116.57489387829
 20
14104.73872966416
  0
LINE
  5
12AE
330
1F
100
AcDbEntity
  8
WALL
100
AcDbLine
 10
12791.57489387794
 20
8919.738729664125
 30
0.0
 11
12331.57489387794
 21
8919.738729664146
 31
0.0
  0
LINE
  5
12AF
330
1F
100
AcDbEntity
  8
WALL
100
AcDbLine
 10
12671.57489387794
 20
8679.738729664132
 30
0.0
 11
11171.57489387794
 21
8679.738729664212
 31
0.0
  0
INSERT
  5
12B0
330
1F
100
AcDbEntity
  8
WINDOW
100
AcDbBlockReference
 66
     1
  2
_DBLK
 10
12211.574893878
 20
9539.738729664161
 30
0.0
 41
-1000.0
 42
1000.0
 43
1000.0
 50
269.9999999999966
1001
WTHICK
1040
240.0
  0
ATTRIB
  5
12B1
330
12B0
100
AcDbEntity
  8
WINDOW_TEXT
100
AcDbText
 10
12631.574893878
 20
9539.738729664133
 30
0.0
 40
300.0
  1

 50
269.9999999999969
 41
0.8
 51
0.0000000000000127
  7
SIMPLEX
 71
     2
 72
     4
 11
12631.574893878
 21
9539.738729664133
 31
0.0
100
AcDbAttribute
280
     0
  2
A
 70
     9
280
     0
  0
SEQEND
  5
12B2
330
12B0
100
AcDbEntity
  8
WINDOW
  0
TEXT
  5
12B3
330
1F
100
AcDbEntity
  8
ZT
100
AcDbText
 10
10769.56278675758
 20
9798.577278425387
 30
0.0
 40
552.833609142857
  1
A2
 50
359.9999999999969
 41
0.8
  7
-宋体
100
AcDbText
  0
LINE
  5
12B4
330
1F
100
AcDbEntity
  8
WALL
100
AcDbLine
 10
12091.57489387794
 20
8919.73872966416
 30
0.0
 11
11051.57489387794
 21
8919.738729664219
 31
0.0
  0
LINE
  5
12B5
330
1F
100
AcDbEntity
  8
WALL
100
AcDbLine
 10
12091.57489387794
 20
9039.738729664161
 30
0.0
 11
12331.57489387794
 21
9039.738729664147
 31
0.0
  0
LINE
  5
12B6
330
1F
100
AcDbEntity
  8
WALL
100
AcDbLine
 10
12331.57489387794
 20
9039.738729664147
 30
0.0
 11
12331.57489387794
 21
8919.738729664146
 31
0.0
  0
LINE
  5
12B7
330
1F
100
AcDbEntity
  8
WALL
100
AcDbLine
 10
12091.57489387794
 20
9039.738729664161
 30
0.0
 11
12091.57489387794
 21
8919.73872966416
 31
0.0
  0
LINE
  5
12B8
330
1F
100
AcDbEntity
  8
WALL
100
AcDbLine
 10
12091.574893878
 20
10039.73872966416
 30
0.0
 11
12331.574893878
 21
10039.73872966414
 31
0.0
  0
LINE
  5
12B9
330
1F
100
AcDbEntity
  8
0
 62
     8
100
AcDbLine
 10
13631.57489387753
 20
8919.738729664087
 30
0.0
 11
14231.57489387753
 21
8919.738729664087
 31
0.0
  0
LWPOLYLINE
  5
12BA
330
1F
100
AcDbEntity
  8
0
 62
     6
100
AcDbPolyline
 90
        3
 70
     0
 43
0.0
 10
14231.57489387753
 20
8679.738729664087
 10
14092.61858827101
 20
8322.82442953562
 10
13631.57489387753
 20
8179.738729664103
  0
LINE
  5
12BB
330
1F
100
AcDbEntity
  8
WALL
100
AcDbLine
 10
13631.57489387753
 20
8179.738729664073
 30
0.0
 11
14231.57489387753
 21
8179.73872966408
 31
0.0
  0
LINE
  5
12BC
330
1F
100
AcDbEntity
  8
0
 62
     8
100
AcDbLine
 10
14231.57489387753
 20
8679.738729664073
 30
0.0
 11
13631.57489387753
 21
8679.738729664073
 31
0.0
  0
INSERT
  5
12BD
330
1F
100
AcDbEntity
  8
WINDOW
100
AcDbBlockReference
 66
     1
  2
_DBLK
 10
13931.57489387753
 20
8799.738729664081
 30
0.0
 41
-600.0
 42
-600.0
 43
600.0
1001
WTHICK
1040
240.0000000000146
  0
ATTRIB
  5
12BE
330
12BD
100
AcDbEntity
  8
WINDOW_TEXT
100
AcDbText
 10
13931.57489387753
 20
9219.738729664088
 30
0.0
 40
300.0
  1

 41
0.8
  7
SIMPLEX
 72
     4
 11
13931.57489387753
 21
9219.738729664088
 31
0.0
100
AcDbAttribute
280
     0
  2
A
 70
     9
280
     0
  0
SEQEND
  5
12BF
330
12BD
100
AcDbEntity
  8
WINDOW
  0
INSERT
  5
12C0
330
1F
100
AcDbEntity
  8
WINDOW
100
AcDbBlockReference
 66
     1
  2
_DBLK
 10
13091.57489387794
 20
8799.738729664102
 30
0.0
 41
600.0
 42
-600.0
 43
600.0
 50
359.9999999999969
1001
WTHICK
1040
240.0000000000146
  0
ATTRIB
  5
12C1
330
12C0
100
AcDbEntity
  8
WINDOW_TEXT
100
AcDbText
 10
13091.57489387794
 20
9219.73872966411
 30
0.0
 40
300.0
  1

 50
359.9999999999969
 41
0.8
  7
SIMPLEX
 72
     4
 11
13091.57489387794
 21
9219.73872966411
 31
0.0
100
AcDbAttribute
280
     0
  2
A
 70
     9
280
     0
  0
SEQEND
  5
12C2
330
12C0
100
AcDbEntity
  8
WINDOW
  0
LINE
  5
12C3
330
1F
100
AcDbEntity
  8
0
 62
     8
100
AcDbLine
 10
13391.57489387794
 20
8919.738729664095
 30
0.0
 11
12791.57489387794
 21
8919.738729664125
 31
0.0
  0
LINE
  5
12C4
330
1F
100
AcDbEntity
  8
0
 62
     8
100
AcDbLine
 10
12791.57489387794
 20
8679.73872966411
 30
0.0
 11
13391.57489387794
 21
8679.73872966408
 31
0.0
  0
LWPOLYLINE
  5
12C5
330
1F
100
AcDbEntity
  8
0
 62
     6
100
AcDbPolyline
 90
        3
 70
     0
 43
0.0
 10
12791.57489387794
 20
8679.738729664125
 10
12930.53119948446
 20
8322.824429535648
 10
13391.57489387788
 20
8179.73872966411
  0
LINE
  5
12C6
330
1F
100
AcDbEntity
  8
WALL
100
AcDbLine
 10
13391.57489387794
 20
8179.73872966408
 30
0.0
 11
12791.57489387788
 21
8179.738729664117
 31
0.0
  0
LINE
  5
12C7
330
1F
100
AcDbEntity
  8
WALL
100
AcDbLine
 10
12791.57489387788
 20
8179.738729664117
 30
0.0
 11
12791.57489387794
 21
8679.73872966411
 31
0.0
  0
LINE
  5
12C8
330
1F
100
AcDbEntity
  8
WALL
100
AcDbLine
 10
12671.57489387794
 20
8179.738729664132
 30
0.0
 11
12671.57489387794
 21
8679.738729664132
 31
0.0
  0
LINE
  5
12C9
330
1F
100
AcDbEntity
  8
WALL
100
AcDbLine
 10
12791.57489387794
 20
8679.73872966411
 30
0.0
 11
12791.57489387794
 21
8919.738729664125
 31
0.0
  0
LINE
  5
12CA
330
1F
100
AcDbEntity
  8
WALL
100
AcDbLine
 10
13631.57489387794
 20
8919.73872966408
 30
0.0
 11
13391.57489387794
 21
8919.738729664095
 31
0.0
  0
LINE
  5
12CB
330
1F
100
AcDbEntity
  8
WALL
100
AcDbLine
 10
13391.57489387788
 20
8179.73872966408
 30
0.0
 11
13391.57489387794
 21
8679.73872966408
 31
0.0
  0
LINE
  5
12CC
330
1F
100
AcDbEntity
  8
WALL
100
AcDbLine
 10
13631.57489387753
 20
8179.738729664073
 30
0.0
 11
13631.57489387753
 21
8679.738729664073
 31
0.0
  0
LINE
  5
12CD
330
1F
100
AcDbEntity
  8
WALL
100
AcDbLine
 10
13391.57489387794
 20
8679.738729664073
 30
0.0
 11
13391.57489387794
 21
8919.738729664095
 31
0.0
  0
LINE
  5
12CE
330
1F
100
AcDbEntity
  8
WALL
100
AcDbLine
 10
13631.57489387753
 20
8679.738729664066
 30
0.0
 11
13631.57489387753
 21
8919.738729664087
 31
0.0
  0
LINE
  5
12CF
330
1F
100
AcDbEntity
  8
WALL
100
AcDbLine
 10
14231.57489387753
 20
8919.738729664087
 30
0.0
 11
14691.57489387753
 21
8919.738729664087
 31
0.0
  0
LINE
  5
12D0
330
1F
100
AcDbEntity
  8
WALL
100
AcDbLine
 10
14351.57489387753
 20
8179.738729664087
 30
0.0
 11
14351.57489387753
 21
8679.738729664087
 31
0.0
  0
LINE
  5
12D1
330
1F
100
AcDbEntity
  8
WALL
100
AcDbLine
 10
14231.57489387753
 20
8179.73872966408
 30
0.0
 11
14231.57489387753
 21
8679.738729664073
 31
0.0
  0
LINE
  5
12D2
330
1F
100
AcDbEntity
  8
WALL
100
AcDbLine
 10
14231.57489387753
 20
8679.738729664073
 30
0.0
 11
14231.57489387753
 21
8919.738729664087
 31
0.0
  0
LINE
  5
12D3
330
1F
100
AcDbEntity
  8
WALL
100
AcDbLine
 10
14931.57489387753
 20
9039.738729664088
 30
0.0
 11
14931.57489387753
 21
8919.738729664087
 31
0.0
  0
LINE
  5
12D4
330
1F
100
AcDbEntity
  8
WALL
100
AcDbLine
 10
14691.57489387753
 20
9039.738729664088
 30
0.0
 11
14691.57489387753
 21
8919.738729664087
 31
0.0
  0
LINE
  5
12D5
330
1F
100
AcDbEntity
  8
WALL
100
AcDbLine
 10
14931.57489387753
 20
9039.738729664088
 30
0.0
 11
14691.57489387753
 21
9039.738729664088
 31
0.0
  0
LINE
  5
12D6
330
1F
100
AcDbEntity
  8
WALL
100
AcDbLine
 10
14931.57489387753
 20
10039.73872966409
 30
0.0
 11
14691.57489387753
 21
10039.73872966409
 31
0.0
  0
LINE
  5
12D7
330
1F
100
AcDbEntity
  8
WALL
100
AcDbLine
 10
12911.57489387823
 20
14319.73872966412
 30
0.0
 11
10711.57489387823
 21
14319.73872966422
 31
0.0
  0
LINE
  5
12D8
330
1F
100
AcDbEntity
  8
WALL
100
AcDbLine
 10
12911.57489387823
 20
14079.73872966412
 30
0.0
 11
12331.57489387823
 21
14079.73872966414
 31
0.0
  0
LINE
  5
12D9
330
1F
100
AcDbEntity
  8
WALL
100
AcDbLine
 10
10711.57489387823
 20
14079.73872966422
 30
0.0
 11
10711.57489387823
 21
14319.73872966422
 31
0.0
  0
LINE
  5
12DA
330
1F
100
AcDbEntity
  8
WALL
100
AcDbLine
 10
10711.57489387823
 20
14079.73872966422
 30
0.0
 11
12091.57489387823
 21
14079.73872966416
 31
0.0
  0
LINE
  5
12DB
330
1F
100
AcDbEntity
  8
WALL
100
AcDbLine
 10
14111.57489387753
 20
14079.73872966409
 30
0.0
 11
14111.57489387753
 21
14319.73872966409
 31
0.0
  0
LINE
  5
12DC
330
1F
100
AcDbEntity
  8
WALL
100
AcDbLine
 10
12911.57489387823
 20
14079.73872966412
 30
0.0
 11
12911.57489387823
 21
14319.73872966412
 31
0.0
  0
INSERT
  5
12DD
330
1F
100
AcDbEntity
  8
WINDOW
 62
     5
100
AcDbBlockReference
 66
     1
  2
_WBLK
 10
13511.57489387753
 20
14199.73872966409
 30
0.0
 41
1200.0
 42
240.0
 43
1200.0
1001
WTHICK
1040
240.0
  0
ATTRIB
  5
12DE
330
12DD
100
AcDbEntity
  8
WINDOW_TEXT
100
AcDbText
 10
13511.57489387753
 20
14619.73872966409
 30
0.0
 40
300.0
  1

 41
0.8
  7
SIMPLEX
 72
     4
 11
13511.57489387753
 21
14619.73872966409
 31
0.0
100
AcDbAttribute
280
     0
  2
A
 70
     9
280
     0
  0
SEQEND
  5
12DF
330
12DD
100
AcDbEntity
  8
WINDOW
 62
     5
  0
INSERT
  5
12E0
330
1F
100
AcDbEntity
  8
WINDOW
 62
     5
100
AcDbBlockReference
 66
     1
  2
_WBLK
 10
13511.57489387823
 20
14199.73872966409
 30
0.0
 41
-1200.0
 42
240.0
 43
1200.0
 50
359.9999999999968
1001
WTHICK
1040
240.0
  0
ATTRIB
  5
12E1
330
12E0
100
AcDbEntity
  8
WINDOW_TEXT
100
AcDbText
 10
13511.57489387823
 20
14619.73872966409
 30
0.0
 40
300.0
  1

 50
359.9999999999969
 41
0.8
  7
SIMPLEX
 72
     4
 11
13511.57489387823
 21
14619.73872966409
 31
0.0
100
AcDbAttribute
280
     0
  2
A
 70
     9
280
     0
  0
SEQEND
  5
12E2
330
12E0
100
AcDbEntity
  8
WINDOW
 62
     5
  0
LINE
  5
12E3
330
1F
100
AcDbEntity
  8
WALL
100
AcDbLine
 10
14111.57489387753
 20
14079.73872966409
 30
0.0
 11
14691.57489387753
 21
14079.73872966409
 31
0.0
  0
LINE
  5
12E4
330
1F
100
AcDbEntity
  8
AXIS
100
AcDbLine
 10
24011.57489387754
 20
-702.401447156059
 30
0.0
 11
24011.57489387754
 21
1333.445018177859
 31
0.0
  0
LINE
  5
12E5
330
1F
100
AcDbEntity
  8
AXIS
100
AcDbLine
 10
26916.18994119069
 20
14199.73872966409
 30
0.0
 11
24915.74693672026
 21
14199.73872966409
 31
0.0
  0
DIMENSION
  5
12E6
330
1F
100
AcDbEntity
  8
AXIS
100
AcDbDimension
280
     0
  2
*D60
 10
25716.18994119069
 20
10899.73872966408
 30
0.0
 11
25416.18994119069
 21
12549.73872966409
 31
0.0
 70
    33
 71
     5
 42
3300.000000000007
 73
     0
 74
     0
 75
     0
  3
AXIS
100
AcDbAlignedDimension
 13
24915.74693672026
 23
14199.73872966409
 33
0.0
 14
24915.74693672026
 24
10899.73872966408
 34
0.0
  0
DIMENSION
  5
12E7
330
1F
100
AcDbEntity
  8
AXIS
100
AcDbDimension
280
     0
  2
*D61
 10
25716.18994119069
 20
8799.738729664081
 30
0.0
 11
25416.18994119069
 21
9849.738729664085
 31
0.0
 70
    32
 71
     5
 42
2100.0
 73
     0
 74
     0
 75
     0
  3
AXIS
100
AcDbAlignedDimension
 13
24915.74693672026
 23
10899.73872966408
 33
0.0
 14
24915.74693672026
 24
8799.738729664081
 34
0.0
 50
90.0
100
AcDbRotatedDimension
  0
LINE
  5
12E8
330
1F
100
AcDbEntity
  8
AXIS
100
AcDbLine
 10
25970.75313492723
 20
8799.738729664081
 30
0.0
 11
24915.74693672026
 21
8799.738729664081
 31
0.0
  0
LINE
  5
12E9
330
1F
100
AcDbEntity
  8
AXIS
100
AcDbLine
 10
25970.75313492723
 20
10899.73872966408
 30
0.0
 11
24915.74693672026
 21
10899.73872966408
 31
0.0
  0
LINE
  5
12EA
330
1F
100
AcDbEntity
  8
AXIS
100
AcDbLine
 10
26916.18994119069
 20
2499.738729664088
 30
0.0
 11
24915.74693672026
 21
2499.738729664088
 31
0.0
  0
DIMENSION
  5
12EB
330
1F
100
AcDbEntity
  8
AXIS
100
AcDbDimension
280
     0
  2
*D62
 10
25716.18994119069
 20
2499.738729664088
 30
0.0
 11
25416.18994119069
 21
3249.738729664088
 31
0.0
 70
    32
 71
     5
 42
1499.999999999993
 73
     0
 74
     0
 75
     0
  3
AXIS
100
AcDbAlignedDimension
 13
24915.74693672026
 23
3999.73872966408
 33
0.0
 14
24915.74693672026
 24
2499.738729664088
 34
0.0
 50
90.0
100
AcDbRotatedDimension
  0
LINE
  5
12EC
330
1F
100
AcDbEntity
  8
AXIS
100
AcDbLine
 10
25970.75313492723
 20
3999.73872966408
 30
0.0
 11
24915.74693672026
 21
3999.73872966408
 31
0.0
  0
DIMENSION
  5
12ED
330
1F
100
AcDbEntity
  8
AXIS
100
AcDbDimension
280
     0
  2
*D63
 10
25716.18994119069
 20
3999.73872966408
 30
0.0
 11
25416.18994119069
 21
6399.738729664084
 31
0.0
 70
    32
 71
     5
 42
4800.0
 73
     0
 74
     0
 75
     0
  3
AXIS
100
AcDbAlignedDimension
 13
24915.74693672026
 23
8799.738729664081
 33
0.0
 14
24915.74693672026
 24
3999.73872966408
 34
0.0
 50
90.0
100
AcDbRotatedDimension
  0
DIMENSION
  5
12EE
330
1F
100
AcDbEntity
  8
AXIS
100
AcDbDimension
280
     0
  2
*D64
 10
26516.18994119069
 20
2499.738729664088
 30
0.0
 11
26216.18994119069
 21
8349.738729664093
 31
0.0
 70
    33
 71
     5
 42
11700.0
 73
     0
 74
     0
 75
     0
  3
AXIS
100
AcDbAlignedDimension
 13
24915.74693672026
 23
14199.73872966409
 33
0.0
 14
24915.74693672026
 24
2499.738729664088
 34
0.0
  0
INSERT
  5
12EF
330
1F
100
AcDbEntity
  8
WINDOW
100
AcDbBlockReference
 66
     1
  2
_DBLK
 10
21401.57489387759
 20
8799.738729664095
 30
0.0
 41
900.0
 42
900.0
 43
900.0
1001
WTHICK
1040
239.9999999999927
  0
ATTRIB
  5
12F0
330
12EF
100
AcDbEntity
  8
WINDOW_TEXT
100
AcDbText
 10
21401.57489387759
 20
9219.738729664088
 30
0.0
 40
300.0
  1

 41
0.8
  7
SIMPLEX
 72
     4
 11
21401.57489387759
 21
9219.738729664088
 31
0.0
100
AcDbAttribute
280
     0
  2
A
 70
     9
280
     0
  0
SEQEND
  5
12F1
330
12EF
100
AcDbEntity
  8
WINDOW
  0
LINE
  5
12F2
330
1F
100
AcDbEntity
  8
WALL
100
AcDbLine
 10
15851.57489387753
 20
7559.738729664089
 30
0.0
 11
15851.57489387753
 21
8679.738729664087
 31
0.0
  0
MTEXT
  5
12F3
330
1F
100
AcDbEntity
  8
PUB_TEXT
 48
5.0
100
AcDbMText
 10
17130.83813428615
 20
8257.651681996424
 30
0.0
 40
300.0
 41
1336.4886
 46
0.0
 71
     3
 72
     5
  1
\fTxt|b0|i0|c134|p2;1.50m
 73
     1
 44
1.0
  0
INSERT
  5
12F4
330
1F
100
AcDbEntity
  8
WINDOW
100
AcDbBlockReference
 66
     1
  2
_DBLK
 10
17411.57489387753
 20
8229.738729664088
 30
0.0
 41
900.0
 42
-900.0
 43
900.0
 50
270.0
1001
WTHICK
1040
240.0
  0
ATTRIB
  5
12F5
330
12F4
100
AcDbEntity
  8
WINDOW_TEXT
100
AcDbText
 10
17831.57489387753
 20
8229.738729664088
 30
0.0
 40
300.0
  1

 50
270.0
 41
0.8
  7
SIMPLEX
 71
     2
 72
     4
 11
17831.57489387753
 21
8229.738729664088
 31
0.0
100
AcDbAttribute
280
     0
  2
A
 70
     9
280
     0
  0
SEQEND
  5
12F6
330
12F4
100
AcDbEntity
  8
WINDOW
  0
LINE
  5
12F7
330
1F
100
AcDbEntity
  8
WALL
100
AcDbLine
 10
15971.57489387753
 20
7779.738729664096
 30
0.0
 11
15971.57489387753
 21
8919.738729664087
 31
0.0
  0
LINE
  5
12F8
330
1F
100
AcDbEntity
  8
WALL
100
AcDbLine
 10
20591.57489387754
 20
4119.738729664088
 30
0.0
 11
20591.57489387754
 21
8679.738729664087
 31
0.0
  0
LINE
  5
12F9
330
1F
100
AcDbEntity
  8
WALL
100
AcDbLine
 10
23891.57489387754
 20
4119.738729664124
 30
0.0
 11
23891.57489387754
 21
8679.738729664096
 31
0.0
  0
LINE
  5
12FA
330
1F
100
AcDbEntity
  8
WALL
100
AcDbLine
 10
20831.57489387754
 20
4119.738729664095
 30
0.0
 11
20831.57489387754
 21
8679.738729664087
 31
0.0
  0
LWPOLYLINE
  5
12FB
330
1F
100
AcDbEntity
  8
PUB_WALL
100
AcDbPolyline
 90
       12
 70
     1
 43
50.0
 10
19716.57489387742
 20
4094.73872966408
 10
19716.57489387742
 20
3904.738729664095
 10
21586.57489387759
 20
3904.73872966411
 10
21586.57489387759
 20
4094.73872966411
 10
20806.57489387754
 20
4094.738729664094
 10
20806.57489387754
 20
8704.738729664104
 10
20926.5748938776
 20
8704.738729664111
 10
20926.5748938776
 20
8894.738729664096
 10
17316.57489387753
 20
8894.738729664082
 10
17316.57489387753
 20
8704.738729664088
 10
20616.57489387754
 20
8704.738729664097
 10
20616.57489387754
 20
4094.738729664087
  0
LINE
  5
12FC
330
1F
100
AcDbEntity
  8
WALL
100
AcDbLine
 10
24131.57489387754
 20
3879.738729664088
 30
0.0
 11
24131.57489387754
 21
14319.73872966406
 31
0.0
  0
LWPOLYLINE
  5
12FD
330
1F
100
AcDbEntity
  8
PUB_WALL
100
AcDbPolyline
 90
       22
 70
     1
 43
50.0
 10
21946.57489387754
 20
8894.738729664096
 10
21946.57489387754
 20
9424.738729664081
 10
21876.57489387759
 20
9424.738729664088
 10
21876.57489387759
 20
8704.738729664097
 10
23916.57489387754
 20
8704.738729664097
 10
23916.5748938776
 20
4094.738729664124
 10
23136.57489387753
 20
4094.738729664117
 10
23136.57489387753
 20
3904.738729664088
 10
24106.57489387754
 20
3904.738729664095
 10
24106.57489387754
 20
14294.73872966405
 10
23456.57489387759
 20
14294.73872966407
 10
23456.57489387753
 20
14104.73872966409
 10
23916.57489387754
 20
14104.73872966409
 10
23916.57489387754
 20
10934.73872966408
 10
21946.57489387754
 20
10934.73872966408
 10
21946.57489387754
 20
11744.73872966408
 10
21876.57489387759
 20
11744.73872966409
 10
21876.57489387754
 20
10274.73872966409
 10
21946.57489387754
 20
10274.73872966409
 10
21946.57489387759
 20
10864.7387296641
 10
23916.57489387754
 20
10864.73872966409
 10
23916.57489387754
 20
8894.738729664089
  0
LINE
  5
12FE
330
1F
100
AcDbEntity
  8
WALL
100
AcDbLine
 10
19691.57489387742
 20
3879.738729664088
 30
0.0
 11
21611.57489387754
 21
3879.738729664088
 31
0.0
  0
DIMENSION
  5
12FF
330
1F
100
AcDbEntity
  8
AXIS
100
AcDbDimension
280
     0
  2
*D65
 10
17411.57489387753
 20
497.598552843941
 30
0.0
 11
19061.57489387753
 21
797.598552843941
 31
0.0
 70
    33
 71
     5
 42
3300.0
 73
     0
 74
     0
 75
     0
  3
AXIS
100
AcDbAlignedDimension
 13
20711.57489387754
 23
1333.445018177859
 33
0.0
 14
17411.57489387753
 24
1333.445018177859
 34
0.0
  0
LWPOLYLINE
  5
1300
330
1F
100
AcDbEntity
  8
WINDOW
100
AcDbPolyline
 90
        3
 70
     0
 43
0.0
 10
20701.57489387754
 20
3879.738729664088
 10
20701.57489387754
 20
2509.738729664088
 10
17531.57489387753
 20
2509.738729664088
  0
LWPOLYLINE
  5
1301
330
1F
100
AcDbEntity
  8
WINDOW
100
AcDbPolyline
 90
        3
 70
     0
 43
0.0
 10
20761.57489387754
 20
3879.738729664088
 10
20761.57489387754
 20
2449.738729664088
 10
17531.57489387753
 20
2449.738729664088
  0
LWPOLYLINE
  5
1302
330
1F
100
AcDbEntity
  8
LVTRY
100
AcDbPolyline
 90
        3
 70
     0
 43
0.0
 10
20631.57489387754
 20
3879.738729664088
 10
20631.57489387754
 20
2579.738729664095
 10
17531.57489387753
 20
2579.738729664088
  0
LWPOLYLINE
  5
1303
330
1F
100
AcDbEntity
  8
LVTRY
100
AcDbPolyline
 90
        4
 70
     0
 43
0.0
 10
20831.57489387754
 20
3879.738729664088
 10
20831.57489387754
 20
2499.738729664088
 10
20831.57489387754
 20
2379.738729664088
 10
17531.57489387753
 20
2379.738729664088
  0
INSERT
  5
1304
330
1F
100
AcDbEntity
  8
BATH
  6
DASH
100
AcDbBlockReference
 66
     1
  2
_C11UFW
 10
20406.57489387754
 20
3229.738729664088
 30
0.0
 50
90.0
  0
ATTRIB
  5
1305
330
1304
100
AcDbEntity
  8
0
100
AcDbText
 10
20406.57489387754
 20
3229.738729664088
 30
0.0
 40
0.5
  1
500
 50
90.0
 41
0.7999999999883585
 51
-180.0
  7
DIM_FONT
100
AcDbAttribute
280
     0
  2
XSIZE
 70
     9
280
     0
  0
ATTRIB
  5
1306
330
1304
100
AcDbEntity
  8
0
100
AcDbText
 10
20406.57489387754
 20
3229.738729664088
 30
0.0
 40
0.5
  1
0
 50
90.0
 41
0.7999999999883585
 51
-180.0
  7
DIM_FONT
100
AcDbAttribute
280
     0
  2
YSIZE
 70
     9
280
     0
  0
SEQEND
  5
1307
330
1304
100
AcDbEntity
  8
BATH
  0
LINE
  5
1308
330
1F
100
AcDbEntity
  8
WALL
100
AcDbLine
 10
19691.57489387742
 20
4119.738729664081
 30
0.0
 11
20591.57489387754
 21
4119.738729664081
 31
0.0
  0
LINE
  5
1309
330
1F
100
AcDbEntity
  8
WALL
100
AcDbLine
 10
19691.57489387742
 20
3879.738729664088
 30
0.0
 11
19691.57489387742
 21
4119.738729664081
 31
0.0
  0
LINE
  5
130A
330
1F
100
AcDbEntity
  8
WALL
100
AcDbLine
 10
18191.57489387742
 20
3879.73872966435
 30
0.0
 11
18191.57489387742
 21
4119.738729664351
 31
0.0
  0
LWPOLYLINE
  5
130B
330
1F
100
AcDbEntity
  8
PUB_WALL
100
AcDbPolyline
 90
        2
 70
     0
 43
50.0
 10
18166.57489387742
 20
3879.73872966435
 10
18166.57489387742
 20
4119.738729664351
  0
LWPOLYLINE
  5
130C
330
1F
100
AcDbEntity
  8
WINDOW
100
AcDbPolyline
 90
        4
 70
     1
 43
0.0
 10
18975.58088603626
 20
4019.104766146425
 10
18970.8923937159
 20
4046.540290897544
 10
18202.57686032068
 20
4046.540290897501
 10
18202.68178876872
 20
4015.405559708386
  0
LINE
  5
130D
330
1F
100
AcDbEntity
  8
WALL
100
AcDbLine
 10
17291.57489387753
 20
2619.738729664088
 30
0.0
 11
17291.57489387753
 21
4119.738729664088
 31
0.0
  0
LWPOLYLINE
  5
130E
330
1F
100
AcDbEntity
  8
PUB_WALL
100
AcDbPolyline
 90
       12
 70
     0
 43
50.0
 10
18191.57489387742
 20
3904.738729664081
 10
17506.57489387753
 20
3904.738729664088
 10
17506.57489387753
 20
2404.738729664091
 10
16386.57489387753
 20
2404.738729664088
 10
16386.57489387753
 20
2594.738729664081
 10
17316.57489387753
 20
2594.738729664088
 10
17316.57489387753
 20
7684.738729664089
 10
17196.57489387753
 20
7684.738729664103
 10
17196.57489387753
 20
7754.738729664087
 10
17506.57489387753
 20
7754.738729664087
 10
17506.57489387753
 20
4094.738729664094
 10
18191.57489387742
 20
4094.73872966408
  0
INSERT
  5
130F
330
1F
100
AcDbEntity
  8
WALL
100
AcDbBlockReference
 66
     1
  2
A$C4A404C99
 10
18306.89310290622
 20
2934.949435219074
 30
0.0
 41
-1.0
  0
ATTRIB
  5
1310
330
130F
100
AcDbEntity
  8
8
 62
     8
100
AcDbText
 10
17600.55785772197
 20
3279.949409206448
 30
0.0
 40
0.5
  1
690
 50
90.0
 41
0.8000000000465661
 51
0.0000000000000127
 71
     4
100
AcDbAttribute
280
     0
  2
XSIZE
 70
     9
280
     0
  0
ATTRIB
  5
1311
330
130F
100
AcDbEntity
  8
8
 62
     8
100
AcDbText
 10
17600.55785772197
 20
3279.949409206448
 30
0.0
 40
0.5
  1
705
 50
90.0
 41
0.8000000000465661
 51
0.0000000000000127
 71
     4
100
AcDbAttribute
280
     0
  2
YSIZE
 70
     9
280
     0
  0
SEQEND
  5
1312
330
130F
100
AcDbEntity
  8
WALL
  0
LINE
  5
1313
330
1F
100
AcDbEntity
  8
WALL
100
AcDbLine
 10
17531.57489387753
 20
3879.738729664088
 30
0.0
 11
18191.57489387742
 21
3879.738729664081
 31
0.0
  0
LINE
  5
1314
330
1F
100
AcDbEntity
  8
WINDOW
100
AcDbLine
 10
16491.95718121597
 20
2379.738729664088
 30
0.0
 11
16491.95718121597
 21
1880.126070113525
 31
0.0
  0
LINE
  5
1315
330
1F
100
AcDbEntity
  8
WINDOW
100
AcDbLine
 10
16426.76603754678
 20
2379.738729664088
 30
0.0
 11
16426.76603754678
 21
1923.586832559631
 31
0.0
  0
LINE
  5
1316
330
1F
100
AcDbEntity
  8
WINDOW
100
AcDbLine
 10
16361.57489387759
 20
2379.738729664088
 30
0.0
 11
16361.57489387759
 21
1967.047595005766
 31
0.0
  0
LINE
  5
1317
330
1F
100
AcDbEntity
  8
AXIS
100
AcDbLine
 10
17411.57489387753
 20
165.8973716475661
 30
0.0
 11
17411.57489387753
 21
1333.445018177859
 31
0.0
  0
INSERT
  5
1318
330
1F
100
AcDbEntity
  8
BATH
  6
DASH
100
AcDbBlockReference
 66
     1
  2
_C11UFW
 10
-15450.50652041931
 20
2310.603294660038
 30
0.0
 41
-1.0
 43
-1.0
 50
180.0
210
0.0
220
0.0
230
-1.0
  0
ATTRIB
  5
1319
330
1318
100
AcDbEntity
  8
0
100
AcDbText
 10
15450.50652041931
 20
2310.603294660038
 30
0.0
 40
0.5
  1
500
 41
0.7999999999883585
  7
DIM_FONT
 71
     6
100
AcDbAttribute
280
     0
  2
XSIZE
 70
     9
280
     0
  0
ATTRIB
  5
131A
330
1318
100
AcDbEntity
  8
0
100
AcDbText
 10
15450.50652041931
 20
2310.603294660038
 30
0.0
 40
0.5
  1
0
 41
0.7999999999883585
  7
DIM_FONT
 71
     6
100
AcDbAttribute
280
     0
  2
YSIZE
 70
     9
280
     0
  0
SEQEND
  5
131B
330
1318
100
AcDbEntity
  8
BATH
  0
LINE
  5
131C
330
1F
100
AcDbEntity
  8
WALL
100
AcDbLine
 10
17531.57489387753
 20
2379.738729664088
 30
0.0
 11
17531.57489387753
 21
3879.738729664088
 31
0.0
  0
LINE
  5
131D
330
1F
100
AcDbEntity
  8
WALL
100
AcDbLine
 10
16361.57489387754
 20
2619.738729664088
 30
0.0
 11
17291.57489387753
 21
2619.738729664088
 31
0.0
  0
LINE
  5
131E
330
1F
100
AcDbEntity
  8
WALL
100
AcDbLine
 10
16361.57489387754
 20
2379.738729664088
 30
0.0
 11
17531.57489387753
 21
2379.738729664088
 31
0.0
  0
LINE
  5
131F
330
1F
100
AcDbEntity
  8
WALL
100
AcDbLine
 10
16361.57489387754
 20
2619.738729664088
 30
0.0
 11
16361.57489387754
 21
2379.738729664088
 31
0.0
  0
MTEXT
  5
1320
330
1F
100
AcDbEntity
  8
PUB_TEXT
 48
5.0
100
AcDbMText
 10
19445.77060368539
 20
3594.198758615654
 30
0.0
 40
300.0
 41
1336.4886
 46
0.0
 71
     3
 72
     5
  1
\fTxt|b0|i0|c134|p2;阳台
 73
     1
 44
1.0
  0
LWPOLYLINE
  5
1321
330
1F
100
AcDbEntity
  8
WINDOW
100
AcDbPolyline
 90
        4
 70
     1
 43
0.0
 10
19683.29468332934
 20
3947.475558747174
 10
19678.60619100898
 20
3974.911083498293
 10
18906.29065761382
 20
3974.911083498249
 10
18906.39558606186
 20
3943.776352309141
  0
MTEXT
  5
1322
330
1F
100
AcDbEntity
  8
PUB_TEXT
 48
5.0
100
AcDbMText
 10
19690.39931355048
 20
3124.219442450827
 30
0.0
 40
300.0
 41
1336.4886
 46
0.0
 71
     3
 72
     5
  1
\fTxt|b0|i0|c134|p2;4.95m
 73
     1
 44
1.0
  0
MTEXT
  5
1323
330
1F
100
AcDbEntity
  8
PUB_TEXT
 48
5.0
100
AcDbMText
 10
19736.91841587591
 20
3134.996820359556
 30
0.0
 40
100.0
 41
1336.4886
 46
0.0
 71
     3
 72
     5
  1
\fTxt|b0|i0|c134|p2;2
 73
     1
 44
1.0
  0
LINE
  5
1324
330
1F
100
AcDbEntity
  8
WALL
100
AcDbLine
 10
17531.57489387753
 20
4119.738729664088
 30
0.0
 11
18191.57489387742
 21
4119.738729664081
 31
0.0
  0
LINE
  5
1325
330
1F
100
AcDbEntity
  8
WALL
100
AcDbLine
 10
17531.57489387753
 20
4119.738729664088
 30
0.0
 11
17531.57489387753
 21
7779.738729664088
 31
0.0
  0
LINE
  5
1326
330
1F
100
AcDbEntity
  8
WALL
100
AcDbLine
 10
17291.57489387753
 20
4119.738729664088
 30
0.0
 11
17291.57489387753
 21
7659.738729664089
 31
0.0
  0
MTEXT
  5
1327
330
1F
100
AcDbEntity
  8
PUB_TEXT
 48
5.0
100
AcDbMText
 10
16312.54696265915
 20
4818.906167018496
 30
0.0
 40
100.0
 41
1336.4886
 46
0.0
 71
     3
 72
     5
  1
\fTxt|b0|i0|c134|p2;2
 73
     1
 44
1.0
  0
INSERT
  5
1328
330
1F
100
AcDbEntity
  8
WINDOW
100
AcDbBlockReference
 66
     1
  2
_DBLK
 10
16721.57489387753
 20
7719.738729664088
 30
0.0
 41
900.0
 42
-900.0
 43
900.0
 50
180.0
1001
WTHICK
1040
240.0
  0
ATTRIB
  5
1329
330
1328
100
AcDbEntity
  8
WINDOW_TEXT
100
AcDbText
 10
16721.57489387753
 20
7299.738729664088
 30
0.0
 40
300.0
  1

 41
0.8
  7
SIMPLEX
 71
     2
 72
     4
 11
16721.57489387753
 21
7299.738729664088
 31
0.0
100
AcDbAttribute
280
     0
  2
A
 70
     9
280
     0
  0
SEQEND
  5
132A
330
1328
100
AcDbEntity
  8
WINDOW
  0
INSERT
  5
132B
330
1F
100
AcDbEntity
  8
WINDOW
100
AcDbBlockReference
 66
     1
  2
_DBLK
 10
15911.57489387753
 20
7159.738729664089
 30
0.0
 41
800.0
 42
800.0
 43
800.0
 50
270.0
1001
WTHICK
1040
240.0
  0
ATTRIB
  5
132C
330
132B
100
AcDbEntity
  8
WINDOW_TEXT
100
AcDbText
 10
16331.57489387753
 20
7159.738729664089
 30
0.0
 40
300.0
  1

 50
90.0
 41
0.8
 51
0.0000000000000127
  7
SIMPLEX
 72
     4
 11
16331.57489387753
 21
7159.738729664089
 31
0.0
100
AcDbAttribute
280
     0
  2
A
 70
     9
280
     0
  0
SEQEND
  5
132D
330
132B
100
AcDbEntity
  8
WINDOW
  0
LINE
  5
132E
330
1F
100
AcDbEntity
  8
LVTRY
100
AcDbLine
 10
15971.57489387753
 20
7559.738729664089
 30
0.0
 11
15971.57489387753
 21
6759.738729664089
 31
0.0
  0
LINE
  5
132F
330
1F
100
AcDbEntity
  8
WALL
100
AcDbLine
 10
15851.57489387753
 20
6759.738729664089
 30
0.0
 11
15971.57489387753
 21
6759.738729664089
 31
0.0
  0
LINE
  5
1330
330
1F
100
AcDbEntity
  8
WALL
100
AcDbLine
 10
15971.57489387753
 20
6759.738729664089
 30
0.0
 11
15971.57489387753
 21
6639.738729664088
 31
0.0
  0
LINE
  5
1331
330
1F
100
AcDbEntity
  8
WALL
100
AcDbLine
 10
16271.57489387753
 20
7659.738729664089
 30
0.0
 11
16271.57489387753
 21
7779.738729664088
 31
0.0
  0
LINE
  5
1332
330
1F
100
AcDbEntity
  8
WALL
100
AcDbLine
 10
15971.57489387753
 20
7559.738729664089
 30
0.0
 11
15971.57489387753
 21
7659.738729664096
 31
0.0
  0
LINE
  5
1333
330
1F
100
AcDbEntity
  8
WALL
100
AcDbLine
 10
15851.57489387753
 20
7559.738729664089
 30
0.0
 11
15971.57489387753
 21
7559.738729664089
 31
0.0
  0
LINE
  5
1334
330
1F
100
AcDbEntity
  8
WALL
100
AcDbLine
 10
15971.57489387753
 20
7779.738729664096
 30
0.0
 11
16271.57489387753
 21
7779.738729664088
 31
0.0
  0
LINE
  5
1335
330
1F
100
AcDbEntity
  8
WALL
100
AcDbLine
 10
15971.57489387753
 20
7659.738729664096
 30
0.0
 11
16271.57489387753
 21
7659.738729664089
 31
0.0
  0
LINE
  5
1336
330
1F
100
AcDbEntity
  8
WALL
100
AcDbLine
 10
17171.57489387753
 20
7659.738729664089
 30
0.0
 11
17171.57489387753
 21
7779.738729664088
 31
0.0
  0
LINE
  5
1337
330
1F
100
AcDbEntity
  8
WALL
100
AcDbLine
 10
17171.57489387753
 20
7779.738729664088
 30
0.0
 11
17291.57489387753
 21
7779.738729664088
 31
0.0
  0
LINE
  5
1338
330
1F
100
AcDbEntity
  8
WALL
100
AcDbLine
 10
17171.57489387753
 20
7659.738729664089
 30
0.0
 11
17291.57489387753
 21
7659.738729664089
 31
0.0
  0
LINE
  5
1339
330
1F
100
AcDbEntity
  8
WALL
100
AcDbLine
 10
17531.57489387753
 20
7779.738729664088
 30
0.0
 11
17291.57489387753
 21
7779.738729664088
 31
0.0
  0
MTEXT
  5
133A
330
1F
100
AcDbEntity
  8
PUB_TEXT
 48
5.0
100
AcDbMText
 10
19519.89390893715
 20
6082.501437557141
 30
0.0
 40
100.0
 41
1336.4886
 46
0.0
 71
     3
 72
     5
  1
\fTxt|b0|i0|c134|p2;2
 73
     1
 44
1.0
  0
MTEXT
  5
133B
330
1F
100
AcDbEntity
  8
PUB_TEXT
 48
5.0
100
AcDbMText
 10
19466.8654408577
 20
6099.034963241582
 30
0.0
 40
300.0
 41
1336.4886
 46
0.0
 71
     3
 72
     5
  1
\fTxt|b0|i0|c134|p2;13.95m
 73
     1
 44
1.0
  0
LINE
  5
133C
330
1F
100
AcDbEntity
  8
LVTRY
100
AcDbLine
 10
19691.57489387742
 20
4119.73872966443
 30
0.0
 11
18191.57489387742
 21
4119.738729664351
 31
0.0
  0
MTEXT
  5
133D
330
1F
100
AcDbEntity
  8
PUB_TEXT
 48
5.0
100
AcDbMText
 10
19030.59319436193
 20
6541.991455376622
 30
0.0
 40
300.0
 41
1336.4886
 46
0.0
 71
     3
 72
     5
  1
\fTxt|b0|i0|c134|p2;卧室
 73
     1
 44
1.0
  0
LINE
  5
133E
330
1F
100
AcDbEntity
  8
WALL
100
AcDbLine
 10
23111.57489387754
 20
4119.73872966411
 30
0.0
 11
23111.57489387754
 21
3879.73872966411
 31
0.0
  0
LINE
  5
133F
330
1F
100
AcDbEntity
  8
WALL
100
AcDbLine
 10
21611.57489387754
 20
4119.73872966411
 30
0.0
 11
21611.57489387754
 21
3879.73872966411
 31
0.0
  0
LINE
  5
1340
330
1F
100
AcDbEntity
  8
WINDOW
100
AcDbLine
 10
23241.95718121597
 20
3380.126070113547
 30
0.0
 11
21481.19260653916
 21
3380.126070113547
 31
0.0
  0
LINE
  5
1341
330
1F
100
AcDbEntity
  8
WINDOW
100
AcDbLine
 10
23176.76603754678
 20
3423.586832559653
 30
0.0
 11
21546.38375020835
 21
3423.586832559653
 31
0.0
  0
LINE
  5
1342
330
1F
100
AcDbEntity
  8
WINDOW
100
AcDbLine
 10
23111.57489387759
 20
3467.047595005788
 30
0.0
 11
21611.57489387754
 21
3467.047595005788
 31
0.0
  0
DIMENSION
  5
1343
330
1F
100
AcDbEntity
  8
AXIS
100
AcDbDimension
280
     0
  2
*D66
 10
20711.57489387754
 20
497.598552843941
 30
0.0
 11
22361.57489387754
 21
797.598552843941
 31
0.0
 70
    33
 71
     5
 42
3300.0
 73
     0
 74
     0
 75
     0
  3
AXIS
100
AcDbAlignedDimension
 13
24011.57489387754
 23
1333.445018177859
 33
0.0
 14
20711.57489387754
 24
1333.445018177859
 34
0.0
  0
LINE
  5
1344
330
1F
100
AcDbEntity
  8
AXIS
100
AcDbLine
 10
20711.57489387754
 20
165.8973716475661
 30
0.0
 11
20711.57489387754
 21
1333.445018177859
 31
0.0
  0
LINE
  5
1345
330
1F
100
AcDbEntity
  8
WINDOW
100
AcDbLine
 10
21481.19260653916
 20
3380.126070113547
 30
0.0
 11
21481.19260653916
 21
3879.73872966411
 31
0.0
  0
INSERT
  5
1346
330
1F
100
AcDbEntity
  8
BATH
  6
DASH
100
AcDbBlockReference
 66
     1
  2
_C11UFW
 10
-22350.50652041931
 20
3810.603294660061
 30
0.0
 41
-1.0
 43
-1.0
 50
180.0
210
0.0
220
0.0
230
-1.0
  0
ATTRIB
  5
1347
330
1346
100
AcDbEntity
  8
0
100
AcDbText
 10
22350.50652041931
 20
3810.603294660061
 30
0.0
 40
0.5
  1
500
 41
0.7999999999883585
  7
DIM_FONT
 71
     6
100
AcDbAttribute
280
     0
  2
XSIZE
 70
     9
280
     0
  0
ATTRIB
  5
1348
330
1346
100
AcDbEntity
  8
0
100
AcDbText
 10
22350.50652041931
 20
3810.603294660061
 30
0.0
 40
0.5
  1
0
 41
0.7999999999883585
  7
DIM_FONT
 71
     6
100
AcDbAttribute
280
     0
  2
YSIZE
 70
     9
280
     0
  0
SEQEND
  5
1349
330
1346
100
AcDbEntity
  8
BATH
  0
LINE
  5
134A
330
1F
100
AcDbEntity
  8
WINDOW
100
AcDbLine
 10
21546.38375020835
 20
3423.586832559653
 30
0.0
 11
21546.38375020835
 21
3879.73872966411
 31
0.0
  0
LINE
  5
134B
330
1F
100
AcDbEntity
  8
WINDOW
100
AcDbLine
 10
21611.57489387754
 20
3467.047595005788
 30
0.0
 11
21611.57489387754
 21
3879.73872966411
 31
0.0
  0
LINE
  5
134C
330
1F
100
AcDbEntity
  8
WALL
100
AcDbLine
 10
23111.57489387754
 20
3879.738729664088
 30
0.0
 11
24131.57489387754
 21
3879.738729664088
 31
0.0
  0
LINE
  5
134D
330
1F
100
AcDbEntity
  8
WINDOW
100
AcDbLine
 10
23111.57489387759
 20
3879.73872966411
 30
0.0
 11
23111.57489387759
 21
3467.047595005788
 31
0.0
  0
LINE
  5
134E
330
1F
100
AcDbEntity
  8
WINDOW
100
AcDbLine
 10
23176.76603754678
 20
3879.73872966411
 30
0.0
 11
23176.76603754678
 21
3423.586832559653
 31
0.0
  0
LINE
  5
134F
330
1F
100
AcDbEntity
  8
WINDOW
100
AcDbLine
 10
23241.95718121597
 20
3879.73872966411
 30
0.0
 11
23241.95718121597
 21
3380.126070113547
 31
0.0
  0
LINE
  5
1350
330
1F
100
AcDbEntity
  8
WINDOW
100
AcDbLine
 10
23111.57489387754
 20
4119.73872966411
 30
0.0
 11
21611.57489387754
 21
4119.73872966411
 31
0.0
  0
MTEXT
  5
1351
330
1F
100
AcDbEntity
  8
PUB_TEXT
 48
5.0
100
AcDbMText
 10
22819.89390893716
 20
6107.295391253377
 30
0.0
 40
100.0
 41
1336.4886
 46
0.0
 71
     3
 72
     5
  1
\fTxt|b0|i0|c134|p2;2
 73
     1
 44
1.0
  0
MTEXT
  5
1352
330
1F
100
AcDbEntity
  8
PUB_TEXT
 48
5.0
100
AcDbMText
 10
22766.8654408577
 20
6132.474348494383
 30
0.0
 40
300.0
 41
1336.4886
 46
0.0
 71
     3
 72
     5
  1
\fTxt|b0|i0|c134|p2;13.95m
 73
     1
 44
1.0
  0
LINE
  5
1353
330
1F
100
AcDbEntity
  8
WALL
100
AcDbLine
 10
20831.57489387754
 20
4119.738729664095
 30
0.0
 11
21611.57489387754
 21
4119.73872966411
 31
0.0
  0
MTEXT
  5
1354
330
1F
100
AcDbEntity
  8
PUB_TEXT
 48
5.0
100
AcDbMText
 10
22330.59319436194
 20
6575.430840629422
 30
0.0
 40
300.0
 41
1336.4886
 46
0.0
 71
     3
 72
     5
  1
\fTxt|b0|i0|c134|p2;卧室
 73
     1
 44
1.0
  0
LINE
  5
1355
330
1F
100
AcDbEntity
  8
WALL
100
AcDbLine
 10
23111.57489387754
 20
4119.738729664124
 30
0.0
 11
23891.57489387754
 21
4119.738729664124
 31
0.0
  0
INSERT
  5
1356
330
1F
100
AcDbEntity
  8
BATH
  6
DASH
100
AcDbBlockReference
 66
     1
  2
_C11UFW
 10
-20502.64326733576
 20
14388.87416466813
 30
0.0
 41
-1.0
 43
-1.0
210
0.0
220
0.0
230
-1.0
  0
ATTRIB
  5
1357
330
1356
100
AcDbEntity
  8
0
100
AcDbText
 10
20502.64326733576
 20
14388.87416466813
 30
0.0
 40
0.5
  1
500
 50
180.0
 41
0.7999999999883585
  7
DIM_FONT
 71
     6
100
AcDbAttribute
280
     0
  2
XSIZE
 70
     9
280
     0
  0
ATTRIB
  5
1358
330
1356
100
AcDbEntity
  8
0
100
AcDbText
 10
20502.64326733576
 20
14388.87416466813
 30
0.0
 40
0.5
  1
0
 50
180.0
 41
0.7999999999883585
  7
DIM_FONT
 71
     6
100
AcDbAttribute
280
     0
  2
YSIZE
 70
     9
280
     0
  0
SEQEND
  5
1359
330
1356
100
AcDbEntity
  8
BATH
  0
LINE
  5
135A
330
1F
100
AcDbEntity
  8
WINDOW
100
AcDbLine
 10
19676.38375020835
 20
14775.89062676854
 30
0.0
 11
21306.76603754673
 21
14775.89062676854
 31
0.0
  0
LINE
  5
135B
330
1F
100
AcDbEntity
  8
WINDOW
100
AcDbLine
 10
19741.57489387753
 20
14732.42986432241
 30
0.0
 11
21241.57489387754
 21
14732.42986432241
 31
0.0
  0
LINE
  5
135C
330
1F
100
AcDbEntity
  8
WINDOW
100
AcDbLine
 10
19741.57489387753
 20
14079.73872966409
 30
0.0
 11
21241.57489387754
 21
14079.73872966409
 31
0.0
  0
LINE
  5
135D
330
1F
100
AcDbEntity
  8
WINDOW
100
AcDbLine
 10
19611.19260653916
 20
14819.35138921465
 30
0.0
 11
21371.95718121591
 21
14819.35138921465
 31
0.0
  0
MTEXT
  5
135E
330
1F
100
AcDbEntity
  8
PUB_TEXT
 48
5.0
100
AcDbMText
 10
20995.07552508717
 20
10031.99421805148
 30
0.0
 40
300.0
 41
1336.4886
 46
0.0
 71
     3
 72
     5
  1
\fTxt|b0|i0|c134|p2;4.08m
 73
     1
 44
1.0
  0
MTEXT
  5
135F
330
1F
100
AcDbEntity
  8
PUB_TEXT
 48
5.0
100
AcDbMText
 10
21017.44513986834
 20
11582.24188117616
 30
0.0
 40
300.0
 41
1336.4886
 46
0.0
 71
     3
 72
     5
  1
\fTxt|b0|i0|c134|p2;9.96m
 73
     1
 44
1.0
  0
LINE
  5
1360
330
1F
100
AcDbEntity
  8
WALL
100
AcDbLine
 10
17291.57489387753
 20
8919.738729664087
 30
0.0
 11
20951.5748938776
 21
8919.738729664087
 31
0.0
  0
LINE
  5
1361
330
1F
100
AcDbEntity
  8
WALL
100
AcDbLine
 10
17531.57489387753
 20
8679.738729664087
 30
0.0
 11
20591.57489387754
 21
8679.738729664087
 31
0.0
  0
MTEXT
  5
1362
330
1F
100
AcDbEntity
  8
PUB_TEXT
 48
5.0
100
AcDbMText
 10
20734.04356260515
 20
12079.27283183169
 30
0.0
 40
300.0
 41
1336.4886
 46
0.0
 71
     3
 72
     5
  1
\fTxt|b0|i0|c134|p2;餐厅
 73
     1
 44
1.0
  0
LINE
  5
1363
330
1F
100
AcDbEntity
  8
WALL
100
AcDbLine
 10
19131.57489387753
 20
10419.73872966409
 30
0.0
 11
19131.57489387753
 21
14079.73872966409
 31
0.0
  0
LINE
  5
1364
330
1F
100
AcDbEntity
  8
WALL
100
AcDbLine
 10
18891.57489387753
 20
10419.73872966409
 30
0.0
 11
18891.57489387753
 21
14079.73872966409
 31
0.0
  0
LWPOLYLINE
  5
1365
330
1F
100
AcDbEntity
  8
PUB_WALL
100
AcDbPolyline
 90
        8
 70
     1
 43
50.0
 10
18916.57489387753
 20
10444.73872966409
 10
19106.57489387753
 20
10444.73872966408
 10
19106.57489387753
 20
14104.73872966409
 10
19716.57489387753
 20
14104.73872966409
 10
19716.57489387759
 20
14294.73872966409
 10
18136.57489387754
 20
14294.73872966409
 10
18136.57489387754
 20
14104.73872966409
 10
18916.57489387759
 20
14104.73872966409
  0
TEXT
  5
1366
330
1F
100
AcDbEntity
  8
ZT
100
AcDbText
 10
15668.81189443792
 20
9798.577278425241
 30
0.0
 40
552.833609142857
  1
A2
 41
0.8
  7
-宋体
100
AcDbText
  0
MTEXT
  5
1367
330
1F
100
AcDbEntity
  8
PUB_TEXT
 48
5.0
100
AcDbMText
 10
17233.47838713582
 20
8228.398254711015
 30
0.0
 40
100.0
 41
1336.4886
 46
0.0
 71
     3
 72
     5
  1
\fTxt|b0|i0|c134|p2;2
 73
     1
 44
1.0
  0
LINE
  5
1368
330
1F
100
AcDbEntity
  8
WALL
100
AcDbLine
 10
17531.57489387753
 20
8679.738729664087
 30
0.0
 11
17531.57489387753
 21
8679.738729664087
 31
0.0
  0
LINE
  5
1369
330
1F
100
AcDbEntity
  8
WALL
100
AcDbLine
 10
17531.57489387753
 20
8679.738729664087
 30
0.0
 11
17291.57489387753
 21
8679.738729664087
 31
0.0
  0
LINE
  5
136A
330
1F
100
AcDbEntity
  8
WALL
100
AcDbLine
 10
17291.57489387753
 20
8679.738729664087
 30
0.0
 11
17291.57489387753
 21
8919.738729664087
 31
0.0
  0
MTEXT
  5
136B
330
1F
100
AcDbEntity
  8
PUB_TEXT
 48
5.0
100
AcDbMText
 10
17463.36409924137
 20
11573.4560308485
 30
0.0
 40
300.0
 41
1336.4886
 46
0.0
 71
     3
 72
     5
  1
\fTxt|b0|i0|c134|p2;20.43m
 73
     1
 44
1.0
  0
MTEXT
  5
136C
330
1F
100
AcDbEntity
  8
PUB_TEXT
 48
5.0
100
AcDbMText
 10
17040.2997163055
 20
12039.4225242241
 30
0.0
 40
300.0
 41
1336.4886
 46
0.0
 71
     3
 72
     5
  1
\fTxt|b0|i0|c134|p2;客厅
 73
     1
 44
1.0
  0
MTEXT
  5
136D
330
1F
100
AcDbEntity
  8
PUB_TEXT
 48
5.0
100
AcDbMText
 10
17508.95006837811
 20
11566.64105759035
 30
0.0
 40
100.0
 41
1336.4886
 46
0.0
 71
     3
 72
     5
  1
\fTxt|b0|i0|c134|p2;2
 73
     1
 44
1.0
  0
LINE
  5
136E
330
1F
100
AcDbEntity
  8
WALL
100
AcDbLine
 10
19131.57489387753
 20
10419.73872966409
 30
0.0
 11
18891.57489387753
 21
10419.73872966409
 31
0.0
  0
LINE
  5
136F
330
1F
100
AcDbEntity
  8
LVTRY
100
AcDbLine
 10
18111.57489387754
 20
14319.73872966409
 30
0.0
 11
16311.57489387753
 21
14319.73872966409
 31
0.0
  0
LWPOLYLINE
  5
1370
330
1F
100
AcDbEntity
  8
WINDOW
100
AcDbPolyline
 90
        4
 70
     1
 43
0.0
 10
18103.29468332951
 20
14147.47555874683
 10
18098.60619100915
 20
14174.91108349794
 10
17176.29065761394
 20
14174.91108349794
 10
17176.39558606197
 20
14143.77635230884
  0
LINE
  5
1371
330
1F
100
AcDbEntity
  8
WALL
100
AcDbLine
 10
16311.57489387753
 20
14079.73872966409
 30
0.0
 11
16311.57489387753
 21
14319.73872966409
 31
0.0
  0
MTEXT
  5
1372
330
1F
100
AcDbEntity
  8
PUB_TEXT
 48
5.0
100
AcDbMText
 10
16941.85291215968
 20
15479.08588566306
 30
0.0
 40
300.0
 41
1336.4886
 46
0.0
 71
     3
 72
     5
  1
\fTxt|b0|i0|c134|p2;阳台
 73
     1
 44
1.0
  0
LWPOLYLINE
  5
1373
330
1F
100
AcDbEntity
  8
WINDOW
100
AcDbPolyline
 90
        4
 70
     1
 43
0.0
 10
17245.58088603637
 20
14219.10476614612
 10
17240.89239371607
 20
14246.54029089724
 10
16322.57686032085
 20
14246.54029089724
 10
16322.68178876889
 20
14215.40555970812
  0
MTEXT
  5
1374
330
1F
100
AcDbEntity
  8
PUB_TEXT
 48
5.0
100
AcDbMText
 10
17234.9659362381
 20
14999.32674618424
 30
0.0
 40
300.0
 41
1336.4886
 46
0.0
 71
     3
 72
     5
  1
\fTxt|b0|i0|c134|p2;6.67m
 73
     1
 44
1.0
  0
MTEXT
  5
1375
330
1F
100
AcDbEntity
  8
PUB_TEXT
 48
5.0
100
AcDbMText
 10
17303.4619215463
 20
14999.32674618424
 30
0.0
 40
100.0
 41
1336.4886
 46
0.0
 71
     3
 72
     5
  1
\fTxt|b0|i0|c134|p2;2
 73
     1
 44
1.0
  0
LINE
  5
1376
330
1F
100
AcDbEntity
  8
WALL
100
AcDbLine
 10
19741.57489387753
 20
14079.73872966409
 30
0.0
 11
19741.57489387753
 21
14319.73872966409
 31
0.0
  0
LINE
  5
1377
330
1F
100
AcDbEntity
  8
WALL
100
AcDbLine
 10
18111.57489387754
 20
14079.73872966409
 30
0.0
 11
18111.57489387754
 21
14319.73872966409
 31
0.0
  0
LINE
  5
1378
330
1F
100
AcDbEntity
  8
WALL
100
AcDbLine
 10
18891.57489387753
 20
14079.73872966409
 30
0.0
 11
18111.57489387754
 21
14079.73872966409
 31
0.0
  0
LINE
  5
1379
330
1F
100
AcDbEntity
  8
WALL
100
AcDbLine
 10
19131.57489387753
 20
14079.73872966409
 30
0.0
 11
19741.57489387753
 21
14079.73872966409
 31
0.0
  0
LINE
  5
137A
330
1F
100
AcDbEntity
  8
WALL
100
AcDbLine
 10
18111.57489387754
 20
14319.73872966409
 30
0.0
 11
19741.57489387753
 21
14319.73872966409
 31
0.0
  0
INSERT
  5
137B
330
1F
100
AcDbEntity
  8
BATH
  6
DASH
100
AcDbBlockReference
 66
     1
  2
_C11UFW
 10
18727.978733221
 20
15000.82651622336
 30
0.0
 41
-1.0
 50
270.0
  0
ATTRIB
  5
137C
330
137B
100
AcDbEntity
  8
0
100
AcDbText
 10
18728.47873322099
 20
15000.82651622336
 30
0.0
 40
0.5
  1
500
 50
90.0
 41
0.7999999999883585
 51
-180.0
  7
DIM_FONT
100
AcDbAttribute
280
     0
  2
XSIZE
 70
     9
280
     0
  0
ATTRIB
  5
137D
330
137B
100
AcDbEntity
  8
0
100
AcDbText
 10
18728.47873322099
 20
15000.82651622336
 30
0.0
 40
0.5
  1
0
 50
90.0
 41
0.7999999999883585
 51
-180.0
  7
DIM_FONT
100
AcDbAttribute
280
     0
  2
YSIZE
 70
     9
280
     0
  0
SEQEND
  5
137E
330
137B
100
AcDbEntity
  8
BATH
  0
LINE
  5
137F
330
1F
100
AcDbEntity
  8
WINDOW
100
AcDbLine
 10
19611.19260653916
 20
14319.73872966409
 30
0.0
 11
19611.19260653916
 21
14819.35138921465
 31
0.0
  0
LINE
  5
1380
330
1F
100
AcDbEntity
  8
WINDOW
100
AcDbLine
 10
19741.57489387753
 20
14319.73872966409
 30
0.0
 11
19741.57489387753
 21
14732.42986432241
 31
0.0
  0
LINE
  5
1381
330
1F
100
AcDbEntity
  8
WINDOW
100
AcDbLine
 10
19676.38375020835
 20
14319.73872966409
 30
0.0
 11
19676.38375020835
 21
14775.89062676854
 31
0.0
  0
INSERT
  5
1382
330
1F
100
AcDbEntity
  8
LVTRY
 48
5.0
100
AcDbBlockReference
  2
A$C3786725B
 10
23411.57487552286
 20
12280.37823454068
 30
0.0
 41
1.200000000000727
 42
1.200000000000727
 43
1.200000000000727
 50
270.0
  0
LWPOLYLINE
  5
1383
330
1F
100
AcDbEntity
  8
WINDOW
100
AcDbPolyline
 90
        4
 70
     1
 43
0.0
 10
21859.31172296066
 20
11784.8940632498
 10
21886.74724771174
 20
11789.58255557017
 10
21886.74724771174
 20
12548.96280300538
 10
21855.61251652263
 20
12548.85787455734
  0
LINE
  5
1384
330
1F
100
AcDbEntity
  8
LVTRY
 48
5.0
100
AcDbLine
 10
23271.57489387754
 20
13479.73872966409
 30
0.0
 11
23271.57489387754
 21
10959.73872966409
 31
0.0
  0
LINE
  5
1385
330
1F
100
AcDbEntity
  8
WALL
100
AcDbLine
 10
23891.57489387754
 20
10959.73872966408
 30
0.0
 11
23891.57489387754
 21
14079.73872966409
 31
0.0
  0
INSERT
  5
1386
330
1F
100
AcDbEntity
  8
LVTRY
 48
5.0
100
AcDbBlockReference
 66
     1
  2
A$C7E780FB7
 10
22425.90808008388
 20
8918.287975607244
 30
0.0
 41
-1.0
 50
270.0
  0
ATTRIB
  5
1387
330
1386
100
AcDbEntity
  8
0
100
AcDbText
 10
22666.65811117743
 20
8919.738729664102
 30
0.0
 40
0.5
  1
480
 50
90.0
 41
0.8000000000029103
 71
     6
100
AcDbAttribute
280
     0
  2
YSIZE
 70
     9
280
     0
  0
ATTRIB
  5
1388
330
1386
100
AcDbEntity
  8
0
100
AcDbText
 10
22666.65811117743
 20
8919.738729664102
 30
0.0
 40
0.5
  1
720
 50
90.0
 41
0.8000000000029103
 71
     6
100
AcDbAttribute
280
     0
  2
XSIZE
 70
     9
280
     0
  0
SEQEND
  5
1389
330
1386
100
AcDbEntity
  8
WALL
 48
5.0
  0
LINE
  5
138A
330
1F
100
AcDbEntity
  8
WALL
100
AcDbLine
 10
21971.57489387754
 20
8919.738729664087
 30
0.0
 11
23891.57489387754
 21
8919.738729664095
 31
0.0
  0
LINE
  5
138B
330
1F
100
AcDbEntity
  8
WALL
100
AcDbLine
 10
21971.57489387754
 20
10839.73872966409
 30
0.0
 11
23891.57489387754
 21
10839.73872966409
 31
0.0
  0
LINE
  5
138C
330
1F
100
AcDbEntity
  8
WALL
100
AcDbLine
 10
21971.57489387754
 20
10959.73872966408
 30
0.0
 11
23891.57489387754
 21
10959.73872966409
 31
0.0
  0
MTEXT
  5
138D
330
1F
100
AcDbEntity
  8
PUB_TEXT
 48
5.0
100
AcDbMText
 10
23777.53685371611
 20
9952.401360905199
 30
0.0
 40
300.0
 41
1336.4886
 46
0.0
 71
     3
 72
     5
  1
\fTxt|b0|i0|c134|p2;3.69m
 73
     1
 44
1.0
  0
INSERT
  5
138E
330
1F
100
AcDbEntity
  8
LVTRY
 48
5.0
100
AcDbBlockReference
  2
A$C05DF5B67
 10
22283.44665214971
 20
10371.67498015912
 30
0.0
  0
LINE
  5
138F
330
1F
100
AcDbEntity
  8
WALL
100
AcDbLine
 10
21851.57489387759
 20
8679.738729664096
 30
0.0
 11
23891.57489387754
 21
8679.738729664087
 31
0.0
  0
INSERT
  5
1390
330
1F
100
AcDbEntity
  8
WINDOW
100
AcDbBlockReference
 66
     1
  2
_DBLK
 10
21911.57489387754
 20
9849.738729664089
 30
0.0
 41
-800.0
 42
-800.0
 43
800.0
 50
270.0
1001
WTHICK
1040
240.0
  0
ATTRIB
  5
1391
330
1390
100
AcDbEntity
  8
WINDOW_TEXT
100
AcDbText
 10
22331.57489387754
 20
9849.738729664089
 30
0.0
 40
300.0
  1

 50
90.0
 41
0.8
  7
SIMPLEX
 72
     4
 11
22331.57489387754
 21
9849.738729664089
 31
0.0
100
AcDbAttribute
280
     0
  2
A
 70
     9
280
     0
  0
SEQEND
  5
1392
330
1390
100
AcDbEntity
  8
WINDOW
  0
LINE
  5
1393
330
1F
100
AcDbEntity
  8
LVTRY
100
AcDbLine
 10
21851.57489387754
 20
10249.73872966409
 30
0.0
 11
21851.57489387754
 21
9449.738729664089
 31
0.0
  0
LINE
  5
1394
330
1F
100
AcDbEntity
  8
WALL
100
AcDbLine
 10
20831.57489387754
 20
8679.738729664096
 30
0.0
 11
20951.5748938776
 21
8679.738729664096
 31
0.0
  0
LINE
  5
1395
330
1F
100
AcDbEntity
  8
WALL
100
AcDbLine
 10
20951.5748938776
 20
8679.738729664096
 30
0.0
 11
20951.5748938776
 21
8919.738729664087
 31
0.0
  0
MTEXT
  5
1396
330
1F
100
AcDbEntity
  8
PUB_TEXT
 48
5.0
100
AcDbMText
 10
21052.23045497671
 20
10025.4018378888
 30
0.0
 40
100.0
 41
1336.4886
 46
0.0
 71
     3
 72
     5
  1
\fTxt|b0|i0|c134|p2;2
 73
     1
 44
1.0
  0
LINE
  5
1397
330
1F
100
AcDbEntity
  8
WALL
100
AcDbLine
 10
21851.57489387754
 20
8919.738729664087
 30
0.0
 11
21851.57489387754
 21
9449.738729664089
 31
0.0
  0
LINE
  5
1398
330
1F
100
AcDbEntity
  8
WALL
100
AcDbLine
 10
21971.57489387754
 20
9449.738729664082
 30
0.0
 11
21971.57489387754
 21
8919.738729664087
 31
0.0
  0
LINE
  5
1399
330
1F
100
AcDbEntity
  8
WALL
100
AcDbLine
 10
21851.57489387759
 20
8679.738729664096
 30
0.0
 11
21851.57489387759
 21
8919.738729664095
 31
0.0
  0
LINE
  5
139A
330
1F
100
AcDbEntity
  8
WALL
100
AcDbLine
 10
21851.57489387754
 20
9449.738729664089
 30
0.0
 11
21971.57489387754
 21
9449.738729664082
 31
0.0
  0
MTEXT
  5
139B
330
1F
100
AcDbEntity
  8
PUB_TEXT
 48
5.0
100
AcDbMText
 10
21074.60006975794
 20
11575.64950101349
 30
0.0
 40
100.0
 41
1336.4886
 46
0.0
 71
     3
 72
     5
  1
\fTxt|b0|i0|c134|p2;2
 73
     1
 44
1.0
  0
LINE
  5
139C
330
1F
100
AcDbEntity
  8
WALL
100
AcDbLine
 10
21971.57489387754
 20
10959.73872966409
 30
0.0
 11
21971.57489387754
 21
11769.73872966408
 31
0.0
  0
LINE
  5
139D
330
1F
100
AcDbEntity
  8
WALL
100
AcDbLine
 10
21851.57489387754
 20
10959.73872966409
 30
0.0
 11
21851.57489387754
 21
11769.73872966408
 31
0.0
  0
LINE
  5
139E
330
1F
100
AcDbEntity
  8
WALL
100
AcDbLine
 10
21971.57489387754
 20
10839.73872966409
 30
0.0
 11
21971.57489387754
 21
10249.73872966409
 31
0.0
  0
LINE
  5
139F
330
1F
100
AcDbEntity
  8
WALL
100
AcDbLine
 10
21851.57489387759
 20
10249.73872966409
 30
0.0
 11
21971.57489387754
 21
10249.73872966409
 31
0.0
  0
LINE
  5
13A0
330
1F
100
AcDbEntity
  8
WALL
100
AcDbLine
 10
21851.57489387754
 20
10249.73872966409
 30
0.0
 11
21851.57489387754
 21
10959.73872966409
 31
0.0
  0
LINE
  5
13A1
330
1F
100
AcDbEntity
  8
WALL
100
AcDbLine
 10
21851.57489387754
 20
11769.73872966408
 30
0.0
 11
21971.57489387754
 21
11769.73872966408
 31
0.0
  0
LINE
  5
13A2
330
1F
100
AcDbEntity
  8
WALL
100
AcDbLine
 10
23891.57489387754
 20
8919.738729664095
 30
0.0
 11
23891.57489387754
 21
10839.73872966408
 31
0.0
  0
LINE
  5
13A3
330
1F
100
AcDbEntity
  8
WALL
100
AcDbLine
 10
23541.57489387754
 20
8919.738729664095
 30
0.0
 11
23541.57489387754
 21
9419.738729664095
 31
0.0
  0
LWPOLYLINE
  5
13A4
330
1F
100
AcDbEntity
  8
LVTRY
100
AcDbPolyline
 90
        3
 70
     0
 43
0.0
 10
23891.57489387754
 20
8919.738729664095
 10
23652.52968904974
 20
9069.300418436004
 10
23541.57489387754
 20
9419.738729664095
  0
LWPOLYLINE
  5
13A5
330
1F
100
AcDbEntity
  8
PUB_WALL
100
AcDbPolyline
 90
        3
 70
     0
 43
50.0
 10
23566.57489387754
 20
8919.738729664095
 10
23566.57489387754
 20
9394.738729664096
 10
23891.57489387754
 20
9394.738729664096
  0
LINE
  5
13A6
330
1F
100
AcDbEntity
  8
WALL
100
AcDbLine
 10
23541.57489387754
 20
9419.738729664095
 30
0.0
 11
23891.57489387754
 21
9419.738729664095
 31
0.0
  0
MTEXT
  5
13A7
330
1F
100
AcDbEntity
  8
PUB_TEXT
 48
5.0
100
AcDbMText
 10
23834.69178360565
 20
9945.808980742521
 30
0.0
 40
100.0
 41
1336.4886
 46
0.0
 71
     3
 72
     5
  1
\fTxt|b0|i0|c134|p2;2
 73
     1
 44
1.0
  0
LINE
  5
13A8
330
1F
100
AcDbEntity
  8
WALL
100
AcDbLine
 10
23541.57489387754
 20
10959.73872966409
 30
0.0
 11
23541.57489387754
 21
11459.73872966409
 31
0.0
  0
LWPOLYLINE
  5
13A9
330
1F
100
AcDbEntity
  8
LVTRY
100
AcDbPolyline
 90
        3
 70
     0
 43
0.0
 10
23891.57489387754
 20
10959.73872966409
 10
23652.52968904974
 20
11109.30041843599
 10
23541.57489387754
 20
11459.73872966409
  0
LWPOLYLINE
  5
13AA
330
1F
100
AcDbEntity
  8
PUB_WALL
100
AcDbPolyline
 90
        3
 70
     0
 43
50.0
 10
23566.57489387754
 20
10959.73872966409
 10
23566.57489387754
 20
11434.73872966409
 10
23891.57489387754
 20
11434.73872966409
  0
INSERT
  5
13AB
330
1F
100
AcDbEntity
  8
0
100
AcDbBlockReference
  2
A$C4AEA3397
 10
23427.6026740393
 20
10839.73878321927
 30
0.0
 41
-1.0
 50
180.0
  0
LINE
  5
13AC
330
1F
100
AcDbEntity
  8
WALL
100
AcDbLine
 10
23541.57489387754
 20
11459.73872966409
 30
0.0
 11
23891.57489387754
 21
11459.73872966409
 31
0.0
  0
MTEXT
  5
13AD
330
1F
100
AcDbEntity
  8
PUB_TEXT
 48
5.0
100
AcDbMText
 10
22977.75067106289
 20
13400.30782120119
 30
0.0
 40
300.0
 41
1336.4886
 46
0.0
 71
     3
 72
     5
  1
\fTxt|b0|i0|c134|p2;厨房
 73
     1
 44
1.0
  0
LINE
  5
13AE
330
1F
100
AcDbEntity
  8
LVTRY
 48
5.0
100
AcDbLine
 10
21971.57489387754
 20
13479.73872966409
 30
0.0
 11
23271.57489387754
 21
13479.73872966409
 31
0.0
  0
INSERT
  5
13AF
330
1F
100
AcDbEntity
  8
WINDOW
100
AcDbBlockReference
 66
     1
  2
_WBLK
 10
22931.57489387754
 20
14199.73872966409
 30
0.0
 41
1000.0
 42
239.9999999999855
 43
1000.0
1001
WTHICK
1040
239.9999999999855
  0
ATTRIB
  5
13B0
330
13AF
100
AcDbEntity
  8
WINDOW_TEXT
100
AcDbText
 10
22931.57489387754
 20
14619.73872966407
 30
0.0
 40
300.0
  1

 41
0.8
  7
SIMPLEX
 72
     4
 11
22931.57489387754
 21
14619.73872966407
 31
0.0
100
AcDbAttribute
280
     0
  2
A
 70
     9
280
     0
  0
SEQEND
  5
13B1
330
13AF
100
AcDbEntity
  8
WINDOW
  0
INSERT
  5
13B2
330
1F
100
AcDbEntity
  8
LVTRY
100
AcDbBlockReference
 66
     1
  2
M_E25ESP
 10
22534.61519119305
 20
14049.45917692701
 30
0.0
 41
-1.0
 50
90.0
  0
ATTRIB
  5
13B3
330
13B2
100
AcDbEntity
  8
0
100
AcDbText
 10
22534.11519119305
 20
14049.45917692701
 30
0.0
 40
0.5
  1
450
 50
270.0
 41
0.8
  7
DIM_FONT
100
AcDbAttribute
280
     0
  2
XSIZE
 70
     9
280
     0
  0
ATTRIB
  5
13B4
330
13B2
100
AcDbEntity
  8
0
100
AcDbText
 10
22534.11519119305
 20
14049.45917692701
 30
0.0
 40
0.5
  1
675
 50
270.0
 41
0.8
  7
DIM_FONT
100
AcDbAttribute
280
     0
  2
YSIZE
 70
     9
280
     0
  0
SEQEND
  5
13B5
330
13B2
100
AcDbEntity
  8
LVTRY
  0
MTEXT
  5
13B6
330
1F
100
AcDbEntity
  8
PUB_TEXT
 48
5.0
100
AcDbMText
 10
23214.32519598467
 20
12903.27687054567
 30
0.0
 40
300.0
 41
1336.4886
 46
0.0
 71
     3
 72
     5
  1
\fTxt|b0|i0|c134|p2;5.99m
 73
     1
 44
1.0
  0
LINE
  5
13B7
330
1F
100
AcDbEntity
  8
WALL
100
AcDbLine
 10
22431.57489387753
 20
14079.73872966409
 30
0.0
 11
22431.57489387753
 21
14319.73872966407
 31
0.0
  0
LINE
  5
13B8
330
1F
100
AcDbEntity
  8
WALL
100
AcDbLine
 10
21241.57489387754
 20
14079.73872966409
 30
0.0
 11
21241.57489387754
 21
14319.73872966409
 31
0.0
  0
LWPOLYLINE
  5
13B9
330
1F
100
AcDbEntity
  8
PUB_WALL
100
AcDbPolyline
 90
        8
 70
     1
 43
50.0
 10
21876.57489387754
 20
13294.73872966409
 10
21946.57489387754
 20
13294.73872966409
 10
21946.57489387754
 20
14104.73872966409
 10
22406.57489387753
 20
14104.73872966409
 10
22406.57489387753
 20
14294.73872966407
 10
21266.57489387754
 20
14294.73872966407
 10
21266.57489387754
 20
14104.73872966408
 10
21876.57489387754
 20
14104.73872966409
  0
INSERT
  5
13BA
330
1F
100
AcDbEntity
  8
8
100
AcDbBlockReference
  2
A$C46B32834
 10
21221.57489163538
 20
13495.76448006752
 30
0.0
 41
-1.0
 50
270.0
  0
LINE
  5
13BB
330
1F
100
AcDbEntity
  8
WALL
100
AcDbLine
 10
21241.57489387754
 20
14079.73872966409
 30
0.0
 11
21851.57489387754
 21
14079.73872966409
 31
0.0
  0
LWPOLYLINE
  5
13BC
330
1F
100
AcDbEntity
  8
WINDOW
100
AcDbPolyline
 90
        4
 70
     1
 43
0.0
 10
21930.94093035993
 20
12479.67257458294
 10
21958.37645511101
 20
12484.36106690327
 10
21958.37645511095
 20
13252.67660029848
 10
21927.24172392183
 20
13252.57167185045
  0
LINE
  5
13BD
330
1F
100
AcDbEntity
  8
WALL
100
AcDbLine
 10
21971.57489387754
 20
14079.73872966409
 30
0.0
 11
22431.57489387753
 21
14079.73872966409
 31
0.0
  0
LINE
  5
13BE
330
1F
100
AcDbEntity
  8
WALL
100
AcDbLine
 10
21851.57489387754
 20
13269.73872966408
 30
0.0
 11
21971.57489387754
 21
13269.73872966408
 31
0.0
  0
LINE
  5
13BF
330
1F
100
AcDbEntity
  8
WALL
100
AcDbLine
 10
21971.57489387754
 20
13269.73872966409
 30
0.0
 11
21971.57489387754
 21
14079.73872966407
 31
0.0
  0
LINE
  5
13C0
330
1F
100
AcDbEntity
  8
WALL
100
AcDbLine
 10
21851.57489387754
 20
13269.73872966409
 30
0.0
 11
21851.57489387754
 21
14079.73872966407
 31
0.0
  0
LINE
  5
13C1
330
1F
100
AcDbEntity
  8
WALL
100
AcDbLine
 10
21241.57489387754
 20
14319.73872966409
 30
0.0
 11
22431.57489387753
 21
14319.73872966409
 31
0.0
  0
LINE
  5
13C2
330
1F
100
AcDbEntity
  8
WINDOW
100
AcDbLine
 10
21371.95718121591
 20
14819.35138921465
 30
0.0
 11
21371.95718121591
 21
14319.73872966409
 31
0.0
  0
LINE
  5
13C3
330
1F
100
AcDbEntity
  8
WINDOW
100
AcDbLine
 10
21306.76603754673
 20
14775.89062676854
 30
0.0
 11
21306.76603754673
 21
14319.73872966409
 31
0.0
  0
LINE
  5
13C4
330
1F
100
AcDbEntity
  8
WINDOW
100
AcDbLine
 10
21241.57489387754
 20
14732.42986432241
 30
0.0
 11
21241.57489387759
 21
14319.73872966409
 31
0.0
  0
LINE
  5
13C5
330
1F
100
AcDbEntity
  8
WALL
100
AcDbLine
 10
23431.57489387754
 20
14079.73872966409
 30
0.0
 11
23431.57489387754
 21
14319.73872966407
 31
0.0
  0
MTEXT
  5
13C6
330
1F
100
AcDbEntity
  8
PUB_TEXT
 48
5.0
100
AcDbMText
 10
23274.22839350386
 20
12896.684490383
 30
0.0
 40
100.0
 41
1336.4886
 46
0.0
 71
     3
 72
     5
  1
\fTxt|b0|i0|c134|p2;2
 73
     1
 44
1.0
  0
LINE
  5
13C7
330
1F
100
AcDbEntity
  8
WALL
100
AcDbLine
 10
23431.57489387754
 20
14079.73872966409
 30
0.0
 11
23891.57489387754
 21
14079.73872966409
 31
0.0
  0
LINE
  5
13C8
330
1F
100
AcDbEntity
  8
WALL
100
AcDbLine
 10
23431.57489387754
 20
14319.73872966407
 30
0.0
 11
24131.57489387754
 21
14319.73872966406
 31
0.0
  0
INSERT
  5
13C9
330
1F
100
AcDbEntity
  8
ZT
100
AcDbBlockReference
  2
A$C4FB049B5
 10
33173.73174501436
 20
7551.085908670218
 30
0.0
 41
0.9600000000064028
 42
0.9599999999991268
 43
0.9599999999999999
  0
LINE
  5
13CA
330
1F
100
AcDbEntity
  8
ZT
100
AcDbLine
 10
28817.21844632608
 20
12153.16894007486
 30
0.0
 11
28817.21844632608
 21
7352.757511503508
 31
0.0
  0
TEXT
  5
13CB
330
1F
100
AcDbEntity
  8
ZT
100
AcDbText
 10
29288.7359235318
 20
7647.630893068309
 30
0.0
 40
383.9122285714286
  1
公摊面积
100
AcDbText
1001
AcadStringInfo
1000
MIFCodePage
1070
     5
  0
LINE
  5
13CC
330
1F
100
AcDbEntity
  8
ZT
100
AcDbLine
 10
32338.78711212338
 20
13111.43772761783
 30
0.0
 11
32338.78711212338
 21
7352.757511503508
 31
0.0
  0
TEXT
  5
13CD
330
1F
100
AcDbEntity
  8
ZT
100
AcDbText
 10
27676.78032026374
 20
13809.50394652767
 30
0.0
 40
383.9122285714286
  1
经济技术指标：
100
AcDbText
1001
AcadStringInfo
1000
MIFCodePage
1070
     5
  0
TEXT
  5
13CE
330
1F
100
AcDbEntity
  8
ZT
100
AcDbText
 10
29295.2407219184
 20
10559.56497926268
 30
0.0
 40
383.9122285714286
  1
户内建筑面积
100
AcDbText
1001
AcadStringInfo
1000
MIFCodePage
1070
     5
  0
TEXT
  5
13CF
330
1F
100
AcDbEntity
  8
ZT
100
AcDbText
 10
29337.4486375767
 20
11519.36419251992
 30
0.0
 40
383.9122285714286
  1
总建筑面积
100
AcDbText
1001
AcadStringInfo
1000
MIFCodePage
1070
     5
  0
TEXT
  5
13D0
330
1F
100
AcDbEntity
  8
ZT
100
AcDbText
 10
29288.7359235318
 20
8577.849369519951
 30
0.0
 40
383.9122285714286
  1
阳台面积
100
AcDbText
1001
AcadStringInfo
1000
MIFCodePage
1070
     5
  0
TEXT
  5
13D1
330
1F
100
AcDbEntity
  8
ZT
100
AcDbText
 10
29288.73713973972
 20
9598.412231994364
 30
0.0
 40
383.9122285714286
  1
使用面积
100
AcDbText
1001
AcadStringInfo
1000
MIFCodePage
1070
     5
  0
TEXT
  5
13D2
330
1F
100
AcDbEntity
  8
ZT
100
AcDbText
 10
28006.61581457242
 20
9623.103083864531
 30
0.0
 40
383.9122285714286
  1
A2
100
AcDbText
  0
TEXT
  5
13D3
330
1F
100
AcDbEntity
  8
ZT
100
AcDbText
 10
29023.4679203233
 20
12450.23518167047
 30
0.0
 40
383.9122285714286
  1
名   称
100
AcDbText
1001
AcadStringInfo
1000
MIFCodePage
1070
     5
  0
INSERT
  5
13D4
330
1F
100
AcDbEntity
  8
ZT
100
AcDbBlockReference
  2
A$C4FB049B5
 10
33173.73174501436
 20
9471.360194384477
 30
0.0
 41
0.9600000000064028
 42
0.9599999999991268
 43
0.9599999999999999
  0
INSERT
  5
13D5
330
1F
100
AcDbEntity
  8
ZT
100
AcDbBlockReference
  2
A$C4FB049B5
 10
33173.73174501436
 20
10431.49733724157
 30
0.0
 41
0.9600000000064028
 42
0.9599999999991268
 43
0.9599999999999999
  0
INSERT
  5
13D6
330
1F
100
AcDbEntity
  8
ZT
100
AcDbBlockReference
  2
A$C4FB049B5
 10
33173.73174501436
 20
11391.49733724158
 30
0.0
 41
0.9600000000064028
 42
0.9599999999991268
 43
0.9599999999999999
  0
INSERT
  5
13D7
330
1F
100
AcDbEntity
  8
ZT
100
AcDbBlockReference
  2
A$C4FB049B5
 10
33173.73174501436
 20
8511.223051527318
 30
0.0
 41
0.9600000000064028
 42
0.9599999999991268
 43
0.9599999999999999
  0
TEXT
  5
13D8
330
1F
100
AcDbEntity
  8
ZT
100
AcDbText
 10
32898.90389893121
 20
12458.9409162053
 30
0.0
 40
383.9122285714286
  1
单  位
100
AcDbText
1001
AcadStringInfo
1000
MIFCodePage
1070
     5
  0
ENDSEC
  0
SECTION
  2
OBJECTS
  0
DICTIONARY
  5
C
330
0
100
AcDbDictionary
281
     1
  3
ACAD_CIP_PREVIOUS_PRODUCT_INFO
350
1540
  3
ACAD_COLOR
350
6B
  3
ACAD_DETAILVIEWSTYLE
350
1538
  3
ACAD_GROUP
350
D
  3
ACAD_LAST_SAVED_VERSION_INFO
350
1541
  3
ACAD_LAYOUT
350
1A
  3
ACAD_MATERIAL
350
6A
  3
ACAD_MLEADERSTYLE
350
12D
  3
ACAD_MLINESTYLE
350
17
  3
ACAD_PLOTSETTINGS
350
19
  3
ACAD_PLOTSTYLENAME
350
E
  3
ACAD_SCALELIST
350
10C
  3
ACAD_SECTIONVIEWSTYLE
350
1536
  3
ACAD_TABLESTYLE
350
7E
  3
ACAD_VISUALSTYLE
350
EF
  3
ACDB_RECOMPOSE_DATA
350
1551
  3
AcDbVariableDictionary
350
5E
  0
DICTIONARY
  5
1545
330
2
100
AcDbDictionary
280
     1
281
     1
  3
ACAD_LAYERSTATES
360
1546
  0
DICTIONARY
  5
13C
330
10
100
AcDbDictionary
280
     1
281
     1
  3
ADSK_XREC_LAYER_RECONCILED
360
14FA
  0
DICTIONARY
  5
14FB
330
E9B
100
AcDbDictionary
280
     1
281
     1
  3
ADSK_XREC_LAYER_RECONCILED
360
14FC
  0
DICTIONARY
  5
14FD
330
E9C
100
AcDbDictionary
280
     1
281
     1
  3
ADSK_XREC_LAYER_RECONCILED
360
14FE
  0
DICTIONARY
  5
14FF
330
E9D
100
AcDbDictionary
280
     1
281
     1
  3
ADSK_XREC_LAYER_RECONCILED
360
1500
  0
DICTIONARY
  5
1501
330
E9E
100
AcDbDictionary
280
     1
281
     1
  3
ADSK_XREC_LAYER_RECONCILED
360
1502
  0
DICTIONARY
  5
1503
330
E9F
100
AcDbDictionary
280
     1
281
     1
  3
ADSK_XREC_LAYER_RECONCILED
360
1504
  0
DICTIONARY
  5
1505
330
EA1
100
AcDbDictionary
280
     1
281
     1
  3
ADSK_XREC_LAYER_RECONCILED
360
1506
  0
DICTIONARY
  5
1507
330
EA2
100
AcDbDictionary
280
     1
281
     1
  3
ADSK_XREC_LAYER_RECONCILED
360
1508
  0
DICTIONARY
  5
1509
330
EA3
100
AcDbDictionary
280
     1
281
     1
  3
ADSK_XREC_LAYER_RECONCILED
360
150A
  0
DICTIONARY
  5
150B
330
EA4
100
AcDbDictionary
280
     1
281
     1
  3
ADSK_XREC_LAYER_RECONCILED
360
150C
  0
DICTIONARY
  5
150D
330
EA5
100
AcDbDictionary
280
     1
281
     1
  3
ADSK_XREC_LAYER_RECONCILED
360
150E
  0
DICTIONARY
  5
150F
330
EA6
100
AcDbDictionary
280
     1
281
     1
  3
ADSK_XREC_LAYER_RECONCILED
360
1510
  0
DICTIONARY
  5
1511
330
EA7
100
AcDbDictionary
280
     1
281
     1
  3
ADSK_XREC_LAYER_RECONCILED
360
1512
  0
DICTIONARY
  5
1513
330
EA8
100
AcDbDictionary
280
     1
281
     1
  3
ADSK_XREC_LAYER_RECONCILED
360
1514
  0
DICTIONARY
  5
1515
330
EA9
100
AcDbDictionary
280
     1
281
     1
  3
ADSK_XREC_LAYER_RECONCILED
360
1516
  0
DICTIONARY
  5
1517
330
EAA
100
AcDbDictionary
280
     1
281
     1
  3
ADSK_XREC_LAYER_RECONCILED
360
1518
  0
DICTIONARY
  5
1519
330
EAB
100
AcDbDictionary
280
     1
281
     1
  3
ADSK_XREC_LAYER_RECONCILED
360
151A
  0
DICTIONARY
  5
151B
330
EAC
100
AcDbDictionary
280
     1
281
     1
  3
ADSK_XREC_LAYER_RECONCILED
360
151C
  0
DICTIONARY
  5
151D
330
EAD
100
AcDbDictionary
280
     1
281
     1
  3
ADSK_XREC_LAYER_RECONCILED
360
151E
  0
DICTIONARY
  5
151F
330
EAE
100
AcDbDictionary
280
     1
281
     1
  3
ADSK_XREC_LAYER_RECONCILED
360
1520
  0
DICTIONARY
  5
1521
330
EAF
100
AcDbDictionary
280
     1
281
     1
  3
ADSK_XREC_LAYER_RECONCILED
360
1522
  0
DICTIONARY
  5
1523
330
EB0
100
AcDbDictionary
280
     1
281
     1
  3
ADSK_XREC_LAYER_RECONCILED
360
1524
  0
DICTIONARY
  5
1525
330
EB1
100
AcDbDictionary
280
     1
281
     1
  3
ADSK_XREC_LAYER_RECONCILED
360
1526
  0
DICTIONARY
  5
1527
330
EB2
100
AcDbDictionary
280
     1
281
     1
  3
ADSK_XREC_LAYER_RECONCILED
360
1528
  0
XRECORD
  5
1540
102
{ACAD_REACTORS
330
C
102
}
330
C
100
AcDbXrecord
280
     1
300
ACDMAC
300
2027
300

  0
DICTIONARY
  5
6B
102
{ACAD_REACTORS
330
C
102
}
330
C
100
AcDbDictionary
281
     1
  0
DICTIONARY
  5
1538
102
{ACAD_REACTORS
330
C
102
}
330
C
100
AcDbDictionary
281
     1
  3
Metric50
350
1539
  0
DICTIONARY
  5
D
102
{ACAD_REACTORS
330
C
102
}
330
C
100
AcDbDictionary
281
     1
  0
XRECORD
  5
1541
102
{ACAD_REACTORS
330
C
102
}
330
C
100
AcDbXrecord
280
     1
300
{AB8B08F4-F486-E947-B76C-0DF5BA46F6D9}
301
{E26EC8A3-B7CF-E24D-91D4-11D9B9698DB0}
302
{AB8B08F4-F486-E947-B76C-0DF5BA46F6D9}
303
/Users/tranminh/FPOLY/AI/2011531304392305973.dxf
  0
DICTIONARY
  5
1A
102
{ACAD_REACTORS
330
C
102
}
330
C
100
AcDbDictionary
281
     1
  3
Model
350
22
  3
布局1
350
D3
  3
布局2
350
D7
1001
AcadStringInfo
1000
MIFCodePage
1070
     5
  0
DICTIONARY
  5
6A
102
{ACAD_REACTORS
330
C
102
}
330
C
100
AcDbDictionary
281
     1
  3
ByBlock
350
ED
  3
ByLayer
350
EC
  3
Global
350
EE
  0
DICTIONARY
  5
12D
102
{ACAD_REACTORS
330
C
102
}
330
C
100
AcDbDictionary
281
     1
  3
Annotative
350
13B
  3
Standard
350
12E
  0
DICTIONARY
  5
17
102
{ACAD_REACTORS
330
C
102
}
330
C
100
AcDbDictionary
281
     1
  3
Standard
350
18
  0
DICTIONARY
  5
19
102
{ACAD_REACTORS
330
C
102
}
330
C
100
AcDbDictionary
281
     1
  0
ACDBDICTIONARYWDFLT
  5
E
102
{ACAD_REACTORS
330
C
102
}
330
C
100
AcDbDictionary
281
     1
  3
Normal
350
F
100
AcDbDictionaryWithDefault
340
F
  0
DICTIONARY
  5
10C
102
{ACAD_REACTORS
330
C
102
}
330
C
100
AcDbDictionary
281
     1
  3
A0
350
10D
  3
A1
350
188
  3
A2
350
189
  3
A3
350
18A
  3
A4
350
18B
  3
A5
350
18C
  3
A6
350
18D
  3
A7
350
18E
  3
A8
350
18F
  3
A9
350
190
  3
B0
350
191
  3
B1
350
192
  3
B2
350
193
  3
B3
350
194
  3
B4
350
195
  3
B5
350
196
  3
B6
350
197
  3
B7
350
198
  3
B8
350
199
  3
B9
350
19A
  3
C0
350
19B
  3
C1
350
19C
  3
C2
350
19D
  3
C3
350
19E
  3
C4
350
19F
  3
C5
350
1A0
  3
C6
350
1A1
  3
C7
350
1A2
  3
C8
350
1A3
  3
C9
350
1A4
  3
D0
350
1A5
  3
D1
350
1A6
  3
D2
350
1A7
  0
DICTIONARY
  5
1536
102
{ACAD_REACTORS
330
C
102
}
330
C
100
AcDbDictionary
281
     1
  3
Metric50
350
1537
  0
DICTIONARY
  5
7E
102
{ACAD_REACTORS
330
C
102
}
330
C
100
AcDbDictionary
281
     1
  3
Standard
350
7F
  0
DICTIONARY
  5
EF
102
{ACAD_REACTORS
330
C
102
}
330
C
100
AcDbDictionary
281
     1
  3
2dWireframe
350
F5
  3
3D Hidden
350
F7
  3
3dWireframe
350
F6
  3
Basic
350
F4
  3
Brighten
350
FB
  3
ColorChange
350
FF
  3
Conceptual
350
F8
  3
Dim
350
FA
  3
EdgeColorOff
350
1534
  3
Facepattern
350
FE
  3
Flat
350
F0
  3
FlatWithEdges
350
F1
  3
Gouraud
350
F2
  3
GouraudWithEdges
350
F3
  3
Hidden
350
152C
  3
JitterOff
350
1532
  3
Linepattern
350
FD
  3
OverhangOff
350
1533
  3
Realistic
350
F9
  3
Shaded
350
1531
  3
Shaded with edges
350
1530
  3
Shades of Gray
350
152D
  3
Sketchy
350
152E
  3
Thicken
350
FC
  3
Wireframe
350
152B
  3
X-Ray
350
152F
  0
XRECORD
  5
1551
102
{ACAD_REACTORS
330
C
102
}
330
C
100
AcDbXrecord
280
     1
 90
        1
330
7F
  0
DICTIONARY
  5
5E
102
{ACAD_REACTORS
330
C
102
}
330
C
100
AcDbDictionary
281
     1
  3
CANNOSCALE
350
146
  3
CMLEADERSTYLE
350
145
  3
CTABLESTYLE
350
84
  3
CVIEWDETAILSTYLE
350
154B
  3
CVIEWSECTIONSTYLE
350
154C
  3
DIMASSOC
350
5F
  3
HIDETEXT
350
63
  3
LAYEREVAL
350
154D
  3
LAYERNOTIFY
350
154E
  0
DICTIONARY
  5
1546
102
{ACAD_REACTORS
330
1545
102
}
330
1545
100
AcDbDictionary
281
     1
  0
XRECORD
  5
14FA
102
{ACAD_REACTORS
330
13C
102
}
330
13C
100
AcDbXrecord
280
     1
290
     1
  0
XRECORD
  5
14FC
102
{ACAD_REACTORS
330
14FB
102
}
330
14FB
100
AcDbXrecord
280
     1
290
     1
  0
XRECORD
  5
14FE
102
{ACAD_REACTORS
330
14FD
102
}
330
14FD
100
AcDbXrecord
280
     1
290
     1
  0
XRECORD
  5
1500
102
{ACAD_REACTORS
330
14FF
102
}
330
14FF
100
AcDbXrecord
280
     1
290
     1
  0
XRECORD
  5
1502
102
{ACAD_REACTORS
330
1501
102
}
330
1501
100
AcDbXrecord
280
     1
290
     1
  0
XRECORD
  5
1504
102
{ACAD_REACTORS
330
1503
102
}
330
1503
100
AcDbXrecord
280
     1
290
     1
  0
XRECORD
  5
1506
102
{ACAD_REACTORS
330
1505
102
}
330
1505
100
AcDbXrecord
280
     1
290
     1
  0
XRECORD
  5
1508
102
{ACAD_REACTORS
330
1507
102
}
330
1507
100
AcDbXrecord
280
     1
290
     1
  0
XRECORD
  5
150A
102
{ACAD_REACTORS
330
1509
102
}
330
1509
100
AcDbXrecord
280
     1
290
     1
  0
XRECORD
  5
150C
102
{ACAD_REACTORS
330
150B
102
}
330
150B
100
AcDbXrecord
280
     1
290
     1
  0
XRECORD
  5
150E
102
{ACAD_REACTORS
330
150D
102
}
330
150D
100
AcDbXrecord
280
     1
290
     1
  0
XRECORD
  5
1510
102
{ACAD_REACTORS
330
150F
102
}
330
150F
100
AcDbXrecord
280
     1
290
     1
  0
XRECORD
  5
1512
102
{ACAD_REACTORS
330
1511
102
}
330
1511
100
AcDbXrecord
280
     1
290
     1
  0
XRECORD
  5
1514
102
{ACAD_REACTORS
330
1513
102
}
330
1513
100
AcDbXrecord
280
     1
290
     1
  0
XRECORD
  5
1516
102
{ACAD_REACTORS
330
1515
102
}
330
1515
100
AcDbXrecord
280
     1
290
     1
  0
XRECORD
  5
1518
102
{ACAD_REACTORS
330
1517
102
}
330
1517
100
AcDbXrecord
280
     1
290
     1
  0
XRECORD
  5
151A
102
{ACAD_REACTORS
330
1519
102
}
330
1519
100
AcDbXrecord
280
     1
290
     1
  0
XRECORD
  5
151C
102
{ACAD_REACTORS
330
151B
102
}
330
151B
100
AcDbXrecord
280
     1
290
     1
  0
XRECORD
  5
151E
102
{ACAD_REACTORS
330
151D
102
}
330
151D
100
AcDbXrecord
280
     1
290
     1
  0
XRECORD
  5
1520
102
{ACAD_REACTORS
330
151F
102
}
330
151F
100
AcDbXrecord
280
     1
290
     1
  0
XRECORD
  5
1522
102
{ACAD_REACTORS
330
1521
102
}
330
1521
100
AcDbXrecord
280
     1
290
     1
  0
XRECORD
  5
1524
102
{ACAD_REACTORS
330
1523
102
}
330
1523
100
AcDbXrecord
280
     1
290
     1
  0
XRECORD
  5
1526
102
{ACAD_REACTORS
330
1525
102
}
330
1525
100
AcDbXrecord
280
     1
290
     1
  0
XRECORD
  5
1528
102
{ACAD_REACTORS
330
1527
102
}
330
1527
100
AcDbXrecord
280
     1
290
     1
  0
ACDBDETAILVIEWSTYLE
  5
1539
102
{ACAD_REACTORS
330
1538
102
}
330
1538
100
AcDbModelDocViewStyle
 70
     0
  3
Metric50
290
     1
300
Metric50
 90
        0
100
AcDbDetailViewStyle
 70
     0
 71
     0
 90
        3
 71
     1
340
11
 62
   256
 40
5.0
340
0
 62
   256
 40
5.0
300

 40
0.0
280
     1
 71
     2
340
16
 90
       25
 62
   256
 71
     3
340
11
 62
   256
 40
5.0
 90
        0
 40
15.0
 90
        1
300
%<\AcVar ViewDetailId>% (%<\AcVar ViewScale \f "%sn">%)
 71
     4
340
16
 90
       25
 62
   256
340
16
 90
       25
 62
   256
280
     0
  0
LAYOUT
  5
22
102
{ACAD_REACTORS
330
1A
102
}
330
1A
100
AcDbPlotSettings
  1

  2
none_device
  4
ISO_A4_(210.00_x_297.00_MM)
  6

 40
7.5
 41
20.0
 42
7.5
 43
20.0
 44
210.0
 45
297.0
 46
11.54999923706054
 47
-13.65000009536743
 48
0.0
 49
0.0
140
0.0
141
0.0
142
1.0
143
8.704084754739808
 70
 11952
 72
     1
 73
     0
 74
     0
  7

 75
     0
147
0.1148885871608098
 76
     0
 77
     2
 78
   300
148
0.0
149
0.0
100
AcDbLayout
  1
Model
 70
     1
 71
     0
 10
0.0
 20
0.0
 11
12.0
 21
9.0
 12
0.0
 22
0.0
 32
0.0
 14
0.0
 24
0.0
 34
0.0
 15
0.0
 25
0.0
 35
0.0
146
0.0
 13
0.0
 23
0.0
 33
0.0
 16
1.0
 26
0.0
 36
0.0
 17
0.0
 27
1.0
 37
0.0
 76
     0
330
1F
331
EA
1001
ACAD_PSEXT
1000
None
1000
None
1000
Not applicable
1000
The layout will not be plotted unless a new plotter configuration name is selected.
1070
     0
  0
LAYOUT
  5
D3
102
{ACAD_REACTORS
330
1A
102
}
330
1A
100
AcDbPlotSettings
  1

  2
C:\Documents and Settings\basas\Application Data\Autodesk\AutoCAD 2005\R16.1\enu\plotters\Default Windows System Printer.pc3
  4

  6

 40
0.0
 41
0.0
 42
0.0
 43
0.0
 44
0.0
 45
0.0
 46
0.0
 47
0.0
 48
0.0
 49
0.0
140
0.0
141
0.0
142
1.0
143
1.0
 70
   688
 72
     0
 73
     0
 74
     5
  7

 75
    16
147
1.0
 76
     0
 77
     2
 78
   300
148
0.0
149
0.0
100
AcDbLayout
  1
布局1
 70
     1
 71
     1
 10
0.0
 20
0.0
 11
12.0
 21
9.0
 12
0.0
 22
0.0
 32
0.0
 14
0.0
 24
0.0
 34
0.0
 15
0.0
 25
0.0
 35
0.0
146
0.0
 13
0.0
 23
0.0
 33
0.0
 16
1.0
 26
0.0
 36
0.0
 17
0.0
 27
1.0
 37
0.0
 76
     0
330
D2
1001
AcadStringInfo
1000
MIFCodePage
1070
     5
  0
LAYOUT
  5
D7
102
{ACAD_REACTORS
330
1A
102
}
330
1A
100
AcDbPlotSettings
  1

  2
C:\Documents and Settings\basas\Application Data\Autodesk\AutoCAD 2005\R16.1\enu\plotters\Default Windows System Printer.pc3
  4

  6

 40
0.0
 41
0.0
 42
0.0
 43
0.0
 44
0.0
 45
0.0
 46
0.0
 47
0.0
 48
0.0
 49
0.0
140
0.0
141
0.0
142
1.0
143
1.0
 70
   688
 72
     0
 73
     0
 74
     5
  7

 75
    16
147
1.0
 76
     0
 77
     2
 78
   300
148
0.0
149
0.0
100
AcDbLayout
  1
布局2
 70
     1
 71
     2
 10
0.0
 20
0.0
 11
12.0
 21
9.0
 12
0.0
 22
0.0
 32
0.0
 14
0.0
 24
0.0
 34
0.0
 15
0.0
 25
0.0
 35
0.0
146
0.0
 13
0.0
 23
0.0
 33
0.0
 16
1.0
 26
0.0
 36
0.0
 17
0.0
 27
1.0
 37
0.0
 76
     0
330
D6
1001
AcadStringInfo
1000
MIFCodePage
1070
     5
  0
MATERIAL
  5
ED
102
{ACAD_REACTORS
330
6A
102
}
330
6A
100
AcDbMaterial
  1
ByBlock
 94
       63
  0
MATERIAL
  5
EC
102
{ACAD_REACTORS
330
6A
102
}
330
6A
100
AcDbMaterial
  1
ByLayer
 94
       63
  0
MATERIAL
  5
EE
102
{ACAD_XDICTIONARY
360
173
102
}
102
{ACAD_REACTORS
330
6A
102
}
330
6A
100
AcDbMaterial
  1
Global
 43
0.0007999999797903
 43
0.0
 43
0.0
 43
0.0
 43
0.0
 43
0.0007999999797903
 43
0.0
 43
0.0
 43
0.0
 43
0.0
 43
1.0
 43
0.0
 43
0.0
 43
0.0
 43
0.0
 43
1.0
 49
0.0007999999797903
 49
0.0
 49
0.0
 49
0.0
 49
0.0
 49
0.0007999999797903
 49
0.0
 49
0.0
 49
0.0
 49
0.0
 49
1.0
 49
0.0
 49
0.0
 49
0.0
 49
0.0
 49
1.0
142
0.0007999999797903
142
0.0
142
0.0
142
0.0
142
0.0
142
0.0007999999797903
142
0.0
142
0.0
142
0.0
142
0.0
142
1.0
142
0.0
142
0.0
142
0.0
142
0.0
142
1.0
144
0.0007999999797903
144
0.0
144
0.0
144
0.0
144
0.0
144
0.0007999999797903
144
0.0
144
0.0
144
0.0
144
0.0
144
1.0
144
0.0
144
0.0
144
0.0
144
0.0
144
1.0
 94
       63
1001
ACAD
1070
    -1
1070
     3
1070
     0
1000

1071
        0
1070
     0
  0
MLEADERSTYLE
  5
13B
102
{ACAD_REACTORS
330
12D
102
}
330
12D
100
AcDbMLeaderStyle
179
     2
170
     2
171
     1
172
     0
 90
        2
 40
0.0
 41
0.0
173
     1
 91
-1056964608
340
14
 92
       -2
290
     1
 42
2.0
291
     1
 43
8.0
  3
Standard
 44
4.0
300

342
11
174
     1
178
     1
175
     1
176
     0
 93
-1056964608
 45
4.0
292
     0
297
     0
 46
4.0
 94
-1056964608
 47
1.0
 49
1.0
140
1.0
293
     1
141
0.0
294
     1
177
     0
142
1.0
295
     0
296
     1
143
3.75
271
     0
272
     9
273
     9
298
     0
  0
MLEADERSTYLE
  5
12E
102
{ACAD_REACTORS
330
12D
102
}
330
12D
100
AcDbMLeaderStyle
179
     2
170
     2
171
     1
172
     0
 90
        2
 40
0.0
 41
0.0
173
     1
 91
-1056964608
340
14
 92
       -2
290
     1
 42
2.0
291
     1
 43
8.0
  3
Standard
 44
4.0
300

342
11
174
     1
178
     1
175
     1
176
     0
 93
-1056964608
 45
4.0
292
     0
297
     0
 46
4.0
 94
-1056964608
 47
1.0
 49
1.0
140
1.0
293
     1
141
0.0
294
     1
177
     0
142
1.0
295
     0
296
     0
143
3.75
271
     0
272
     9
273
     9
298
     0
  0
MLINESTYLE
  5
18
102
{ACAD_REACTORS
330
17
102
}
330
17
100
AcDbMlineStyle
  2
STANDARD
 70
     0
  3

 62
   256
 51
90.0
 52
90.0
 71
     2
 49
0.5
 62
   256
  6
BYLAYER
 49
-0.5
 62
   256
  6
BYLAYER
  0
ACDBPLACEHOLDER
  5
F
102
{ACAD_REACTORS
330
E
102
}
330
E
  0
SCALE
  5
10D
102
{ACAD_REACTORS
330
10C
102
}
330
10C
100
AcDbScale
 70
     0
300
1:1
140
1.0
141
1.0
290
     1
  0
SCALE
  5
188
102
{ACAD_REACTORS
330
10C
102
}
330
10C
100
AcDbScale
 70
     0
300
1:2
140
1.0
141
2.0
290
     0
  0
SCALE
  5
189
102
{ACAD_REACTORS
330
10C
102
}
330
10C
100
AcDbScale
 70
     0
300
1:4
140
1.0
141
4.0
290
     0
  0
SCALE
  5
18A
102
{ACAD_REACTORS
330
10C
102
}
330
10C
100
AcDbScale
 70
     0
300
1:5
140
1.0
141
5.0
290
     0
  0
SCALE
  5
18B
102
{ACAD_REACTORS
330
10C
102
}
330
10C
100
AcDbScale
 70
     0
300
1:8
140
1.0
141
8.0
290
     0
  0
SCALE
  5
18C
102
{ACAD_REACTORS
330
10C
102
}
330
10C
100
AcDbScale
 70
     0
300
1:10
140
1.0
141
10.0
290
     0
  0
SCALE
  5
18D
102
{ACAD_REACTORS
330
10C
102
}
330
10C
100
AcDbScale
 70
     0
300
1:16
140
1.0
141
16.0
290
     0
  0
SCALE
  5
18E
102
{ACAD_REACTORS
330
10C
102
}
330
10C
100
AcDbScale
 70
     0
300
1:20
140
1.0
141
20.0
290
     0
  0
SCALE
  5
18F
102
{ACAD_REACTORS
330
10C
102
}
330
10C
100
AcDbScale
 70
     0
300
1:30
140
1.0
141
30.0
290
     0
  0
SCALE
  5
190
102
{ACAD_REACTORS
330
10C
102
}
330
10C
100
AcDbScale
 70
     0
300
1:40
140
1.0
141
40.0
290
     0
  0
SCALE
  5
191
102
{ACAD_REACTORS
330
10C
102
}
330
10C
100
AcDbScale
 70
     0
300
1:50
140
1.0
141
50.0
290
     0
  0
SCALE
  5
192
102
{ACAD_REACTORS
330
10C
102
}
330
10C
100
AcDbScale
 70
     0
300
1:100
140
1.0
141
100.0
290
     0
  0
SCALE
  5
193
102
{ACAD_REACTORS
330
10C
102
}
330
10C
100
AcDbScale
 70
     0
300
2:1
140
2.0
141
1.0
290
     0
  0
SCALE
  5
194
102
{ACAD_REACTORS
330
10C
102
}
330
10C
100
AcDbScale
 70
     0
300
4:1
140
4.0
141
1.0
290
     0
  0
SCALE
  5
195
102
{ACAD_REACTORS
330
10C
102
}
330
10C
100
AcDbScale
 70
     0
300
8:1
140
8.0
141
1.0
290
     0
  0
SCALE
  5
196
102
{ACAD_REACTORS
330
10C
102
}
330
10C
100
AcDbScale
 70
     0
300
10:1
140
10.0
141
1.0
290
     0
  0
SCALE
  5
197
102
{ACAD_REACTORS
330
10C
102
}
330
10C
100
AcDbScale
 70
     0
300
100:1
140
100.0
141
1.0
290
     0
  0
SCALE
  5
198
102
{ACAD_REACTORS
330
10C
102
}
330
10C
100
AcDbScale
 70
     0
300
1/128" = 1'-0"
140
0.0078125
141
12.0
290
     0
  0
SCALE
  5
199
102
{ACAD_REACTORS
330
10C
102
}
330
10C
100
AcDbScale
 70
     0
300
1/64" = 1'-0"
140
0.015625
141
12.0
290
     0
  0
SCALE
  5
19A
102
{ACAD_REACTORS
330
10C
102
}
330
10C
100
AcDbScale
 70
     0
300
1/32" = 1'-0"
140
0.03125
141
12.0
290
     0
  0
SCALE
  5
19B
102
{ACAD_REACTORS
330
10C
102
}
330
10C
100
AcDbScale
 70
     0
300
1/16" = 1'-0"
140
0.0625
141
12.0
290
     0
  0
SCALE
  5
19C
102
{ACAD_REACTORS
330
10C
102
}
330
10C
100
AcDbScale
 70
     0
300
3/32" = 1'-0"
140
0.09375
141
12.0
290
     0
  0
SCALE
  5
19D
102
{ACAD_REACTORS
330
10C
102
}
330
10C
100
AcDbScale
 70
     0
300
1/8" = 1'-0"
140
0.125
141
12.0
290
     0
  0
SCALE
  5
19E
102
{ACAD_REACTORS
330
10C
102
}
330
10C
100
AcDbScale
 70
     0
300
3/16" = 1'-0"
140
0.1875
141
12.0
290
     0
  0
SCALE
  5
19F
102
{ACAD_REACTORS
330
10C
102
}
330
10C
100
AcDbScale
 70
     0
300
1/4" = 1'-0"
140
0.25
141
12.0
290
     0
  0
SCALE
  5
1A0
102
{ACAD_REACTORS
330
10C
102
}
330
10C
100
AcDbScale
 70
     0
300
3/8" = 1'-0"
140
0.375
141
12.0
290
     0
  0
SCALE
  5
1A1
102
{ACAD_REACTORS
330
10C
102
}
330
10C
100
AcDbScale
 70
     0
300
1/2" = 1'-0"
140
0.5
141
12.0
290
     0
  0
SCALE
  5
1A2
102
{ACAD_REACTORS
330
10C
102
}
330
10C
100
AcDbScale
 70
     0
300
3/4" = 1'-0"
140
0.75
141
12.0
290
     0
  0
SCALE
  5
1A3
102
{ACAD_REACTORS
330
10C
102
}
330
10C
100
AcDbScale
 70
     0
300
1" = 1'-0"
140
1.0
141
12.0
290
     0
  0
SCALE
  5
1A4
102
{ACAD_REACTORS
330
10C
102
}
330
10C
100
AcDbScale
 70
     0
300
1-1/2" = 1'-0"
140
1.5
141
12.0
290
     0
  0
SCALE
  5
1A5
102
{ACAD_REACTORS
330
10C
102
}
330
10C
100
AcDbScale
 70
     0
300
3" = 1'-0"
140
3.0
141
12.0
290
     0
  0
SCALE
  5
1A6
102
{ACAD_REACTORS
330
10C
102
}
330
10C
100
AcDbScale
 70
     0
300
6" = 1'-0"
140
6.0
141
12.0
290
     0
  0
SCALE
  5
1A7
102
{ACAD_REACTORS
330
10C
102
}
330
10C
100
AcDbScale
 70
     0
300
1'-0" = 1'-0"
140
12.0
141
12.0
290
     0
  0
ACDBSECTIONVIEWSTYLE
  5
1537
102
{ACAD_REACTORS
330
1536
102
}
330
1536
100
AcDbModelDocViewStyle
 70
     0
  3
Metric50
290
     1
300
Metric50
 90
        0
100
AcDbSectionViewStyle
 70
     0
 71
     0
 90
      102
 71
     1
340
11
 62
   256
 40
5.0
340
0
340
0
 62
   256
 40
5.0
300
I, O, Q, S, X, Z
 40
10.0
 90
        0
 40
2.5
 90
        0
 71
     2
340
16
 90
       25
 62
   256
340
16
 90
       50
 62
   256
 40
5.0
 40
2.5
 40
5.0
 71
     3
340
11
 62
   256
 40
5.0
 90
        0
 40
15.0
 90
        1
300
%<\AcVar ViewSectionStartId>%-%<\AcVar ViewSectionEndId>% (%<\AcVar ViewScale \f "%sn">%)
 71
     4
 62
   256
 62
   257
300
ANSI31
 40
1.0
 90
        0
290
     0
290
     0
 90
        6
 40
0.0
 40
1.570796326794896
 40
0.2617993877991494
 40
1.308996938995747
 40
-0.2617993877991494
 40
1.832595714594046
  0
TABLESTYLE
  5
7F
102
{ACAD_XDICTIONARY
360
162
102
}
102
{ACAD_REACTORS
330
7E
102
}
330
7E
100
AcDbTableStyle
280
     0
  3
Standard
 70
     0
 71
     0
 40
1.5
 41
1.5
280
     0
281
     0
  7
Standard
140
4.5
170
     2
 62
     0
 63
     7
283
     0
 90
      512
 91
        0
  1

274
    -2
284
     1
 64
     0
275
    -2
285
     1
 65
     0
276
    -2
286
     1
 66
     0
277
    -2
287
     1
 67
     0
278
    -2
288
     1
 68
     0
279
    -2
289
     1
 69
     0
  7
Standard
140
6.0
170
     5
 62
     0
 63
     7
283
     0
 90
      512
 91
        0
  1

274
    -2
284
     1
 64
     0
275
    -2
285
     1
 65
     0
276
    -2
286
     1
 66
     0
277
    -2
287
     1
 67
     0
278
    -2
288
     1
 68
     0
279
    -2
289
     1
 69
     0
  7
Standard
140
4.5
170
     5
 62
     0
 63
     7
283
     0
 90
      512
 91
        0
  1

274
    -2
284
     1
 64
     0
275
    -2
285
     1
 65
     0
276
    -2
286
     1
 66
     0
277
    -2
287
     1
 67
     0
278
    -2
288
     1
 68
     0
279
    -2
289
     1
 69
     0
  0
VISUALSTYLE
  5
F5
102
{ACAD_REACTORS
330
EF
102
}
330
EF
100
AcDbVisualStyle
  2
2dWireframe
 70
     4
177
     3
291
     0
 70
    58
 90
        0
176
     1
 90
        2
176
     1
 90
        1
176
     1
 90
        0
176
     1
 40
0.6
176
     1
 40
30.0
176
     1
 62
     7
420
 16777215
176
     1
 90
        1
176
     1
 90
        4
176
     1
 62
     7
176
     1
 62
   257
176
     1
 90
        1
176
     1
 90
        1
176
     1
 40
1.0
176
     1
 90
        0
176
     1
 62
   257
176
     1
 40
1.0
176
     1
 90
        1
176
     1
 90
        6
176
     1
 90
        2
176
     1
 62
     7
176
     1
 90
        5
176
     1
 90
        0
176
     1
 90
        0
176
     1
290
     0
176
     1
 90
        1
176
     1
 40
0.0
176
     1
 90
        0
176
     1
290
     1
176
     1
290
     1
176
     1
290
     0
176
     1
290
     0
176
     1
290
     0
176
     1
290
     0
176
     1
290
     0
176
     1
290
     0
176
     1
290
     0
176
     1
 90
       50
176
     1
 40
0.0
176
     1
 40
1.0
176
     1
 90
        0
176
     1
 62
    18
420
        0
176
     1
 90
       50
176
     1
 90
        3
176
     1
 62
     5
420
      255
176
     1
290
     0
176
     1
 90
       50
176
     1
 90
       50
176
     1
 90
       50
176
     1
290
     0
176
     1
 90
       50
176
     1
 62
   256
176
     0
 40
1.0
176
     0
 90
        2
176
     1
  1
strokes_ogs.tif
176
     1
290
     0
176
     1
 40
1.0
176
     1
 40
1.0
176
     1
  0
VISUALSTYLE
  5
F7
102
{ACAD_REACTORS
330
EF
102
}
330
EF
100
AcDbVisualStyle
  2
3D Hidden
 70
     6
177
     3
291
     0
 70
    58
 90
        1
176
     1
 90
        2
176
     1
 90
        2
176
     1
 90
        0
176
     1
 40
0.6
176
     1
 40
30.0
176
     1
 62
     7
420
 16777215
176
     1
 90
        2
176
     1
 90
        2
176
     1
 62
     7
176
     1
 62
   257
176
     1
 90
        2
176
     1
 90
        1
176
     1
 40
40.0
176
     1
 90
        0
176
     1
 62
   257
176
     1
 40
1.0
176
     1
 90
        1
176
     1
 90
        6
176
     1
 90
        2
176
     1
 62
     7
176
     1
 90
        3
176
     1
 90
        0
176
     1
 90
        0
176
     1
290
     0
176
     1
 90
        1
176
     1
 40
0.0
176
     1
 90
        0
176
     1
290
     0
176
     1
290
     1
176
     1
290
     1
176
     1
290
     0
176
     1
290
     0
176
     1
290
     0
176
     1
290
     0
176
     1
290
     0
176
     1
290
     0
176
     1
 90
       50
176
     1
 40
0.0
176
     1
 40
1.0
176
     1
 90
        0
176
     1
 62
    18
420
        0
176
     1
 90
       50
176
     1
 90
        3
176
     1
 62
     5
420
      255
176
     1
290
     0
176
     1
 90
       50
176
     1
 90
       50
176
     1
 90
       50
176
     1
290
     0
176
     1
 90
       50
176
     1
 62
   256
176
     0
 40
1.0
176
     0
 90
        2
176
     1
  1
strokes_ogs.tif
176
     1
290
     0
176
     1
 40
1.0
176
     1
 40
1.0
176
     1
  0
VISUALSTYLE
  5
F6
102
{ACAD_REACTORS
330
EF
102
}
330
EF
100
AcDbVisualStyle
  2
3dWireframe
 70
     5
177
     3
291
     0
 70
    58
 90
        0
176
     1
 90
        2
176
     1
 90
        1
176
     1
 90
        0
176
     1
 40
0.6
176
     1
 40
30.0
176
     1
 62
     7
420
 16777215
176
     1
 90
        1
176
     1
 90
        4
176
     1
 62
     7
176
     1
 62
   257
176
     1
 90
        1
176
     1
 90
        1
176
     1
 40
1.0
176
     1
 90
        0
176
     1
 62
   257
176
     1
 40
1.0
176
     1
 90
        1
176
     1
 90
        6
176
     1
 90
        2
176
     1
 62
     7
176
     1
 90
        5
176
     1
 90
        0
176
     1
 90
        0
176
     1
290
     0
176
     1
 90
        1
176
     1
 40
0.0
176
     1
 90
        0
176
     1
290
     0
176
     1
290
     1
176
     1
290
     1
176
     1
290
     0
176
     1
290
     0
176
     1
290
     0
176
     1
290
     0
176
     1
290
     0
176
     1
290
     0
176
     1
 90
       50
176
     1
 40
0.0
176
     1
 40
1.0
176
     1
 90
        0
176
     1
 62
    18
420
        0
176
     1
 90
       50
176
     1
 90
        3
176
     1
 62
     5
420
      255
176
     1
290
     0
176
     1
 90
       50
176
     1
 90
       50
176
     1
 90
       50
176
     1
290
     0
176
     1
 90
       50
176
     1
 62
   256
176
     0
 40
1.0
176
     0
 90
        2
176
     1
  1
strokes_ogs.tif
176
     1
290
     0
176
     1
 40
1.0
176
     1
 40
1.0
176
     1
  0
VISUALSTYLE
  5
F4
102
{ACAD_REACTORS
330
EF
102
}
330
EF
100
AcDbVisualStyle
  2
Basic
 70
     7
177
     3
291
     1
 70
    58
 90
        1
176
     1
 90
        0
176
     1
 90
        1
176
     1
 90
        0
176
     1
 40
0.6
176
     1
 40
30.0
176
     1
 62
     7
420
 16777215
176
     1
 90
        0
176
     1
 90
        4
176
     1
 62
     7
176
     1
 62
   257
176
     1
 90
        1
176
     1
 90
        1
176
     1
 40
1.0
176
     1
 90
        8
176
     1
 62
     7
176
     1
 40
1.0
176
     1
 90
        1
176
     1
 90
        6
176
     1
 90
        2
176
     1
 62
     7
176
     1
 90
        5
176
     1
 90
        0
176
     1
 90
        0
176
     1
290
     0
176
     1
 90
        1
176
     1
 40
0.0
176
     1
 90
        0
176
     1
290
     0
176
     1
290
     1
176
     1
290
     1
176
     1
290
     0
176
     1
290
     0
176
     1
290
     0
176
     1
290
     0
176
     1
290
     0
176
     1
290
     0
176
     1
 90
       50
176
     1
 40
0.0
176
     1
 40
1.0
176
     1
 90
        0
176
     1
 62
    18
420
        0
176
     1
 90
       50
176
     1
 90
        3
176
     1
 62
     5
420
      255
176
     1
290
     0
176
     1
 90
       50
176
     1
 90
       50
176
     1
 90
       50
176
     1
290
     0
176
     1
 90
       50
176
     1
 62
   256
176
     0
 40
1.0
176
     0
 90
        2
176
     1
  1
strokes_ogs.tif
176
     1
290
     0
176
     1
 40
1.0
176
     1
 40
1.0
176
     1
  0
VISUALSTYLE
  5
FB
102
{ACAD_REACTORS
330
EF
102
}
330
EF
100
AcDbVisualStyle
  2
Brighten
 70
    12
177
     3
291
     1
 70
    58
 90
        2
176
     1
 90
        2
176
     1
 90
        1
176
     1
 90
        0
176
     1
 40
0.6
176
     1
 40
30.0
176
     1
 62
     7
420
 16777215
176
     1
 90
        1
176
     1
 90
        4
176
     1
 62
     7
176
     1
 62
   257
176
     1
 90
        1
176
     1
 90
        1
176
     1
 40
1.0
176
     1
 90
        8
176
     1
 62
     7
176
     1
 40
1.0
176
     1
 90
        1
176
     1
 90
        6
176
     1
 90
        2
176
     1
 62
     7
176
     1
 90
        5
176
     1
 90
        0
176
     1
 90
        0
176
     1
290
     0
176
     1
 90
        1
176
     1
 40
50.0
176
     1
 90
        0
176
     1
290
     0
176
     1
290
     1
176
     1
290
     1
176
     1
290
     0
176
     1
290
     0
176
     1
290
     0
176
     1
290
     0
176
     1
290
     0
176
     1
290
     0
176
     1
 90
       50
176
     1
 40
0.0
176
     1
 40
1.0
176
     1
 90
        0
176
     1
 62
    18
420
        0
176
     1
 90
       50
176
     1
 90
        3
176
     1
 62
     5
420
      255
176
     1
290
     0
176
     1
 90
       50
176
     1
 90
       50
176
     1
 90
       50
176
     1
290
     0
176
     1
 90
       50
176
     1
 62
   256
176
     0
 40
1.0
176
     0
 90
        2
176
     1
  1
strokes_ogs.tif
176
     1
290
     0
176
     1
 40
1.0
176
     1
 40
1.0
176
     1
  0
VISUALSTYLE
  5
FF
102
{ACAD_REACTORS
330
EF
102
}
330
EF
100
AcDbVisualStyle
  2
ColorChange
 70
    16
177
     3
291
     1
 70
    58
 90
        2
176
     1
 90
        2
176
     1
 90
        3
176
     1
 90
        0
176
     1
 40
0.6
176
     1
 40
30.0
176
     1
 62
     8
420
  8421504
176
     1
 90
        1
176
     1
 90
        4
176
     1
 62
     7
176
     1
 62
   257
176
     1
 90
        1
176
     1
 90
        1
176
     1
 40
1.0
176
     1
 90
        8
176
     1
 62
     8
420
  8421504
176
     1
 40
1.0
176
     1
 90
        1
176
     1
 90
        6
176
     1
 90
        2
176
     1
 62
     7
176
     1
 90
        5
176
     1
 90
        0
176
     1
 90
        0
176
     1
290
     0
176
     1
 90
        1
176
     1
 40
0.0
176
     1
 90
        0
176
     1
290
     0
176
     1
290
     1
176
     1
290
     1
176
     1
290
     0
176
     1
290
     0
176
     1
290
     0
176
     1
290
     0
176
     1
290
     0
176
     1
290
     0
176
     1
 90
       50
176
     1
 40
0.0
176
     1
 40
1.0
176
     1
 90
        0
176
     1
 62
    18
420
        0
176
     1
 90
       50
176
     1
 90
        3
176
     1
 62
     5
420
      255
176
     1
290
     0
176
     1
 90
       50
176
     1
 90
       50
176
     1
 90
       50
176
     1
290
     0
176
     1
 90
       50
176
     1
 62
   256
176
     0
 40
1.0
176
     0
 90
        2
176
     1
  1
strokes_ogs.tif
176
     1
290
     0
176
     1
 40
1.0
176
     1
 40
1.0
176
     1
  0
VISUALSTYLE
  5
F8
102
{ACAD_REACTORS
330
EF
102
}
330
EF
100
AcDbVisualStyle
  2
Conceptual
 70
     9
177
     3
291
     0
 70
    58
 90
        3
176
     1
 90
        2
176
     1
 90
        1
176
     1
 90
        0
176
     1
 40
0.6
176
     1
 40
30.0
176
     1
 62
     7
420
 16777215
176
     1
 90
        2
176
     1
 90
        2
176
     1
 62
     7
176
     1
 62
   257
176
     1
 90
        1
176
     1
 90
        1
176
     1
 40
40.0
176
     1
 90
        8
176
     1
 62
     7
176
     1
 40
1.0
176
     1
 90
        1
176
     1
 90
        6
176
     1
 90
        2
176
     1
 62
     7
176
     1
 90
        3
176
     1
 90
        0
176
     1
 90
        0
176
     1
290
     0
176
     1
 90
        1
176
     1
 40
0.0
176
     1
 90
        0
176
     1
290
     0
176
     1
290
     1
176
     1
290
     1
176
     1
290
     0
176
     1
290
     0
176
     1
290
     0
176
     1
290
     0
176
     1
290
     0
176
     1
290
     0
176
     1
 90
       50
176
     1
 40
0.0
176
     1
 40
1.0
176
     1
 90
        0
176
     1
 62
    18
420
        0
176
     1
 90
       50
176
     1
 90
        3
176
     1
 62
     5
420
      255
176
     1
290
     0
176
     1
 90
       50
176
     1
 90
       50
176
     1
 90
       50
176
     1
290
     0
176
     1
 90
       50
176
     1
 62
   256
176
     0
 40
1.0
176
     0
 90
        2
176
     1
  1
strokes_ogs.tif
176
     1
290
     0
176
     1
 40
1.0
176
     1
 40
1.0
176
     1
  0
VISUALSTYLE
  5
FA
102
{ACAD_REACTORS
330
EF
102
}
330
EF
100
AcDbVisualStyle
  2
Dim
 70
    11
177
     3
291
     1
 70
    58
 90
        2
176
     1
 90
        2
176
     1
 90
        1
176
     1
 90
        0
176
     1
 40
0.6
176
     1
 40
30.0
176
     1
 62
     7
420
 16777215
176
     1
 90
        1
176
     1
 90
        4
176
     1
 62
     7
176
     1
 62
   257
176
     1
 90
        1
176
     1
 90
        1
176
     1
 40
1.0
176
     1
 90
        8
176
     1
 62
     7
176
     1
 40
1.0
176
     1
 90
        1
176
     1
 90
        6
176
     1
 90
        2
176
     1
 62
     7
176
     1
 90
        5
176
     1
 90
        0
176
     1
 90
        0
176
     1
290
     0
176
     1
 90
        1
176
     1
 40
-50.0
176
     1
 90
        0
176
     1
290
     0
176
     1
290
     1
176
     1
290
     1
176
     1
290
     0
176
     1
290
     0
176
     1
290
     0
176
     1
290
     0
176
     1
290
     0
176
     1
290
     0
176
     1
 90
       50
176
     1
 40
0.0
176
     1
 40
1.0
176
     1
 90
        0
176
     1
 62
    18
420
        0
176
     1
 90
       50
176
     1
 90
        3
176
     1
 62
     5
420
      255
176
     1
290
     0
176
     1
 90
       50
176
     1
 90
       50
176
     1
 90
       50
176
     1
290
     0
176
     1
 90
       50
176
     1
 62
   256
176
     0
 40
1.0
176
     0
 90
        2
176
     1
  1
strokes_ogs.tif
176
     1
290
     0
176
     1
 40
1.0
176
     1
 40
1.0
176
     1
  0
VISUALSTYLE
  5
1534
102
{ACAD_REACTORS
330
EF
102
}
330
EF
100
AcDbVisualStyle
  2
EdgeColorOff
 70
    22
177
     3
291
     1
 70
    58
 90
        2
176
     0
 90
        2
176
     0
 90
        0
176
     0
 90
        0
176
     0
 40
0.6
176
     0
 40
30.0
176
     0
 62
     7
420
 16777215
176
     0
 90
        1
176
     0
 90
        4
176
     0
 62
     7
176
     0
 62
   257
176
     0
 90
        1
176
     0
 90
        1
176
     0
 40
1.0
176
     0
 90
        8
176
     2
 62
     7
176
     0
 40
1.0
176
     0
 90
        1
176
     0
 90
        6
176
     0
 90
        2
176
     0
 62
     7
176
     0
 90
        5
176
     0
 90
        0
176
     0
 90
        0
176
     0
290
     0
176
     0
 90
        1
176
     0
 40
0.0
176
     0
 90
        0
176
     0
290
     0
176
     0
290
     1
176
     0
290
     1
176
     0
290
     0
176
     0
290
     0
176
     0
290
     0
176
     0
290
     0
176
     0
290
     0
176
     0
290
     0
176
     0
 90
       50
176
     0
 40
0.0
176
     0
 40
1.0
176
     0
 90
        0
176
     0
 62
    18
420
        0
176
     0
 90
       50
176
     0
 90
        3
176
     0
 62
     5
420
      255
176
     0
290
     0
176
     0
 90
       50
176
     0
 90
       50
176
     0
 90
       50
176
     0
290
     0
176
     0
 90
       50
176
     0
 62
   256
176
     0
 40
1.0
176
     0
 90
        2
176
     0
  1
strokes_ogs.tif
176
     0
290
     0
176
     0
 40
1.0
176
     0
 40
1.0
176
     0
  0
VISUALSTYLE
  5
FE
102
{ACAD_REACTORS
330
EF
102
}
330
EF
100
AcDbVisualStyle
  2
Facepattern
 70
    15
177
     3
291
     1
 70
    58
 90
        2
176
     1
 90
        2
176
     1
 90
        1
176
     1
 90
        0
176
     1
 40
0.6
176
     1
 40
30.0
176
     1
 62
     7
420
 16777215
176
     1
 90
        1
176
     1
 90
        4
176
     1
 62
     7
176
     1
 62
   257
176
     1
 90
        1
176
     1
 90
        1
176
     1
 40
1.0
176
     1
 90
        8
176
     1
 62
     7
176
     1
 40
1.0
176
     1
 90
        1
176
     1
 90
        6
176
     1
 90
        2
176
     1
 62
     7
176
     1
 90
        5
176
     1
 90
        0
176
     1
 90
        0
176
     1
290
     0
176
     1
 90
        1
176
     1
 40
0.0
176
     1
 90
        0
176
     1
290
     0
176
     1
290
     1
176
     1
290
     1
176
     1
290
     0
176
     1
290
     0
176
     1
290
     0
176
     1
290
     0
176
     1
290
     0
176
     1
290
     0
176
     1
 90
       50
176
     1
 40
0.0
176
     1
 40
1.0
176
     1
 90
        0
176
     1
 62
    18
420
        0
176
     1
 90
       50
176
     1
 90
        3
176
     1
 62
     5
420
      255
176
     1
290
     0
176
     1
 90
       50
176
     1
 90
       50
176
     1
 90
       50
176
     1
290
     0
176
     1
 90
       50
176
     1
 62
   256
176
     0
 40
1.0
176
     0
 90
        2
176
     1
  1
strokes_ogs.tif
176
     1
290
     0
176
     1
 40
1.0
176
     1
 40
1.0
176
     1
  0
VISUALSTYLE
  5
F0
102
{ACAD_REACTORS
330
EF
102
}
330
EF
100
AcDbVisualStyle
  2
Flat
 70
     0
177
     3
291
     1
 70
    58
 90
        2
176
     1
 90
        1
176
     1
 90
        1
176
     1
 90
        2
176
     1
 40
0.6
176
     1
 40
30.0
176
     1
 62
     7
420
 16777215
176
     1
 90
        0
176
     1
 90
        4
176
     1
 62
     7
176
     1
 62
   257
176
     1
 90
        1
176
     1
 90
        1
176
     1
 40
1.0
176
     1
 90
        8
176
     1
 62
     7
176
     1
 40
1.0
176
     1
 90
        1
176
     1
 90
        6
176
     1
 90
        2
176
     1
 62
     7
176
     1
 90
        5
176
     1
 90
        0
176
     1
 90
        0
176
     1
290
     0
176
     1
 90
        1
176
     1
 40
0.0
176
     1
 90
        0
176
     1
290
     0
176
     1
290
     1
176
     1
290
     1
176
     1
290
     0
176
     1
290
     0
176
     1
290
     0
176
     1
290
     0
176
     1
290
     0
176
     1
290
     0
176
     1
 90
       50
176
     1
 40
0.0
176
     1
 40
1.0
176
     1
 90
        0
176
     1
 62
    18
420
        0
176
     1
 90
       50
176
     1
 90
        3
176
     1
 62
     5
420
      255
176
     1
290
     0
176
     1
 90
       50
176
     1
 90
       50
176
     1
 90
       50
176
     1
290
     0
176
     1
 90
       50
176
     1
 62
   256
176
     0
 40
1.0
176
     0
 90
        2
176
     1
  1
strokes_ogs.tif
176
     1
290
     0
176
     1
 40
1.0
176
     1
 40
1.0
176
     1
  0
VISUALSTYLE
  5
F1
102
{ACAD_REACTORS
330
EF
102
}
330
EF
100
AcDbVisualStyle
  2
FlatWithEdges
 70
     1
177
     3
291
     1
 70
    58
 90
        2
176
     1
 90
        1
176
     1
 90
        1
176
     1
 90
        2
176
     1
 40
0.6
176
     1
 40
30.0
176
     1
 62
     7
420
 16777215
176
     1
 90
        1
176
     1
 90
        4
176
     1
 62
     7
176
     1
 62
   257
176
     1
 90
        1
176
     1
 90
        1
176
     1
 40
1.0
176
     1
 90
        0
176
     1
 62
   257
176
     1
 40
1.0
176
     1
 90
        1
176
     1
 90
        6
176
     1
 90
        2
176
     1
 62
     7
176
     1
 90
        5
176
     1
 90
        0
176
     1
 90
        0
176
     1
290
     0
176
     1
 90
        1
176
     1
 40
0.0
176
     1
 90
        0
176
     1
290
     0
176
     1
290
     1
176
     1
290
     1
176
     1
290
     0
176
     1
290
     0
176
     1
290
     0
176
     1
290
     0
176
     1
290
     0
176
     1
290
     0
176
     1
 90
       50
176
     1
 40
0.0
176
     1
 40
1.0
176
     1
 90
        0
176
     1
 62
    18
420
        0
176
     1
 90
       50
176
     1
 90
        3
176
     1
 62
     5
420
      255
176
     1
290
     0
176
     1
 90
       50
176
     1
 90
       50
176
     1
 90
       50
176
     1
290
     0
176
     1
 90
       50
176
     1
 62
   256
176
     0
 40
1.0
176
     0
 90
        2
176
     1
  1
strokes_ogs.tif
176
     1
290
     0
176
     1
 40
1.0
176
     1
 40
1.0
176
     1
  0
VISUALSTYLE
  5
F2
102
{ACAD_REACTORS
330
EF
102
}
330
EF
100
AcDbVisualStyle
  2
Gouraud
 70
     2
177
     3
291
     1
 70
    58
 90
        2
176
     1
 90
        2
176
     1
 90
        1
176
     1
 90
        2
176
     1
 40
0.6
176
     1
 40
30.0
176
     1
 62
     7
420
 16777215
176
     1
 90
        0
176
     1
 90
        4
176
     1
 62
     7
176
     1
 62
   257
176
     1
 90
        1
176
     1
 90
        1
176
     1
 40
1.0
176
     1
 90
        0
176
     1
 62
     7
176
     1
 40
1.0
176
     1
 90
        1
176
     1
 90
        6
176
     1
 90
        2
176
     1
 62
     7
176
     1
 90
        5
176
     1
 90
        0
176
     1
 90
        0
176
     1
290
     0
176
     1
 90
        1
176
     1
 40
0.0
176
     1
 90
        0
176
     1
290
     0
176
     1
290
     1
176
     1
290
     1
176
     1
290
     0
176
     1
290
     0
176
     1
290
     0
176
     1
290
     0
176
     1
290
     0
176
     1
290
     0
176
     1
 90
       50
176
     1
 40
0.0
176
     1
 40
1.0
176
     1
 90
        0
176
     1
 62
    18
420
        0
176
     1
 90
       50
176
     1
 90
        3
176
     1
 62
     5
420
      255
176
     1
290
     0
176
     1
 90
       50
176
     1
 90
       50
176
     1
 90
       50
176
     1
290
     0
176
     1
 90
       50
176
     1
 62
   256
176
     0
 40
1.0
176
     0
 90
        2
176
     1
  1
strokes_ogs.tif
176
     1
290
     0
176
     1
 40
1.0
176
     1
 40
1.0
176
     1
  0
VISUALSTYLE
  5
F3
102
{ACAD_REACTORS
330
EF
102
}
330
EF
100
AcDbVisualStyle
  2
GouraudWithEdges
 70
     3
177
     3
291
     1
 70
    58
 90
        2
176
     1
 90
        2
176
     1
 90
        1
176
     1
 90
        2
176
     1
 40
0.6
176
     1
 40
30.0
176
     1
 62
     7
420
 16777215
176
     1
 90
        1
176
     1
 90
        4
176
     1
 62
     7
176
     1
 62
   257
176
     1
 90
        1
176
     1
 90
        1
176
     1
 40
1.0
176
     1
 90
        0
176
     1
 62
   257
176
     1
 40
1.0
176
     1
 90
        1
176
     1
 90
        6
176
     1
 90
        2
176
     1
 62
     7
176
     1
 90
        5
176
     1
 90
        0
176
     1
 90
        0
176
     1
290
     0
176
     1
 90
        1
176
     1
 40
0.0
176
     1
 90
        0
176
     1
290
     0
176
     1
290
     1
176
     1
290
     1
176
     1
290
     0
176
     1
290
     0
176
     1
290
     0
176
     1
290
     0
176
     1
290
     0
176
     1
290
     0
176
     1
 90
       50
176
     1
 40
0.0
176
     1
 40
1.0
176
     1
 90
        0
176
     1
 62
    18
420
        0
176
     1
 90
       50
176
     1
 90
        3
176
     1
 62
     5
420
      255
176
     1
290
     0
176
     1
 90
       50
176
     1
 90
       50
176
     1
 90
       50
176
     1
290
     0
176
     1
 90
       50
176
     1
 62
   256
176
     0
 40
1.0
176
     0
 90
        2
176
     1
  1
strokes_ogs.tif
176
     1
290
     0
176
     1
 40
1.0
176
     1
 40
1.0
176
     1
  0
VISUALSTYLE
  5
152C
102
{ACAD_REACTORS
330
EF
102
}
330
EF
100
AcDbVisualStyle
  2
Hidden
 70
     6
177
     3
291
     0
 70
    58
 90
        1
176
     1
 90
        2
176
     1
 90
        2
176
     1
 90
        0
176
     1
 40
0.6
176
     1
 40
30.0
176
     1
 62
     7
420
 16777215
176
     1
 90
        2
176
     1
 90
        2
176
     1
 62
     7
176
     1
 62
   257
176
     1
 90
        2
176
     1
 90
        1
176
     1
 40
40.0
176
     1
 90
        0
176
     1
 62
   257
176
     1
 40
1.0
176
     1
 90
        1
176
     1
 90
        6
176
     1
 90
        2
176
     1
 62
     7
176
     1
 90
        3
176
     1
 90
        0
176
     1
 90
        0
176
     1
290
     0
176
     1
 90
        1
176
     1
 40
0.0
176
     1
 90
        0
176
     1
290
     0
176
     1
290
     1
176
     1
290
     1
176
     1
290
     0
176
     1
290
     0
176
     1
290
     0
176
     1
290
     0
176
     1
290
     0
176
     1
290
     0
176
     1
 90
       50
176
     1
 40
0.0
176
     1
 40
1.0
176
     1
 90
        0
176
     1
 62
    18
420
        0
176
     1
 90
       50
176
     1
 90
        3
176
     1
 62
     5
420
      255
176
     1
290
     0
176
     1
 90
       50
176
     1
 90
       50
176
     1
 90
       50
176
     1
290
     0
176
     1
 90
       50
176
     1
 62
   256
176
     0
 40
1.0
176
     0
 90
        2
176
     1
  1
strokes_ogs.tif
176
     1
290
     0
176
     1
 40
1.0
176
     1
 40
1.0
176
     1
  0
VISUALSTYLE
  5
1532
102
{ACAD_REACTORS
330
EF
102
}
330
EF
100
AcDbVisualStyle
  2
JitterOff
 70
    20
177
     3
291
     1
 70
    58
 90
        2
176
     0
 90
        2
176
     0
 90
        0
176
     0
 90
        0
176
     0
 40
0.6
176
     0
 40
30.0
176
     0
 62
     7
420
 16777215
176
     0
 90
        1
176
     0
 90
        4
176
     0
 62
     7
176
     0
 62
   257
176
     0
 90
        1
176
     0
 90
        1
176
     0
 40
1.0
176
     0
 90
       10
176
     2
 62
     7
176
     0
 40
1.0
176
     0
 90
        1
176
     0
 90
        6
176
     0
 90
        2
176
     0
 62
     7
176
     0
 90
        5
176
     0
 90
        0
176
     0
 90
        0
176
     0
290
     0
176
     0
 90
        1
176
     0
 40
0.0
176
     0
 90
        0
176
     0
290
     0
176
     0
290
     1
176
     0
290
     1
176
     0
290
     0
176
     0
290
     0
176
     0
290
     0
176
     0
290
     0
176
     0
290
     0
176
     0
290
     0
176
     0
 90
       50
176
     0
 40
0.0
176
     0
 40
1.0
176
     0
 90
        0
176
     0
 62
    18
420
        0
176
     0
 90
       50
176
     0
 90
        3
176
     0
 62
     5
420
      255
176
     0
290
     0
176
     0
 90
       50
176
     0
 90
       50
176
     0
 90
       50
176
     0
290
     0
176
     0
 90
       50
176
     0
 62
   256
176
     0
 40
1.0
176
     0
 90
        2
176
     0
  1
strokes_ogs.tif
176
     0
290
     0
176
     0
 40
1.0
176
     0
 40
1.0
176
     0
  0
VISUALSTYLE
  5
FD
102
{ACAD_REACTORS
330
EF
102
}
330
EF
100
AcDbVisualStyle
  2
Linepattern
 70
    14
177
     3
291
     1
 70
    58
 90
        2
176
     1
 90
        2
176
     1
 90
        1
176
     1
 90
        0
176
     1
 40
0.6
176
     1
 40
30.0
176
     1
 62
     7
420
 16777215
176
     1
 90
        1
176
     1
 90
        4
176
     1
 62
     7
176
     1
 62
   257
176
     1
 90
        7
176
     1
 90
        7
176
     1
 40
1.0
176
     1
 90
        8
176
     1
 62
     7
176
     1
 40
1.0
176
     1
 90
        1
176
     1
 90
        6
176
     1
 90
        2
176
     1
 62
     7
176
     1
 90
        5
176
     1
 90
        0
176
     1
 90
        0
176
     1
290
     0
176
     1
 90
        1
176
     1
 40
0.0
176
     1
 90
        0
176
     1
290
     0
176
     1
290
     1
176
     1
290
     1
176
     1
290
     0
176
     1
290
     0
176
     1
290
     0
176
     1
290
     0
176
     1
290
     0
176
     1
290
     0
176
     1
 90
       50
176
     1
 40
0.0
176
     1
 40
1.0
176
     1
 90
        0
176
     1
 62
    18
420
        0
176
     1
 90
       50
176
     1
 90
        3
176
     1
 62
     5
420
      255
176
     1
290
     0
176
     1
 90
       50
176
     1
 90
       50
176
     1
 90
       50
176
     1
290
     0
176
     1
 90
       50
176
     1
 62
   256
176
     0
 40
1.0
176
     0
 90
        2
176
     1
  1
strokes_ogs.tif
176
     1
290
     0
176
     1
 40
1.0
176
     1
 40
1.0
176
     1
  0
VISUALSTYLE
  5
1533
102
{ACAD_REACTORS
330
EF
102
}
330
EF
100
AcDbVisualStyle
  2
OverhangOff
 70
    21
177
     3
291
     1
 70
    58
 90
        2
176
     0
 90
        2
176
     0
 90
        0
176
     0
 90
        0
176
     0
 40
0.6
176
     0
 40
30.0
176
     0
 62
     7
420
 16777215
176
     0
 90
        1
176
     0
 90
        4
176
     0
 62
     7
176
     0
 62
   257
176
     0
 90
        1
176
     0
 90
        1
176
     0
 40
1.0
176
     0
 90
        9
176
     2
 62
     7
176
     0
 40
1.0
176
     0
 90
        1
176
     0
 90
        6
176
     0
 90
        2
176
     0
 62
     7
176
     0
 90
        5
176
     0
 90
        0
176
     0
 90
        0
176
     0
290
     0
176
     0
 90
        1
176
     0
 40
0.0
176
     0
 90
        0
176
     0
290
     0
176
     0
290
     1
176
     0
290
     1
176
     0
290
     0
176
     0
290
     0
176
     0
290
     0
176
     0
290
     0
176
     0
290
     0
176
     0
290
     0
176
     0
 90
       50
176
     0
 40
0.0
176
     0
 40
1.0
176
     0
 90
        0
176
     0
 62
    18
420
        0
176
     0
 90
       50
176
     0
 90
        3
176
     0
 62
     5
420
      255
176
     0
290
     0
176
     0
 90
       50
176
     0
 90
       50
176
     0
 90
       50
176
     0
290
     0
176
     0
 90
       50
176
     0
 62
   256
176
     0
 40
1.0
176
     0
 90
        2
176
     0
  1
strokes_ogs.tif
176
     0
290
     0
176
     0
 40
1.0
176
     0
 40
1.0
176
     0
  0
VISUALSTYLE
  5
F9
102
{ACAD_REACTORS
330
EF
102
}
330
EF
100
AcDbVisualStyle
  2
Realistic
 70
     8
177
     3
291
     0
 70
    58
 90
        2
176
     1
 90
        2
176
     1
 90
        1
176
     1
 90
        0
176
     1
 40
0.6
176
     1
 40
30.0
176
     1
 62
     7
420
 16777215
176
     1
 90
        1
176
     1
 90
        0
176
     1
 62
     7
176
     1
 62
   257
176
     1
 90
        1
176
     1
 90
        1
176
     1
 40
1.0
176
     1
 90
        8
176
     1
 62
     8
420
  7895160
176
     1
 40
1.0
176
     1
 90
        1
176
     1
 90
        6
176
     1
 90
        2
176
     1
 62
     7
176
     1
 90
        5
176
     1
 90
        0
176
     1
 90
        0
176
     1
290
     0
176
     1
 90
       13
176
     1
 40
0.0
176
     1
 90
        0
176
     1
290
     0
176
     1
290
     1
176
     1
290
     1
176
     1
290
     0
176
     1
290
     0
176
     1
290
     0
176
     1
290
     0
176
     1
290
     0
176
     1
290
     0
176
     1
 90
       50
176
     1
 40
0.0
176
     1
 40
1.0
176
     1
 90
        0
176
     1
 62
    18
420
        0
176
     1
 90
       50
176
     1
 90
        3
176
     1
 62
     5
420
      255
176
     1
290
     0
176
     1
 90
       50
176
     1
 90
       50
176
     1
 90
       50
176
     1
290
     0
176
     1
 90
       50
176
     1
 62
   256
176
     0
 40
1.0
176
     0
 90
        2
176
     1
  1
strokes_ogs.tif
176
     1
290
     0
176
     1
 40
1.0
176
     1
 40
1.0
176
     1
  0
VISUALSTYLE
  5
1531
102
{ACAD_REACTORS
330
EF
102
}
330
EF
100
AcDbVisualStyle
  2
Shaded
 70
    27
177
     3
291
     0
 70
    58
 90
        2
176
     1
 90
        2
176
     1
 90
        1
176
     1
 90
        2
176
     1
 40
0.6
176
     1
 40
30.0
176
     1
 62
     7
420
 16777215
176
     1
 90
        0
176
     1
 90
        4
176
     1
 62
     7
176
     1
 62
   257
176
     1
 90
        1
176
     1
 90
        1
176
     1
 40
1.0
176
     1
 90
        8
176
     1
 62
   257
176
     1
 40
1.0
176
     1
 90
        1
176
     1
 90
        6
176
     1
 90
        2
176
     1
 62
     8
420
  7895160
176
     1
 90
        3
176
     1
 90
        0
176
     1
 90
        0
176
     1
290
     0
176
     1
 90
        5
176
     1
 40
0.0
176
     1
 90
        0
176
     1
290
     0
176
     1
290
     1
176
     1
290
     1
176
     1
290
     0
176
     1
290
     0
176
     1
290
     0
176
     1
290
     0
176
     1
290
     0
176
     1
290
     0
176
     1
 90
       50
176
     1
 40
0.0
176
     1
 40
1.0
176
     1
 90
        0
176
     1
 62
    18
420
        0
176
     1
 90
       50
176
     1
 90
        3
176
     1
 62
     5
420
      255
176
     1
290
     0
176
     1
 90
       50
176
     1
 90
       50
176
     1
 90
       50
176
     1
290
     0
176
     1
 90
       50
176
     1
 62
   256
176
     0
 40
1.0
176
     0
 90
        2
176
     1
  1
strokes_ogs.tif
176
     1
290
     0
176
     1
 40
1.0
176
     1
 40
1.0
176
     1
  0
VISUALSTYLE
  5
1530
102
{ACAD_REACTORS
330
EF
102
}
330
EF
100
AcDbVisualStyle
  2
Shaded with edges
 70
    26
177
     3
291
     0
 70
    58
 90
        2
176
     1
 90
        2
176
     1
 90
        1
176
     1
 90
        2
176
     1
 40
0.6
176
     1
 40
30.0
176
     1
 62
     7
420
 16777215
176
     1
 90
        1
176
     1
 90
        2
176
     1
 62
     7
176
     1
 62
   257
176
     1
 90
        2
176
     1
 90
        1
176
     1
 40
1.0
176
     1
 90
        8
176
     1
 62
   257
176
     1
 40
1.0
176
     1
 90
        1
176
     1
 90
        6
176
     1
 90
        2
176
     1
 62
     7
176
     1
 90
        3
176
     1
 90
        0
176
     1
 90
        0
176
     1
290
     0
176
     1
 90
        5
176
     1
 40
0.0
176
     1
 90
        0
176
     1
290
     0
176
     1
290
     1
176
     1
290
     1
176
     1
290
     0
176
     1
290
     0
176
     1
290
     0
176
     1
290
     0
176
     1
290
     0
176
     1
290
     0
176
     1
 90
       50
176
     1
 40
0.0
176
     1
 40
1.0
176
     1
 90
        0
176
     1
 62
    18
420
        0
176
     1
 90
       50
176
     1
 90
        3
176
     1
 62
     5
420
      255
176
     1
290
     0
176
     1
 90
       50
176
     1
 90
       50
176
     1
 90
       50
176
     1
290
     0
176
     1
 90
       50
176
     1
 62
   256
176
     0
 40
1.0
176
     0
 90
        2
176
     1
  1
strokes_ogs.tif
176
     1
290
     0
176
     1
 40
1.0
176
     1
 40
1.0
176
     1
  0
VISUALSTYLE
  5
152D
102
{ACAD_REACTORS
330
EF
102
}
330
EF
100
AcDbVisualStyle
  2
Shades of Gray
 70
    23
177
     3
291
     0
 70
    58
 90
        2
176
     1
 90
        2
176
     1
 90
        3
176
     1
 90
        0
176
     1
 40
0.6
176
     1
 40
30.0
176
     1
 62
     7
420
 16777215
176
     1
 90
        2
176
     1
 90
        2
176
     1
 62
     7
176
     1
 62
     7
176
     1
 90
        1
176
     1
 90
        1
176
     1
 40
40.0
176
     1
 90
        8
176
     1
 62
     7
176
     1
 40
1.0
176
     1
 90
        1
176
     1
 90
        6
176
     1
 90
        2
176
     1
 62
     7
176
     1
 90
        3
176
     1
 90
        0
176
     1
 90
        0
176
     1
290
     0
176
     1
 90
        1
176
     1
 40
0.0
176
     1
 90
        0
176
     1
290
     0
176
     1
290
     1
176
     1
290
     1
176
     1
290
     0
176
     1
290
     0
176
     1
290
     0
176
     1
290
     0
176
     1
290
     0
176
     1
290
     0
176
     1
 90
       50
176
     1
 40
0.0
176
     1
 40
1.0
176
     1
 90
        0
176
     1
 62
    18
420
        0
176
     1
 90
       50
176
     1
 90
        3
176
     1
 62
     5
420
      255
176
     1
290
     0
176
     1
 90
       50
176
     1
 90
       50
176
     1
 90
       50
176
     1
290
     0
176
     1
 90
       50
176
     1
 62
   256
176
     0
 40
1.0
176
     0
 90
        2
176
     1
  1
strokes_ogs.tif
176
     1
290
     0
176
     1
 40
1.0
176
     1
 40
1.0
176
     1
  0
VISUALSTYLE
  5
152E
102
{ACAD_REACTORS
330
EF
102
}
330
EF
100
AcDbVisualStyle
  2
Sketchy
 70
    24
177
     3
291
     0
 70
    58
 90
        1
176
     1
 90
        2
176
     1
 90
        2
176
     1
 90
        0
176
     1
 40
0.6
176
     1
 40
30.0
176
     1
 62
     7
420
 16777215
176
     1
 90
        2
176
     1
 90
        2
176
     1
 62
     7
176
     1
 62
     7
176
     1
 90
        1
176
     1
 90
        1
176
     1
 40
40.0
176
     1
 90
       11
176
     1
 62
     7
176
     1
 40
1.0
176
     1
 90
        1
176
     1
 90
        6
176
     1
 90
        2
176
     1
 62
     7
176
     1
 90
        6
176
     1
 90
        0
176
     1
 90
        0
176
     1
290
     0
176
     1
 90
        1
176
     1
 40
0.0
176
     1
 90
        0
176
     1
290
     0
176
     1
290
     1
176
     1
290
     1
176
     1
290
     0
176
     1
290
     0
176
     1
290
     0
176
     1
290
     0
176
     1
290
     0
176
     1
290
     0
176
     1
 90
       50
176
     1
 40
0.0
176
     1
 40
1.0
176
     1
 90
        0
176
     1
 62
    18
420
        0
176
     1
 90
       50
176
     1
 90
        3
176
     1
 62
     5
420
      255
176
     1
290
     0
176
     1
 90
       50
176
     1
 90
       50
176
     1
 90
       50
176
     1
290
     0
176
     1
 90
       50
176
     1
 62
   256
176
     0
 40
1.0
176
     0
 90
        2
176
     1
  1
strokes_ogs.tif
176
     1
290
     0
176
     1
 40
1.0
176
     1
 40
1.0
176
     1
  0
VISUALSTYLE
  5
FC
102
{ACAD_REACTORS
330
EF
102
}
330
EF
100
AcDbVisualStyle
  2
Thicken
 70
    13
177
     3
291
     1
 70
    58
 90
        2
176
     1
 90
        2
176
     1
 90
        1
176
     1
 90
        0
176
     1
 40
0.6
176
     1
 40
30.0
176
     1
 62
     7
420
 16777215
176
     1
 90
        1
176
     1
 90
        4
176
     1
 62
     7
176
     1
 62
   257
176
     1
 90
        1
176
     1
 90
        1
176
     1
 40
1.0
176
     1
 90
       12
176
     1
 62
     7
176
     1
 40
1.0
176
     1
 90
        1
176
     1
 90
        6
176
     1
 90
        2
176
     1
 62
     7
176
     1
 90
        5
176
     1
 90
        0
176
     1
 90
        0
176
     1
290
     0
176
     1
 90
        1
176
     1
 40
0.0
176
     1
 90
        0
176
     1
290
     0
176
     1
290
     1
176
     1
290
     1
176
     1
290
     0
176
     1
290
     0
176
     1
290
     0
176
     1
290
     0
176
     1
290
     0
176
     1
290
     0
176
     1
 90
       50
176
     1
 40
0.0
176
     1
 40
1.0
176
     1
 90
        0
176
     1
 62
    18
420
        0
176
     1
 90
       50
176
     1
 90
        3
176
     1
 62
     5
420
      255
176
     1
290
     0
176
     1
 90
       50
176
     1
 90
       50
176
     1
 90
       50
176
     1
290
     0
176
     1
 90
       50
176
     1
 62
   256
176
     0
 40
1.0
176
     0
 90
        2
176
     1
  1
strokes_ogs.tif
176
     1
290
     0
176
     1
 40
1.0
176
     1
 40
1.0
176
     1
  0
VISUALSTYLE
  5
152B
102
{ACAD_REACTORS
330
EF
102
}
330
EF
100
AcDbVisualStyle
  2
Wireframe
 70
     5
177
     3
291
     0
 70
    58
 90
        0
176
     1
 90
        2
176
     1
 90
        0
176
     1
 90
        0
176
     1
 40
0.6
176
     1
 40
30.0
176
     1
 62
     7
420
 16777215
176
     1
 90
        1
176
     1
 90
        4
176
     1
 62
     7
176
     1
 62
   257
176
     1
 90
        1
176
     1
 90
        1
176
     1
 40
1.0
176
     1
 90
        0
176
     1
 62
   257
176
     1
 40
1.0
176
     1
 90
        1
176
     1
 90
        6
176
     1
 90
        2
176
     1
 62
     7
176
     1
 90
        3
176
     1
 90
        0
176
     1
 90
        0
176
     1
290
     0
176
     1
 90
        1
176
     1
 40
0.0
176
     1
 90
        0
176
     1
290
     0
176
     1
290
     1
176
     1
290
     1
176
     1
290
     0
176
     1
290
     0
176
     1
290
     0
176
     1
290
     0
176
     1
290
     0
176
     1
290
     0
176
     1
 90
       50
176
     1
 40
0.0
176
     1
 40
1.0
176
     1
 90
        0
176
     1
 62
    18
420
        0
176
     1
 90
       50
176
     1
 90
        3
176
     1
 62
     5
420
      255
176
     1
290
     0
176
     1
 90
       50
176
     1
 90
       50
176
     1
 90
       50
176
     1
290
     0
176
     1
 90
       50
176
     1
 62
   256
176
     0
 40
1.0
176
     0
 90
        2
176
     1
  1
strokes_ogs.tif
176
     1
290
     0
176
     1
 40
1.0
176
     1
 40
1.0
176
     1
  0
VISUALSTYLE
  5
152F
102
{ACAD_REACTORS
330
EF
102
}
330
EF
100
AcDbVisualStyle
  2
X-Ray
 70
    25
177
     3
291
     0
 70
    58
 90
        2
176
     1
 90
        2
176
     1
 90
        1
176
     1
 90
        1
176
     1
 40
0.5
176
     1
 40
30.0
176
     1
 62
     7
420
 16777215
176
     1
 90
        1
176
     1
 90
        0
176
     1
 62
     7
176
     1
 62
   257
176
     1
 90
        1
176
     1
 90
        1
176
     1
 40
1.0
176
     1
 90
        8
176
     1
 62
     7
176
     1
 40
1.0
176
     1
 90
        1
176
     1
 90
        6
176
     1
 90
        2
176
     1
 62
     7
176
     1
 90
        3
176
     1
 90
        0
176
     1
 90
        0
176
     1
290
     0
176
     1
 90
       13
176
     1
 40
0.0
176
     1
 90
        0
176
     1
290
     0
176
     1
290
     1
176
     1
290
     1
176
     1
290
     0
176
     1
290
     0
176
     1
290
     0
176
     1
290
     0
176
     1
290
     0
176
     1
290
     0
176
     1
 90
       50
176
     1
 40
0.0
176
     1
 40
1.0
176
     1
 90
        0
176
     1
 62
    18
420
        0
176
     1
 90
       50
176
     1
 90
        3
176
     1
 62
     5
420
      255
176
     1
290
     0
176
     1
 90
       50
176
     1
 90
       50
176
     1
 90
       50
176
     1
290
     0
176
     1
 90
       50
176
     1
 62
   256
176
     0
 40
1.0
176
     0
 90
        2
176
     1
  1
strokes_ogs.tif
176
     1
290
     0
176
     1
 40
1.0
176
     1
 40
1.0
176
     1
  0
DICTIONARYVAR
  5
146
102
{ACAD_REACTORS
330
5E
102
}
330
5E
100
DictionaryVariables
280
     0
  1
1:1
  0
DICTIONARYVAR
  5
145
102
{ACAD_REACTORS
330
5E
102
}
330
5E
100
DictionaryVariables
280
     0
  1
STANDARD
  0
DICTIONARYVAR
  5
84
102
{ACAD_REACTORS
330
5E
102
}
330
5E
100
DictionaryVariables
280
     0
  1
STANDARD
  0
DICTIONARYVAR
  5
154B
102
{ACAD_REACTORS
330
5E
102
}
330
5E
100
DictionaryVariables
280
     0
  1
Metric50
  0
DICTIONARYVAR
  5
154C
102
{ACAD_REACTORS
330
5E
102
}
330
5E
100
DictionaryVariables
280
     0
  1
Metric50
  0
DICTIONARYVAR
  5
5F
102
{ACAD_REACTORS
330
5E
102
}
330
5E
100
DictionaryVariables
280
     0
  1
2
  0
DICTIONARYVAR
  5
63
102
{ACAD_REACTORS
330
5E
102
}
330
5E
100
DictionaryVariables
280
     0
  1
1
  0
DICTIONARYVAR
  5
154D
102
{ACAD_REACTORS
330
5E
102
}
330
5E
100
DictionaryVariables
280
     0
  1
1
  0
DICTIONARYVAR
  5
154E
102
{ACAD_REACTORS
330
5E
102
}
330
5E
100
DictionaryVariables
280
     0
  1
15
  0
DICTIONARY
  5
173
330
EE
100
AcDbDictionary
280
     1
281
     1
  3
BUMPTILE
360
175
  3
DIFFUSETILE
360
174
  3
OPACITYTILE
360
176
  3
REFLECTIONTILE
360
177
  0
DICTIONARY
  5
162
330
7F
100
AcDbDictionary
280
     1
281
     1
  3
ACAD_ROUNDTRIP_2008_TABLESTYLE_CELLSTYLEMAP
360
1550
  0
XRECORD
  5
175
102
{ACAD_REACTORS
330
173
102
}
330
173
100
AcDbXrecord
280
     1
270
     1
271
     1
  0
XRECORD
  5
174
102
{ACAD_REACTORS
330
173
102
}
330
173
100
AcDbXrecord
280
     1
270
     1
271
     1
  0
XRECORD
  5
176
102
{ACAD_REACTORS
330
173
102
}
330
173
100
AcDbXrecord
280
     1
270
     1
271
     1
  0
XRECORD
  5
177
102
{ACAD_REACTORS
330
173
102
}
330
173
100
AcDbXrecord
280
     1
270
     1
271
     1
  0
CELLSTYLEMAP
  5
1550
102
{ACAD_REACTORS
330
162
102
}
330
162
100
AcDbCellStyleMap
 90
        3
300
CELLSTYLE
  1
TABLEFORMAT_BEGIN
 90
        5
170
     1
 91
        0
 92
    32768
 62
   257
 93
        1
300
CONTENTFORMAT
  1
CONTENTFORMAT_BEGIN
 90
        0
 91
        0
 92
      512
 93
        0
300

 40
0.0
140
1.0
 94
        5
 62
     0
340
11
144
6.0
309
CONTENTFORMAT_END
171
     1
301
MARGIN
  1
CELLMARGIN_BEGIN
 40
1.5
 40
1.5
 40
1.5
 40
1.5
 40
4.5
 40
4.5
309
CELLMARGIN_END
 94
        6
 95
        1
302
GRIDFORMAT
  1
GRIDFORMAT_BEGIN
 90
        0
 91
        1
 62
     0
 92
       -2
340
14
 93
        0
 40
1.125
309
GRIDFORMAT_END
 95
        2
302
GRIDFORMAT
  1
GRIDFORMAT_BEGIN
 90
        0
 91
        1
 62
     0
 92
       -2
340
14
 93
        0
 40
1.125
309
GRIDFORMAT_END
 95
        4
302
GRIDFORMAT
  1
GRIDFORMAT_BEGIN
 90
        0
 91
        1
 62
     0
 92
       -2
340
14
 93
        0
 40
1.125
309
GRIDFORMAT_END
 95
        8
302
GRIDFORMAT
  1
GRIDFORMAT_BEGIN
 90
        0
 91
        1
 62
     0
 92
       -2
340
14
 93
        0
 40
1.125
309
GRIDFORMAT_END
 95
       16
302
GRIDFORMAT
  1
GRIDFORMAT_BEGIN
 90
        0
 91
        1
 62
     0
 92
       -2
340
14
 93
        0
 40
1.125
309
GRIDFORMAT_END
 95
       32
302
GRIDFORMAT
  1
GRIDFORMAT_BEGIN
 90
        0
 91
        1
 62
     0
 92
       -2
340
14
 93
        0
 40
1.125
309
GRIDFORMAT_END
309
TABLEFORMAT_END
  1
CELLSTYLE_BEGIN
 90
        1
 91
        1
300
_TITLE
309
CELLSTYLE_END
300
CELLSTYLE
  1
TABLEFORMAT_BEGIN
 90
        5
170
     1
 91
        0
 92
        0
 62
   257
 93
        1
300
CONTENTFORMAT
  1
CONTENTFORMAT_BEGIN
 90
        0
 91
        0
 92
      512
 93
        0
300

 40
0.0
140
1.0
 94
        5
 62
     0
340
11
144
4.5
309
CONTENTFORMAT_END
171
     1
301
MARGIN
  1
CELLMARGIN_BEGIN
 40
1.5
 40
1.5
 40
1.5
 40
1.5
 40
4.5
 40
4.5
309
CELLMARGIN_END
 94
        6
 95
        1
302
GRIDFORMAT
  1
GRIDFORMAT_BEGIN
 90
        0
 91
        1
 62
     0
 92
       -2
340
14
 93
        0
 40
1.125
309
GRIDFORMAT_END
 95
        2
302
GRIDFORMAT
  1
GRIDFORMAT_BEGIN
 90
        0
 91
        1
 62
     0
 92
       -2
340
14
 93
        0
 40
1.125
309
GRIDFORMAT_END
 95
        4
302
GRIDFORMAT
  1
GRIDFORMAT_BEGIN
 90
        0
 91
        1
 62
     0
 92
       -2
340
14
 93
        0
 40
1.125
309
GRIDFORMAT_END
 95
        8
302
GRIDFORMAT
  1
GRIDFORMAT_BEGIN
 90
        0
 91
        1
 62
     0
 92
       -2
340
14
 93
        0
 40
1.125
309
GRIDFORMAT_END
 95
       16
302
GRIDFORMAT
  1
GRIDFORMAT_BEGIN
 90
        0
 91
        1
 62
     0
 92
       -2
340
14
 93
        0
 40
1.125
309
GRIDFORMAT_END
 95
       32
302
GRIDFORMAT
  1
GRIDFORMAT_BEGIN
 90
        0
 91
        1
 62
     0
 92
       -2
340
14
 93
        0
 40
1.125
309
GRIDFORMAT_END
309
TABLEFORMAT_END
  1
CELLSTYLE_BEGIN
 90
        2
 91
        1
300
_HEADER
309
CELLSTYLE_END
300
CELLSTYLE
  1
TABLEFORMAT_BEGIN
 90
        5
170
     1
 91
        0
 92
        0
 62
   257
 93
        1
300
CONTENTFORMAT
  1
CONTENTFORMAT_BEGIN
 90
        0
 91
        0
 92
      512
 93
        0
300

 40
0.0
140
1.0
 94
        2
 62
     0
340
11
144
4.5
309
CONTENTFORMAT_END
171
     1
301
MARGIN
  1
CELLMARGIN_BEGIN
 40
1.5
 40
1.5
 40
1.5
 40
1.5
 40
4.5
 40
4.5
309
CELLMARGIN_END
 94
        6
 95
        1
302
GRIDFORMAT
  1
GRIDFORMAT_BEGIN
 90
        0
 91
        1
 62
     0
 92
       -2
340
14
 93
        0
 40
1.125
309
GRIDFORMAT_END
 95
        2
302
GRIDFORMAT
  1
GRIDFORMAT_BEGIN
 90
        0
 91
        1
 62
     0
 92
       -2
340
14
 93
        0
 40
1.125
309
GRIDFORMAT_END
 95
        4
302
GRIDFORMAT
  1
GRIDFORMAT_BEGIN
 90
        0
 91
        1
 62
     0
 92
       -2
340
14
 93
        0
 40
1.125
309
GRIDFORMAT_END
 95
        8
302
GRIDFORMAT
  1
GRIDFORMAT_BEGIN
 90
        0
 91
        1
 62
     0
 92
       -2
340
14
 93
        0
 40
1.125
309
GRIDFORMAT_END
 95
       16
302
GRIDFORMAT
  1
GRIDFORMAT_BEGIN
 90
        0
 91
        1
 62
     0
 92
       -2
340
14
 93
        0
 40
1.125
309
GRIDFORMAT_END
 95
       32
302
GRIDFORMAT
  1
GRIDFORMAT_BEGIN
 90
        0
 91
        1
 62
     0
 92
       -2
340
14
 93
        0
 40
1.125
309
GRIDFORMAT_END
309
TABLEFORMAT_END
  1
CELLSTYLE_BEGIN
 90
        3
 91
        2
300
_DATA
309
CELLSTYLE_END
  0
ENDSEC
  0
SECTION
  2
ACDSDATA
 70
     2
 71
     8
  0
ACDSSCHEMA
 90
        0
  1
AcDb_Thumbnail_Schema
  2
AcDbDs::ID
280
    10
 91
        8
  2
Thumbnail_Data
280
    15
 91
        0
101
ACDSRECORD
 95
        0
 90
        1
  2
AcDbDs::TreatedAsObjectData
280
     1
291
     1
101
ACDSRECORD
 95
        0
 90
        2
  2
AcDbDs::Legacy
280
     1
291
     1
101
ACDSRECORD
  1
AcDbDs::ID
 90
        3
  2
AcDs:Indexable
280
     1
291
     1
101
ACDSRECORD
  1
AcDbDs::ID
 90
        4
  2
AcDbDs::HandleAttribute
280
     7
282
     1
  0
ACDSSCHEMA
 90
        1
  1
AcDbDs::TreatedAsObjectDataSchema
  2
AcDbDs::TreatedAsObjectData
280
     1
 91
        0
  0
ACDSSCHEMA
 90
        2
  1
AcDbDs::LegacySchema
  2
AcDbDs::Legacy
280
     1
 91
        0
  0
ACDSSCHEMA
 90
        3
  1
AcDbDs::IndexedPropertySchema
  2
AcDs:Indexable
280
     1
 91
        0
  0
ACDSSCHEMA
 90
        4
  1
AcDbDs::HandleAttributeSchema
  2
AcDbDs::HandleAttribute
280
     7
 91
        1
284
     1
  0
ACDSRECORD
 90
        0
  2
AcDbDs::ID
280
    10
320
22
  2
Thumbnail_Data
280
    15
 94
     3610
310
89504E470D0A1A0A0000000D4948445200000100000000B408030000004C80028300000300504C5445212830FFFFFF2128300000000000000000000000000000000000000000000000000000330000660000990000CC0000FF0033000033330033660033990033CC0033FF0066000066330066660066990066CC0066FF0099
310
000099330099660099990099CC0099FF00CC0000CC3300CC6600CC9900CCCC00CCFF00FF0000FF3300FF6600FF9900FFCC00FFFF3300003300333300663300993300CC3300FF3333003333333333663333993333CC3333FF3366003366333366663366993366CC3366FF3399003399333399663399993399CC3399FF33CC00
310
33CC3333CC6633CC9933CCCC33CCFF33FF0033FF3333FF6633FF9933FFCC33FFFF6600006600336600666600996600CC6600FF6633006633336633666633996633CC6633FF6666006666336666666666996666CC6666FF6699006699336699666699996699CC6699FF66CC0066CC3366CC6666CC9966CCCC66CCFF66FF0066
310
FF3366FF6666FF9966FFCC66FFFF9900009900339900669900999900CC9900FF9933009933339933669933999933CC9933FF9966009966339966669966999966CC9966FF9999009999339999669999999999CC9999FF99CC0099CC3399CC6699CC9999CCCC99CCFF99FF0099FF3399FF6699FF9999FFCC99FFFFCC0000CC00
310
33CC0066CC0099CC00CCCC00FFCC3300CC3333CC3366CC3399CC33CCCC33FFCC6600CC6633CC6666CC6699CC66CCCC66FFCC9900CC9933CC9966CC9999CC99CCCC99FFCCCC00CCCC33CCCC66CCCC99CCCCCCCCCCFFCCFF00CCFF33CCFF66CCFF99CCFFCCCCFFFFFF0000FF0033FF0066FF0099FF00CCFF00FFFF3300FF3333
310
FF3366FF3399FF33CCFF33FFFF6600FF6633FF6666FF6699FF66CCFF66FFFF9900FF9933FF9966FF9999FF99CCFF99FFFFCC00FFCC33FFCC66FFCC99FFCCCCFFCCFFFFFF00FFFF33FFFF66FFFF99FFFFCCFFFFFF0000000D0D0D1A1A1A2828283535354343435050505D5D5D6B6B6B787878868686939393A1A1A1AEAEAEBB
310
BBBBC9C9C9D6D6D6E4E4E4F1F1F1FFFFFF0000000000000000000000000000000000000000000000000000000000002E4550F100000AD54944415478DAED9D4B76EB200C40B5836EA313EF24BB661B2C21EF9C4E983FDB7CCC47120263276951DB34B131866B4980C00E3CBCC02EC6ECFFF4217643D8F9E565FB0CA9189D8B
310
C99320E9B014A0AB59ED9FA3D2C4FB4D7E94DFF728047CCD43B656E2132B63CACD76D72E80ECCEB2CB84CDC47DCE49F0B964FBD7CF2ADA5A5C2A5FEB0D001400FC7B15C4987F56D0EB0966015C7E9C20999799804CA84C6C01D77DA1D44CE68FE33F03C065056ADDFACF9EA30DC0CF4F4AE05A00C130140C05B0BED60124E7
310
430058B90B8023305603FEF11AB02C1800F8F11CF6D78B4D607B711A004300243E6025CCF8805DCA6B7F004834E03B91611AB0FD8CF3012A96C209BADAEEB56600FCE01AF01D9FF17BB0134C0AAE4E0028DADC435C7DEDBF0507C0F9804B00A425754DDF3500961200A4F577003202702B00331240D65DDB2ABB03D8DFDB66
310
306D0542D31F2C627BB90100E8A8077615802593DD046A006E328118005C0760FFF53F8B4C031C008DCB6800BE21C300ACC79F0400CEE53957607B82098102001426B0E6A9AFD30006C036EC380B20F508EF05201914A100CC8D007E7C1F200088C7C19798C04B006CD68003B07F9813FC551AB079420E007000BE4702D0D7
310
0080AA13CCDA015A031813588600A83BC1F5230F2062870328FB013900C801304EF0BB12553905008908D53540AD030A0E00D613CC3500E400EC799751269001D82BD3AA01FB611C80A42364242670572B506AC05699C67E404D03D0C150CD0700E504C1AB115A555303B08753590D00D5DA15DE8FE134207682D6C5545A01
310
AE19B4CDCA0900663880357D054019CD12F703E42680D71F03D06602120DC84D80ED7A98A69E60AA015687180D6805901D813941810614CD603780EA58607186343A20C2348303426267001426F0DDDB0AA013493980AE7840144B9103A8C403680D40C602C42C1907C05000FA34A0194047446803B0398031008006D01111
310
521700C034602106431F096051D5A870EE0316EB03BE0B1FF06A000A060160E70556F5BF60388C00A83583F90209B71C407157019D1A4301903343CB35011174398242174804005806CA989300A8B9C18B0743B6F47E42CFD7845E2041F503543C3F28330164384FCD0E5F1812B3A58FE60555DFBC80B2C78A01287C7A3C5E
310
21B1D2F83800720DC0F7FCF0AD80BEC404860070470B01D07B893542574F8E46006CF13B3500C23A0B232D5DE905563DFFF1ABC66400F46E1FBAEF84C7EA866834D0BD44260A3543B768FFDB0400BA0120ECBAC2E2698841F5D75F1F011521005D0BC130A290A848DFDC601A0B3A01C05D513F6741010897EE38A01B407E78
310
A101701F00BB6A545A25ED8FD0426F5874D41416C3CB35001A3440C34900FB25D552A7E61C86283D07C0A43364FD3E40295B927E131044557BD2F100D219C2134E706F063704EAA6FAB7A42401AC05361C00B909F8EE84D6EAAEFAF7BB3F0F60BF5EE694060406EA74478808D70F48C87684E24592880F80FB011435D3E8F5
310
3E5BFD080090008441D1D100B2DA6964E3F9EAA31AD019131C0F20AEA16FE9A3167F44F5070150070037AA1804E030AEA873A46B43CA1E007BD1DD06D50AE070A15164898DB9955209D33D3771FF75FBE1CC11684850F5CC0D369CA0BD063ABEE8C84D536301504ED08E09CAA870ED04701E40D243BF5C0322007154D87588
310
4A0DD8D5F369ECABB1EF7D069BBE82DD6B1384771D2600C114CE03D0FD1A800280F5677F05FB3E6AB60DD8BD364178473BF30DD9F169AF70A601CF2441E9722B0DC496A1E6FA913800D723940108AD560500565404808A8AA5F63346E99F4883C022D889EAB1007249016009E8626E5738BABE4FEB977DB1D40E204184B688
310
0C02AB524C1C890240B4024F5B43B0F572FA7034D9D674C1ED03F0AA420E63501350B675B621E7A4FE04006694E46C4AD325C00100A501288023B24902A0F81B78A61738BF5D38A9FE13889B88A10A40430B00B21F4069B88F6DD3264058A0B194BC2000D28C5000BA3E31A1DB00903EC0F00375760A43E33E0083756494C3
310
6C548003008CD1804AA79C07A0C9B90A794608807A2BD056E42E0D900008E1B8A432644678EFA7CCA0DE0FE800708906E0E53F0D006E05404CF61FB9D512643D33E4FAF97E0005208E18BD0000D4004013005558B0F273B6A8BBD7DB48FEA500466840D43555B91373F11ADB11CA9EBC10662243D7F3433520EA3BAB5033A5
310
68002AE2A4E29EED8B34A0B82F28D7003A8539FAE6C9CCB2F6913A0480DDA4E3E99D7C4EFDC656E0B821246CC60084C728EC093000E9C46A0A0062007E314E3213A95F0B20A9530F8060F7DE0414A501EA009020D3F03A00FEBE28124074F72009209DAE3B56EEB898AD1B0DEEE1DBB02F359A970180C4D12D2580B4FE0B0A
310
207C760F740ACB17FD7F38DE464B1BF30539C3014866879D0FF01777C901B8C7A71C8F525938006420531C53BD1940E2D817405B81A3D6542B9044817C68218EA10957C6350230D8ED573D00DCE5F52D02DA0C4254FF9B006043830280E101800C0044B747A3FD00100320A4174045034C0D80D004D2FA910044261007CFFC
310
DF651A500700720DB80480B5824E1F80DF4B3ADA094262020800801799C07DCDE0A1015933E09B411003E88DAC24D9312DA5FBC424C8CE64406E02409800E4093E09000C00B0FC62008386C39CF8E70EBC29802CDE91053FCA80489E4000009A017C5C486CB4067C5C48EC8F6B40E61650A74100C01677BF22265803B0D42F
310
19164F491FBE42CF8BBDD6040080055049C001F0C1843F0BC03F82E8EF01580E0D7011B5376E058A301F0E804A7074A612AFEFC70E3EA8FAEE0016A8002013F8B86AD90A240D42E9ECD17EDCA76A4036AF12C7D0E043009CF10184062C118CDF0E20F5014998F92F6880577C3980376C0546368389093837F0DE638185FE12
310
130809D227D9AB5C8317ACFE10A6951A00C44F06C14E57FBDE95A6A7C8C4E157EE3B75A0FC2E9CEC79568506409F0954CE96264D8A7C54C65758FA1419772FF7D79ADFFE0BC5036B13DE851F1B0A205F32985F5FA5952F0F59E45C03C8A7C8C45777CB0D76963637BB43D56E233D391C6EF701A14454914BA17D400660D724
310
FB5A07F0E44A9C05D17A003C450090229F02100CEA00E0B7E4F58F96FA0E0E8965AB8C2387B41525075014B9CC500A20DD7000B01A5602D85F2E0889B97B5810A3D88A9200C08ADC0B20970800AE012004D0E8039EC6B18DDD22AE017891BB00302EE70BBE48002002B0BF346940EC03E22500090099F0EB038400E0950062
310
D92E462300FE2B36AED78010196905F04401746800BB3E400480F20192562004527A5A8172C0D805C09C07809900C89AC1A51F00722F49D20ADC0700350179D7AD19001A34E8778270D2072879892F07202A51574F9003C00B333E4DBF1A149864D95785F0720E403A1C9600A8487199E2DE29E0008A64C063CC440CA0FEAD
310
B302004AAE0176CC1E8F50815E1B9B2483160D50ED1A407EEBEC58B17DD178848AF6CF9164839EA9223001B801403442E500C4C92E067097849A1DC6CD02887CC06F02501DA24AB77D22002D19A26A61BA0960CA942953AE96C7F9148F61A7BABB4413C0043001A469D1C95524457A2BD3038BE96053B4483A662E5F56A27A
310
919B60F9A045AD40C001006A8E1A4F9613284B04A74B24D6004F80E40D82D3191900030200EE39C96C89602000A1C20D3101F32626F0389D421A6513A6BBB14480450D7F89CC667002782700D64D3D64B758BE1D800112CD8CBCC908EF6600AE3BF3770144D362EF07E01E15B839C831FB018F37F3016F17E69A0026800960
310
CA942953A64C993265CA942953A64C993265CA942953A64C993265CA9429BF59FE0329E9CEF5E866267D0000000049454E44AE426082
  0
ENDSEC
  0
EOF
